Location,Industry Group,Description,Value
Amber Valley,Advertising and marketing,7021 – Public relations and communication activities,5
Amber Valley,Advertising and marketing,7311 – Advertising agencies,10
Amber Valley,Advertising and marketing,7312 – Media representation,5
Amber Valley,Architecture,7111 – Architectural activities,20
Amber Valley,Crafts,3212 – Manufacture of jewellery and related articles,0
Amber Valley,Design and designer fashion,7410 – Specialised design activities,30
Amber Valley,"Film, TV, video, radio and photography","5911 – Motion picture, video and television programme production activities",10
Amber Valley,"Film, TV, video, radio and photography","5912 – Motion picture, video and television programme post-production activities",5
Amber Valley,"Film, TV, video, radio and photography","5913 – Motion picture, video and television programme distribution activities",0
Amber Valley,"Film, TV, video, radio and photography",5914 – Motion picture projection activities,0
Amber Valley,"Film, TV, video, radio and photography",6010 – Radio broadcasting,0
Amber Valley,"Film, TV, video, radio and photography",6020 – Television programming and broadcasting activities,5
Amber Valley,"Film, TV, video, radio and photography",7420 – Photographic activities,10
Amber Valley,"IT, software and computer services",5821 – Publishing of computer games,0
Amber Valley,"IT, software and computer services",5829 – Other software publishing,5
Amber Valley,"IT, software and computer services",6201 – Computer programming activities,30
Amber Valley,"IT, software and computer services",6202 – Computer consultancy activities,70
Amber Valley,"Music, performing and visual arts",5920 – Sound recording and music publishing activities,5
Amber Valley,"Music, performing and visual arts",8552 – Cultural education,5
Amber Valley,"Music, performing and visual arts",9001 – Performing arts,10
Amber Valley,"Music, performing and visual arts",9002 – Support activities to performing arts,5
Amber Valley,"Music, performing and visual arts",9003 – Artistic creation,15
Amber Valley,"Music, performing and visual arts",9004 – Operation of arts facilities,0
Amber Valley,Publishing,5811 – Book publishing,0
Amber Valley,Publishing,5812 – Publishing of directories and mailing lists,0
Amber Valley,Publishing,5813 – Publishing of newspapers,0
Amber Valley,Publishing,5814 – Publishing of journals and periodicals,5
Amber Valley,Publishing,5819 – Other publishing activities,5
Amber Valley,Publishing,7430 – Translation and interpretation activities,0
Ashfield,Advertising and marketing,7021 – Public relations and communication activities,0
Ashfield,Advertising and marketing,7311 – Advertising agencies,5
Ashfield,Advertising and marketing,7312 – Media representation,0
Ashfield,Architecture,7111 – Architectural activities,5
Ashfield,Crafts,3212 – Manufacture of jewellery and related articles,0
Ashfield,Design and designer fashion,7410 – Specialised design activities,15
Ashfield,"Film, TV, video, radio and photography","5911 – Motion picture, video and television programme production activities",10
Ashfield,"Film, TV, video, radio and photography","5912 – Motion picture, video and television programme post-production activities",0
Ashfield,"Film, TV, video, radio and photography","5913 – Motion picture, video and television programme distribution activities",0
Ashfield,"Film, TV, video, radio and photography",5914 – Motion picture projection activities,0
Ashfield,"Film, TV, video, radio and photography",6010 – Radio broadcasting,0
Ashfield,"Film, TV, video, radio and photography",6020 – Television programming and broadcasting activities,5
Ashfield,"Film, TV, video, radio and photography",7420 – Photographic activities,5
Ashfield,"IT, software and computer services",5821 – Publishing of computer games,0
Ashfield,"IT, software and computer services",5829 – Other software publishing,0
Ashfield,"IT, software and computer services",6201 – Computer programming activities,30
Ashfield,"IT, software and computer services",6202 – Computer consultancy activities,50
Ashfield,"Music, performing and visual arts",5920 – Sound recording and music publishing activities,0
Ashfield,"Music, performing and visual arts",8552 – Cultural education,0
Ashfield,"Music, performing and visual arts",9001 – Performing arts,0
Ashfield,"Music, performing and visual arts",9002 – Support activities to performing arts,0
Ashfield,"Music, performing and visual arts",9003 – Artistic creation,5
Ashfield,"Music, performing and visual arts",9004 – Operation of arts facilities,0
Ashfield,Publishing,5811 – Book publishing,0
Ashfield,Publishing,5812 – Publishing of directories and mailing lists,0
Ashfield,Publishing,5813 – Publishing of newspapers,0
Ashfield,Publishing,5814 – Publishing of journals and periodicals,0
Ashfield,Publishing,5819 – Other publishing activities,0
Ashfield,Publishing,7430 – Translation and interpretation activities,0
Bassetlaw,Advertising and marketing,7021 – Public relations and communication activities,0
Bassetlaw,Advertising and marketing,7311 – Advertising agencies,15
Bassetlaw,Advertising and marketing,7312 – Media representation,0
Bassetlaw,Architecture,7111 – Architectural activities,15
Bassetlaw,Crafts,3212 – Manufacture of jewellery and related articles,0
Bassetlaw,Design and designer fashion,7410 – Specialised design activities,20
Bassetlaw,"Film, TV, video, radio and photography","5911 – Motion picture, video and television programme production activities",10
Bassetlaw,"Film, TV, video, radio and photography","5912 – Motion picture, video and television programme post-production activities",0
Bassetlaw,"Film, TV, video, radio and photography","5913 – Motion picture, video and television programme distribution activities",0
Bassetlaw,"Film, TV, video, radio and photography",5914 – Motion picture projection activities,0
Bassetlaw,"Film, TV, video, radio and photography",6010 – Radio broadcasting,0
Bassetlaw,"Film, TV, video, radio and photography",6020 – Television programming and broadcasting activities,5
Bassetlaw,"Film, TV, video, radio and photography",7420 – Photographic activities,5
Bassetlaw,"IT, software and computer services",5821 – Publishing of computer games,0
Bassetlaw,"IT, software and computer services",5829 – Other software publishing,5
Bassetlaw,"IT, software and computer services",6201 – Computer programming activities,10
Bassetlaw,"IT, software and computer services",6202 – Computer consultancy activities,80
Bassetlaw,"Music, performing and visual arts",5920 – Sound recording and music publishing activities,5
Bassetlaw,"Music, performing and visual arts",8552 – Cultural education,0
Bassetlaw,"Music, performing and visual arts",9001 – Performing arts,10
Bassetlaw,"Music, performing and visual arts",9002 – Support activities to performing arts,5
Bassetlaw,"Music, performing and visual arts",9003 – Artistic creation,5
Bassetlaw,"Music, performing and visual arts",9004 – Operation of arts facilities,0
Bassetlaw,Publishing,5811 – Book publishing,0
Bassetlaw,Publishing,5812 – Publishing of directories and mailing lists,0
Bassetlaw,Publishing,5813 – Publishing of newspapers,0
Bassetlaw,Publishing,5814 – Publishing of journals and periodicals,0
Bassetlaw,Publishing,5819 – Other publishing activities,5
Bassetlaw,Publishing,7430 – Translation and interpretation activities,5
Blaby,Advertising and marketing,7021 – Public relations and communication activities,5
Blaby,Advertising and marketing,7311 – Advertising agencies,20
Blaby,Advertising and marketing,7312 – Media representation,5
Blaby,Architecture,7111 – Architectural activities,20
Blaby,Crafts,3212 – Manufacture of jewellery and related articles,0
Blaby,Design and designer fashion,7410 – Specialised design activities,45
Blaby,"Film, TV, video, radio and photography","5911 – Motion picture, video and television programme production activities",5
Blaby,"Film, TV, video, radio and photography","5912 – Motion picture, video and television programme post-production activities",5
Blaby,"Film, TV, video, radio and photography","5913 – Motion picture, video and television programme distribution activities",0
Blaby,"Film, TV, video, radio and photography",5914 – Motion picture projection activities,0
Blaby,"Film, TV, video, radio and photography",6010 – Radio broadcasting,0
Blaby,"Film, TV, video, radio and photography",6020 – Television programming and broadcasting activities,0
Blaby,"Film, TV, video, radio and photography",7420 – Photographic activities,5
Blaby,"IT, software and computer services",5821 – Publishing of computer games,0
Blaby,"IT, software and computer services",5829 – Other software publishing,0
Blaby,"IT, software and computer services",6201 – Computer programming activities,35
Blaby,"IT, software and computer services",6202 – Computer consultancy activities,75
Blaby,"Music, performing and visual arts",5920 – Sound recording and music publishing activities,0
Blaby,"Music, performing and visual arts",8552 – Cultural education,5
Blaby,"Music, performing and visual arts",9001 – Performing arts,10
Blaby,"Music, performing and visual arts",9002 – Support activities to performing arts,0
Blaby,"Music, performing and visual arts",9003 – Artistic creation,10
Blaby,"Music, performing and visual arts",9004 – Operation of arts facilities,0
Blaby,Publishing,5811 – Book publishing,5
Blaby,Publishing,5812 – Publishing of directories and mailing lists,0
Blaby,Publishing,5813 – Publishing of newspapers,0
Blaby,Publishing,5814 – Publishing of journals and periodicals,0
Blaby,Publishing,5819 – Other publishing activities,5
Blaby,Publishing,7430 – Translation and interpretation activities,5
Bolsover,Advertising and marketing,7021 – Public relations and communication activities,0
Bolsover,Advertising and marketing,7311 – Advertising agencies,5
Bolsover,Advertising and marketing,7312 – Media representation,0
Bolsover,Architecture,7111 – Architectural activities,10
Bolsover,Crafts,3212 – Manufacture of jewellery and related articles,0
Bolsover,Design and designer fashion,7410 – Specialised design activities,10
Bolsover,"Film, TV, video, radio and photography","5911 – Motion picture, video and television programme production activities",5
Bolsover,"Film, TV, video, radio and photography","5912 – Motion picture, video and television programme post-production activities",0
Bolsover,"Film, TV, video, radio and photography","5913 – Motion picture, video and television programme distribution activities",0
Bolsover,"Film, TV, video, radio and photography",5914 – Motion picture projection activities,0
Bolsover,"Film, TV, video, radio and photography",6010 – Radio broadcasting,0
Bolsover,"Film, TV, video, radio and photography",6020 – Television programming and broadcasting activities,0
Bolsover,"Film, TV, video, radio and photography",7420 – Photographic activities,5
Bolsover,"IT, software and computer services",5821 – Publishing of computer games,0
Bolsover,"IT, software and computer services",5829 – Other software publishing,0
Bolsover,"IT, software and computer services",6201 – Computer programming activities,15
Bolsover,"IT, software and computer services",6202 – Computer consultancy activities,30
Bolsover,"Music, performing and visual arts",5920 – Sound recording and music publishing activities,0
Bolsover,"Music, performing and visual arts",8552 – Cultural education,0
Bolsover,"Music, performing and visual arts",9001 – Performing arts,5
Bolsover,"Music, performing and visual arts",9002 – Support activities to performing arts,0
Bolsover,"Music, performing and visual arts",9003 – Artistic creation,0
Bolsover,"Music, performing and visual arts",9004 – Operation of arts facilities,0
Bolsover,Publishing,5811 – Book publishing,0
Bolsover,Publishing,5812 – Publishing of directories and mailing lists,0
Bolsover,Publishing,5813 – Publishing of newspapers,0
Bolsover,Publishing,5814 – Publishing of journals and periodicals,0
Bolsover,Publishing,5819 – Other publishing activities,0
Bolsover,Publishing,7430 – Translation and interpretation activities,0
Boston,Advertising and marketing,7021 – Public relations and communication activities,0
Boston,Advertising and marketing,7311 – Advertising agencies,5
Boston,Advertising and marketing,7312 – Media representation,0
Boston,Architecture,7111 – Architectural activities,0
Boston,Crafts,3212 – Manufacture of jewellery and related articles,0
Boston,Design and designer fashion,7410 – Specialised design activities,5
Boston,"Film, TV, video, radio and photography","5911 – Motion picture, video and television programme production activities",0
Boston,"Film, TV, video, radio and photography","5912 – Motion picture, video and television programme post-production activities",0
Boston,"Film, TV, video, radio and photography","5913 – Motion picture, video and television programme distribution activities",0
Boston,"Film, TV, video, radio and photography",5914 – Motion picture projection activities,0
Boston,"Film, TV, video, radio and photography",6010 – Radio broadcasting,0
Boston,"Film, TV, video, radio and photography",6020 – Television programming and broadcasting activities,0
Boston,"Film, TV, video, radio and photography",7420 – Photographic activities,0
Boston,"IT, software and computer services",5821 – Publishing of computer games,0
Boston,"IT, software and computer services",5829 – Other software publishing,0
Boston,"IT, software and computer services",6201 – Computer programming activities,0
Boston,"IT, software and computer services",6202 – Computer consultancy activities,15
Boston,"Music, performing and visual arts",5920 – Sound recording and music publishing activities,0
Boston,"Music, performing and visual arts",8552 – Cultural education,0
Boston,"Music, performing and visual arts",9001 – Performing arts,0
Boston,"Music, performing and visual arts",9002 – Support activities to performing arts,0
Boston,"Music, performing and visual arts",9003 – Artistic creation,5
Boston,"Music, performing and visual arts",9004 – Operation of arts facilities,0
Boston,Publishing,5811 – Book publishing,0
Boston,Publishing,5812 – Publishing of directories and mailing lists,0
Boston,Publishing,5813 – Publishing of newspapers,0
Boston,Publishing,5814 – Publishing of journals and periodicals,0
Boston,Publishing,5819 – Other publishing activities,0
Boston,Publishing,7430 – Translation and interpretation activities,0
Broxtowe,Advertising and marketing,7021 – Public relations and communication activities,5
Broxtowe,Advertising and marketing,7311 – Advertising agencies,15
Broxtowe,Advertising and marketing,7312 – Media representation,5
Broxtowe,Architecture,7111 – Architectural activities,15
Broxtowe,Crafts,3212 – Manufacture of jewellery and related articles,0
Broxtowe,Design and designer fashion,7410 – Specialised design activities,20
Broxtowe,"Film, TV, video, radio and photography","5911 – Motion picture, video and television programme production activities",20
Broxtowe,"Film, TV, video, radio and photography","5912 – Motion picture, video and television programme post-production activities",0
Broxtowe,"Film, TV, video, radio and photography","5913 – Motion picture, video and television programme distribution activities",0
Broxtowe,"Film, TV, video, radio and photography",5914 – Motion picture projection activities,0
Broxtowe,"Film, TV, video, radio and photography",6010 – Radio broadcasting,0
Broxtowe,"Film, TV, video, radio and photography",6020 – Television programming and broadcasting activities,0
Broxtowe,"Film, TV, video, radio and photography",7420 – Photographic activities,10
Broxtowe,"IT, software and computer services",5821 – Publishing of computer games,0
Broxtowe,"IT, software and computer services",5829 – Other software publishing,5
Broxtowe,"IT, software and computer services",6201 – Computer programming activities,30
Broxtowe,"IT, software and computer services",6202 – Computer consultancy activities,95
Broxtowe,"Music, performing and visual arts",5920 – Sound recording and music publishing activities,0
Broxtowe,"Music, performing and visual arts",8552 – Cultural education,5
Broxtowe,"Music, performing and visual arts",9001 – Performing arts,10
Broxtowe,"Music, performing and visual arts",9002 – Support activities to performing arts,5
Broxtowe,"Music, performing and visual arts",9003 – Artistic creation,10
Broxtowe,"Music, performing and visual arts",9004 – Operation of arts facilities,0
Broxtowe,Publishing,5811 – Book publishing,0
Broxtowe,Publishing,5812 – Publishing of directories and mailing lists,0
Broxtowe,Publishing,5813 – Publishing of newspapers,0
Broxtowe,Publishing,5814 – Publishing of journals and periodicals,0
Broxtowe,Publishing,5819 – Other publishing activities,0
Broxtowe,Publishing,7430 – Translation and interpretation activities,5
Charnwood,Advertising and marketing,7021 – Public relations and communication activities,5
Charnwood,Advertising and marketing,7311 – Advertising agencies,35
Charnwood,Advertising and marketing,7312 – Media representation,5
Charnwood,Architecture,7111 – Architectural activities,25
Charnwood,Crafts,3212 – Manufacture of jewellery and related articles,0
Charnwood,Design and designer fashion,7410 – Specialised design activities,60
Charnwood,"Film, TV, video, radio and photography","5911 – Motion picture, video and television programme production activities",25
Charnwood,"Film, TV, video, radio and photography","5912 – Motion picture, video and television programme post-production activities",0
Charnwood,"Film, TV, video, radio and photography","5913 – Motion picture, video and television programme distribution activities",5
Charnwood,"Film, TV, video, radio and photography",5914 – Motion picture projection activities,0
Charnwood,"Film, TV, video, radio and photography",6010 – Radio broadcasting,0
Charnwood,"Film, TV, video, radio and photography",6020 – Television programming and broadcasting activities,0
Charnwood,"Film, TV, video, radio and photography",7420 – Photographic activities,15
Charnwood,"IT, software and computer services",5821 – Publishing of computer games,0
Charnwood,"IT, software and computer services",5829 – Other software publishing,10
Charnwood,"IT, software and computer services",6201 – Computer programming activities,65
Charnwood,"IT, software and computer services",6202 – Computer consultancy activities,145
Charnwood,"Music, performing and visual arts",5920 – Sound recording and music publishing activities,5
Charnwood,"Music, performing and visual arts",8552 – Cultural education,5
Charnwood,"Music, performing and visual arts",9001 – Performing arts,5
Charnwood,"Music, performing and visual arts",9002 – Support activities to performing arts,5
Charnwood,"Music, performing and visual arts",9003 – Artistic creation,10
Charnwood,"Music, performing and visual arts",9004 – Operation of arts facilities,0
Charnwood,Publishing,5811 – Book publishing,5
Charnwood,Publishing,5812 – Publishing of directories and mailing lists,0
Charnwood,Publishing,5813 – Publishing of newspapers,0
Charnwood,Publishing,5814 – Publishing of journals and periodicals,5
Charnwood,Publishing,5819 – Other publishing activities,5
Charnwood,Publishing,7430 – Translation and interpretation activities,5
Chesterfield,Advertising and marketing,7021 – Public relations and communication activities,5
Chesterfield,Advertising and marketing,7311 – Advertising agencies,10
Chesterfield,Advertising and marketing,7312 – Media representation,5
Chesterfield,Architecture,7111 – Architectural activities,20
Chesterfield,Crafts,3212 – Manufacture of jewellery and related articles,0
Chesterfield,Design and designer fashion,7410 – Specialised design activities,20
Chesterfield,"Film, TV, video, radio and photography","5911 – Motion picture, video and television programme production activities",0
Chesterfield,"Film, TV, video, radio and photography","5912 – Motion picture, video and television programme post-production activities",0
Chesterfield,"Film, TV, video, radio and photography","5913 – Motion picture, video and television programme distribution activities",0
Chesterfield,"Film, TV, video, radio and photography",5914 – Motion picture projection activities,0
Chesterfield,"Film, TV, video, radio and photography",6010 – Radio broadcasting,0
Chesterfield,"Film, TV, video, radio and photography",6020 – Television programming and broadcasting activities,0
Chesterfield,"Film, TV, video, radio and photography",7420 – Photographic activities,5
Chesterfield,"IT, software and computer services",5821 – Publishing of computer games,0
Chesterfield,"IT, software and computer services",5829 – Other software publishing,0
Chesterfield,"IT, software and computer services",6201 – Computer programming activities,25
Chesterfield,"IT, software and computer services",6202 – Computer consultancy activities,70
Chesterfield,"Music, performing and visual arts",5920 – Sound recording and music publishing activities,5
Chesterfield,"Music, performing and visual arts",8552 – Cultural education,5
Chesterfield,"Music, performing and visual arts",9001 – Performing arts,5
Chesterfield,"Music, performing and visual arts",9002 – Support activities to performing arts,0
Chesterfield,"Music, performing and visual arts",9003 – Artistic creation,5
Chesterfield,"Music, performing and visual arts",9004 – Operation of arts facilities,0
Chesterfield,Publishing,5811 – Book publishing,0
Chesterfield,Publishing,5812 – Publishing of directories and mailing lists,0
Chesterfield,Publishing,5813 – Publishing of newspapers,0
Chesterfield,Publishing,5814 – Publishing of journals and periodicals,0
Chesterfield,Publishing,5819 – Other publishing activities,5
Chesterfield,Publishing,7430 – Translation and interpretation activities,0
Derby,Advertising and marketing,7021 – Public relations and communication activities,15
Derby,Advertising and marketing,7311 – Advertising agencies,35
Derby,Advertising and marketing,7312 – Media representation,5
Derby,Architecture,7111 – Architectural activities,35
Derby,Crafts,3212 – Manufacture of jewellery and related articles,5
Derby,Design and designer fashion,7410 – Specialised design activities,50
Derby,"Film, TV, video, radio and photography","5911 – Motion picture, video and television programme production activities",25
Derby,"Film, TV, video, radio and photography","5912 – Motion picture, video and television programme post-production activities",5
Derby,"Film, TV, video, radio and photography","5913 – Motion picture, video and television programme distribution activities",5
Derby,"Film, TV, video, radio and photography",5914 – Motion picture projection activities,0
Derby,"Film, TV, video, radio and photography",6010 – Radio broadcasting,0
Derby,"Film, TV, video, radio and photography",6020 – Television programming and broadcasting activities,5
Derby,"Film, TV, video, radio and photography",7420 – Photographic activities,20
Derby,"IT, software and computer services",5821 – Publishing of computer games,5
Derby,"IT, software and computer services",5829 – Other software publishing,5
Derby,"IT, software and computer services",6201 – Computer programming activities,80
Derby,"IT, software and computer services",6202 – Computer consultancy activities,185
Derby,"Music, performing and visual arts",5920 – Sound recording and music publishing activities,5
Derby,"Music, performing and visual arts",8552 – Cultural education,10
Derby,"Music, performing and visual arts",9001 – Performing arts,20
Derby,"Music, performing and visual arts",9002 – Support activities to performing arts,5
Derby,"Music, performing and visual arts",9003 – Artistic creation,20
Derby,"Music, performing and visual arts",9004 – Operation of arts facilities,5
Derby,Publishing,5811 – Book publishing,5
Derby,Publishing,5812 – Publishing of directories and mailing lists,0
Derby,Publishing,5813 – Publishing of newspapers,0
Derby,Publishing,5814 – Publishing of journals and periodicals,5
Derby,Publishing,5819 – Other publishing activities,10
Derby,Publishing,7430 – Translation and interpretation activities,5
Derbyshire Dales,Advertising and marketing,7021 – Public relations and communication activities,5
Derbyshire Dales,Advertising and marketing,7311 – Advertising agencies,10
Derbyshire Dales,Advertising and marketing,7312 – Media representation,5
Derbyshire Dales,Architecture,7111 – Architectural activities,35
Derbyshire Dales,Crafts,3212 – Manufacture of jewellery and related articles,5
Derbyshire Dales,Design and designer fashion,7410 – Specialised design activities,25
Derbyshire Dales,"Film, TV, video, radio and photography","5911 – Motion picture, video and television programme production activities",15
Derbyshire Dales,"Film, TV, video, radio and photography","5912 – Motion picture, video and television programme post-production activities",5
Derbyshire Dales,"Film, TV, video, radio and photography","5913 – Motion picture, video and television programme distribution activities",0
Derbyshire Dales,"Film, TV, video, radio and photography",5914 – Motion picture projection activities,0
Derbyshire Dales,"Film, TV, video, radio and photography",6010 – Radio broadcasting,0
Derbyshire Dales,"Film, TV, video, radio and photography",6020 – Television programming and broadcasting activities,0
Derbyshire Dales,"Film, TV, video, radio and photography",7420 – Photographic activities,5
Derbyshire Dales,"IT, software and computer services",5821 – Publishing of computer games,0
Derbyshire Dales,"IT, software and computer services",5829 – Other software publishing,5
Derbyshire Dales,"IT, software and computer services",6201 – Computer programming activities,25
Derbyshire Dales,"IT, software and computer services",6202 – Computer consultancy activities,70
Derbyshire Dales,"Music, performing and visual arts",5920 – Sound recording and music publishing activities,0
Derbyshire Dales,"Music, performing and visual arts",8552 – Cultural education,0
Derbyshire Dales,"Music, performing and visual arts",9001 – Performing arts,5
Derbyshire Dales,"Music, performing and visual arts",9002 – Support activities to performing arts,5
Derbyshire Dales,"Music, performing and visual arts",9003 – Artistic creation,20
Derbyshire Dales,"Music, performing and visual arts",9004 – Operation of arts facilities,0
Derbyshire Dales,Publishing,5811 – Book publishing,0
Derbyshire Dales,Publishing,5812 – Publishing of directories and mailing lists,0
Derbyshire Dales,Publishing,5813 – Publishing of newspapers,0
Derbyshire Dales,Publishing,5814 – Publishing of journals and periodicals,0
Derbyshire Dales,Publishing,5819 – Other publishing activities,5
Derbyshire Dales,Publishing,7430 – Translation and interpretation activities,0
East Lindsey,Advertising and marketing,7021 – Public relations and communication activities,0
East Lindsey,Advertising and marketing,7311 – Advertising agencies,25
East Lindsey,Advertising and marketing,7312 – Media representation,0
East Lindsey,Architecture,7111 – Architectural activities,20
East Lindsey,Crafts,3212 – Manufacture of jewellery and related articles,5
East Lindsey,Design and designer fashion,7410 – Specialised design activities,15
East Lindsey,"Film, TV, video, radio and photography","5911 – Motion picture, video and television programme production activities",5
East Lindsey,"Film, TV, video, radio and photography","5912 – Motion picture, video and television programme post-production activities",0
East Lindsey,"Film, TV, video, radio and photography","5913 – Motion picture, video and television programme distribution activities",0
East Lindsey,"Film, TV, video, radio and photography",5914 – Motion picture projection activities,0
East Lindsey,"Film, TV, video, radio and photography",6010 – Radio broadcasting,0
East Lindsey,"Film, TV, video, radio and photography",6020 – Television programming and broadcasting activities,0
East Lindsey,"Film, TV, video, radio and photography",7420 – Photographic activities,10
East Lindsey,"IT, software and computer services",5821 – Publishing of computer games,0
East Lindsey,"IT, software and computer services",5829 – Other software publishing,0
East Lindsey,"IT, software and computer services",6201 – Computer programming activities,20
East Lindsey,"IT, software and computer services",6202 – Computer consultancy activities,50
East Lindsey,"Music, performing and visual arts",5920 – Sound recording and music publishing activities,5
East Lindsey,"Music, performing and visual arts",8552 – Cultural education,5
East Lindsey,"Music, performing and visual arts",9001 – Performing arts,5
East Lindsey,"Music, performing and visual arts",9002 – Support activities to performing arts,5
East Lindsey,"Music, performing and visual arts",9003 – Artistic creation,10
East Lindsey,"Music, performing and visual arts",9004 – Operation of arts facilities,0
East Lindsey,Publishing,5811 – Book publishing,5
East Lindsey,Publishing,5812 – Publishing of directories and mailing lists,0
East Lindsey,Publishing,5813 – Publishing of newspapers,0
East Lindsey,Publishing,5814 – Publishing of journals and periodicals,0
East Lindsey,Publishing,5819 – Other publishing activities,5
East Lindsey,Publishing,7430 – Translation and interpretation activities,0
Erewash,Advertising and marketing,7021 – Public relations and communication activities,0
Erewash,Advertising and marketing,7311 – Advertising agencies,15
Erewash,Advertising and marketing,7312 – Media representation,5
Erewash,Architecture,7111 – Architectural activities,20
Erewash,Crafts,3212 – Manufacture of jewellery and related articles,0
Erewash,Design and designer fashion,7410 – Specialised design activities,20
Erewash,"Film, TV, video, radio and photography","5911 – Motion picture, video and television programme production activities",15
Erewash,"Film, TV, video, radio and photography","5912 – Motion picture, video and television programme post-production activities",0
Erewash,"Film, TV, video, radio and photography","5913 – Motion picture, video and television programme distribution activities",0
Erewash,"Film, TV, video, radio and photography",5914 – Motion picture projection activities,0
Erewash,"Film, TV, video, radio and photography",6010 – Radio broadcasting,0
Erewash,"Film, TV, video, radio and photography",6020 – Television programming and broadcasting activities,5
Erewash,"Film, TV, video, radio and photography",7420 – Photographic activities,10
Erewash,"IT, software and computer services",5821 – Publishing of computer games,0
Erewash,"IT, software and computer services",5829 – Other software publishing,0
Erewash,"IT, software and computer services",6201 – Computer programming activities,25
Erewash,"IT, software and computer services",6202 – Computer consultancy activities,80
Erewash,"Music, performing and visual arts",5920 – Sound recording and music publishing activities,0
Erewash,"Music, performing and visual arts",8552 – Cultural education,5
Erewash,"Music, performing and visual arts",9001 – Performing arts,10
Erewash,"Music, performing and visual arts",9002 – Support activities to performing arts,5
Erewash,"Music, performing and visual arts",9003 – Artistic creation,5
Erewash,"Music, performing and visual arts",9004 – Operation of arts facilities,0
Erewash,Publishing,5811 – Book publishing,5
Erewash,Publishing,5812 – Publishing of directories and mailing lists,0
Erewash,Publishing,5813 – Publishing of newspapers,0
Erewash,Publishing,5814 – Publishing of journals and periodicals,0
Erewash,Publishing,5819 – Other publishing activities,0
Erewash,Publishing,7430 – Translation and interpretation activities,0
Gedling,Advertising and marketing,7021 – Public relations and communication activities,0
Gedling,Advertising and marketing,7311 – Advertising agencies,15
Gedling,Advertising and marketing,7312 – Media representation,5
Gedling,Architecture,7111 – Architectural activities,20
Gedling,Crafts,3212 – Manufacture of jewellery and related articles,0
Gedling,Design and designer fashion,7410 – Specialised design activities,20
Gedling,"Film, TV, video, radio and photography","5911 – Motion picture, video and television programme production activities",10
Gedling,"Film, TV, video, radio and photography","5912 – Motion picture, video and television programme post-production activities",0
Gedling,"Film, TV, video, radio and photography","5913 – Motion picture, video and television programme distribution activities",0
Gedling,"Film, TV, video, radio and photography",5914 – Motion picture projection activities,0
Gedling,"Film, TV, video, radio and photography",6010 – Radio broadcasting,0
Gedling,"Film, TV, video, radio and photography",6020 – Television programming and broadcasting activities,0
Gedling,"Film, TV, video, radio and photography",7420 – Photographic activities,5
Gedling,"IT, software and computer services",5821 – Publishing of computer games,0
Gedling,"IT, software and computer services",5829 – Other software publishing,0
Gedling,"IT, software and computer services",6201 – Computer programming activities,25
Gedling,"IT, software and computer services",6202 – Computer consultancy activities,90
Gedling,"Music, performing and visual arts",5920 – Sound recording and music publishing activities,0
Gedling,"Music, performing and visual arts",8552 – Cultural education,5
Gedling,"Music, performing and visual arts",9001 – Performing arts,10
Gedling,"Music, performing and visual arts",9002 – Support activities to performing arts,5
Gedling,"Music, performing and visual arts",9003 – Artistic creation,15
Gedling,"Music, performing and visual arts",9004 – Operation of arts facilities,0
Gedling,Publishing,5811 – Book publishing,0
Gedling,Publishing,5812 – Publishing of directories and mailing lists,0
Gedling,Publishing,5813 – Publishing of newspapers,0
Gedling,Publishing,5814 – Publishing of journals and periodicals,0
Gedling,Publishing,5819 – Other publishing activities,0
Gedling,Publishing,7430 – Translation and interpretation activities,0
Harborough,Advertising and marketing,7021 – Public relations and communication activities,5
Harborough,Advertising and marketing,7311 – Advertising agencies,25
Harborough,Advertising and marketing,7312 – Media representation,0
Harborough,Architecture,7111 – Architectural activities,30
Harborough,Crafts,3212 – Manufacture of jewellery and related articles,0
Harborough,Design and designer fashion,7410 – Specialised design activities,60
Harborough,"Film, TV, video, radio and photography","5911 – Motion picture, video and television programme production activities",20
Harborough,"Film, TV, video, radio and photography","5912 – Motion picture, video and television programme post-production activities",5
Harborough,"Film, TV, video, radio and photography","5913 – Motion picture, video and television programme distribution activities",0
Harborough,"Film, TV, video, radio and photography",5914 – Motion picture projection activities,0
Harborough,"Film, TV, video, radio and photography",6010 – Radio broadcasting,0
Harborough,"Film, TV, video, radio and photography",6020 – Television programming and broadcasting activities,0
Harborough,"Film, TV, video, radio and photography",7420 – Photographic activities,10
Harborough,"IT, software and computer services",5821 – Publishing of computer games,0
Harborough,"IT, software and computer services",5829 – Other software publishing,10
Harborough,"IT, software and computer services",6201 – Computer programming activities,50
Harborough,"IT, software and computer services",6202 – Computer consultancy activities,115
Harborough,"Music, performing and visual arts",5920 – Sound recording and music publishing activities,0
Harborough,"Music, performing and visual arts",8552 – Cultural education,5
Harborough,"Music, performing and visual arts",9001 – Performing arts,10
Harborough,"Music, performing and visual arts",9002 – Support activities to performing arts,5
Harborough,"Music, performing and visual arts",9003 – Artistic creation,25
Harborough,"Music, performing and visual arts",9004 – Operation of arts facilities,0
Harborough,Publishing,5811 – Book publishing,5
Harborough,Publishing,5812 – Publishing of directories and mailing lists,0
Harborough,Publishing,5813 – Publishing of newspapers,0
Harborough,Publishing,5814 – Publishing of journals and periodicals,0
Harborough,Publishing,5819 – Other publishing activities,10
Harborough,Publishing,7430 – Translation and interpretation activities,0
High Peak,Advertising and marketing,7021 – Public relations and communication activities,10
High Peak,Advertising and marketing,7311 – Advertising agencies,30
High Peak,Advertising and marketing,7312 – Media representation,0
High Peak,Architecture,7111 – Architectural activities,15
High Peak,Crafts,3212 – Manufacture of jewellery and related articles,0
High Peak,Design and designer fashion,7410 – Specialised design activities,35
High Peak,"Film, TV, video, radio and photography","5911 – Motion picture, video and television programme production activities",30
High Peak,"Film, TV, video, radio and photography","5912 – Motion picture, video and television programme post-production activities",0
High Peak,"Film, TV, video, radio and photography","5913 – Motion picture, video and television programme distribution activities",0
High Peak,"Film, TV, video, radio and photography",5914 – Motion picture projection activities,0
High Peak,"Film, TV, video, radio and photography",6010 – Radio broadcasting,0
High Peak,"Film, TV, video, radio and photography",6020 – Television programming and broadcasting activities,0
High Peak,"Film, TV, video, radio and photography",7420 – Photographic activities,10
High Peak,"IT, software and computer services",5821 – Publishing of computer games,0
High Peak,"IT, software and computer services",5829 – Other software publishing,5
High Peak,"IT, software and computer services",6201 – Computer programming activities,30
High Peak,"IT, software and computer services",6202 – Computer consultancy activities,80
High Peak,"Music, performing and visual arts",5920 – Sound recording and music publishing activities,5
High Peak,"Music, performing and visual arts",8552 – Cultural education,5
High Peak,"Music, performing and visual arts",9001 – Performing arts,10
High Peak,"Music, performing and visual arts",9002 – Support activities to performing arts,5
High Peak,"Music, performing and visual arts",9003 – Artistic creation,20
High Peak,"Music, performing and visual arts",9004 – Operation of arts facilities,5
High Peak,Publishing,5811 – Book publishing,0
High Peak,Publishing,5812 – Publishing of directories and mailing lists,0
High Peak,Publishing,5813 – Publishing of newspapers,0
High Peak,Publishing,5814 – Publishing of journals and periodicals,5
High Peak,Publishing,5819 – Other publishing activities,5
High Peak,Publishing,7430 – Translation and interpretation activities,0
Hinckley and Bosworth,Advertising and marketing,7021 – Public relations and communication activities,5
Hinckley and Bosworth,Advertising and marketing,7311 – Advertising agencies,15
Hinckley and Bosworth,Advertising and marketing,7312 – Media representation,5
Hinckley and Bosworth,Architecture,7111 – Architectural activities,15
Hinckley and Bosworth,Crafts,3212 – Manufacture of jewellery and related articles,0
Hinckley and Bosworth,Design and designer fashion,7410 – Specialised design activities,40
Hinckley and Bosworth,"Film, TV, video, radio and photography","5911 – Motion picture, video and television programme production activities",10
Hinckley and Bosworth,"Film, TV, video, radio and photography","5912 – Motion picture, video and television programme post-production activities",0
Hinckley and Bosworth,"Film, TV, video, radio and photography","5913 – Motion picture, video and television programme distribution activities",0
Hinckley and Bosworth,"Film, TV, video, radio and photography",5914 – Motion picture projection activities,0
Hinckley and Bosworth,"Film, TV, video, radio and photography",6010 – Radio broadcasting,0
Hinckley and Bosworth,"Film, TV, video, radio and photography",6020 – Television programming and broadcasting activities,0
Hinckley and Bosworth,"Film, TV, video, radio and photography",7420 – Photographic activities,10
Hinckley and Bosworth,"IT, software and computer services",5821 – Publishing of computer games,0
Hinckley and Bosworth,"IT, software and computer services",5829 – Other software publishing,5
Hinckley and Bosworth,"IT, software and computer services",6201 – Computer programming activities,30
Hinckley and Bosworth,"IT, software and computer services",6202 – Computer consultancy activities,115
Hinckley and Bosworth,"Music, performing and visual arts",5920 – Sound recording and music publishing activities,0
Hinckley and Bosworth,"Music, performing and visual arts",8552 – Cultural education,0
Hinckley and Bosworth,"Music, performing and visual arts",9001 – Performing arts,10
Hinckley and Bosworth,"Music, performing and visual arts",9002 – Support activities to performing arts,0
Hinckley and Bosworth,"Music, performing and visual arts",9003 – Artistic creation,15
Hinckley and Bosworth,"Music, performing and visual arts",9004 – Operation of arts facilities,0
Hinckley and Bosworth,Publishing,5811 – Book publishing,0
Hinckley and Bosworth,Publishing,5812 – Publishing of directories and mailing lists,0
Hinckley and Bosworth,Publishing,5813 – Publishing of newspapers,0
Hinckley and Bosworth,Publishing,5814 – Publishing of journals and periodicals,0
Hinckley and Bosworth,Publishing,5819 – Other publishing activities,5
Hinckley and Bosworth,Publishing,7430 – Translation and interpretation activities,0
Leicester,Advertising and marketing,7021 – Public relations and communication activities,10
Leicester,Advertising and marketing,7311 – Advertising agencies,45
Leicester,Advertising and marketing,7312 – Media representation,10
Leicester,Architecture,7111 – Architectural activities,50
Leicester,Crafts,3212 – Manufacture of jewellery and related articles,10
Leicester,Design and designer fashion,7410 – Specialised design activities,80
Leicester,"Film, TV, video, radio and photography","5911 – Motion picture, video and television programme production activities",35
Leicester,"Film, TV, video, radio and photography","5912 – Motion picture, video and television programme post-production activities",0
Leicester,"Film, TV, video, radio and photography","5913 – Motion picture, video and television programme distribution activities",0
Leicester,"Film, TV, video, radio and photography",5914 – Motion picture projection activities,0
Leicester,"Film, TV, video, radio and photography",6010 – Radio broadcasting,0
Leicester,"Film, TV, video, radio and photography",6020 – Television programming and broadcasting activities,5
Leicester,"Film, TV, video, radio and photography",7420 – Photographic activities,15
Leicester,"IT, software and computer services",5821 – Publishing of computer games,5
Leicester,"IT, software and computer services",5829 – Other software publishing,10
Leicester,"IT, software and computer services",6201 – Computer programming activities,105
Leicester,"IT, software and computer services",6202 – Computer consultancy activities,295
Leicester,"Music, performing and visual arts",5920 – Sound recording and music publishing activities,10
Leicester,"Music, performing and visual arts",8552 – Cultural education,15
Leicester,"Music, performing and visual arts",9001 – Performing arts,25
Leicester,"Music, performing and visual arts",9002 – Support activities to performing arts,10
Leicester,"Music, performing and visual arts",9003 – Artistic creation,20
Leicester,"Music, performing and visual arts",9004 – Operation of arts facilities,0
Leicester,Publishing,5811 – Book publishing,5
Leicester,Publishing,5812 – Publishing of directories and mailing lists,0
Leicester,Publishing,5813 – Publishing of newspapers,0
Leicester,Publishing,5814 – Publishing of journals and periodicals,5
Leicester,Publishing,5819 – Other publishing activities,10
Leicester,Publishing,7430 – Translation and interpretation activities,15
Lincoln,Advertising and marketing,7021 – Public relations and communication activities,0
Lincoln,Advertising and marketing,7311 – Advertising agencies,5
Lincoln,Advertising and marketing,7312 – Media representation,0
Lincoln,Architecture,7111 – Architectural activities,20
Lincoln,Crafts,3212 – Manufacture of jewellery and related articles,0
Lincoln,Design and designer fashion,7410 – Specialised design activities,20
Lincoln,"Film, TV, video, radio and photography","5911 – Motion picture, video and television programme production activities",5
Lincoln,"Film, TV, video, radio and photography","5912 – Motion picture, video and television programme post-production activities",0
Lincoln,"Film, TV, video, radio and photography","5913 – Motion picture, video and television programme distribution activities",0
Lincoln,"Film, TV, video, radio and photography",5914 – Motion picture projection activities,0
Lincoln,"Film, TV, video, radio and photography",6010 – Radio broadcasting,0
Lincoln,"Film, TV, video, radio and photography",6020 – Television programming and broadcasting activities,0
Lincoln,"Film, TV, video, radio and photography",7420 – Photographic activities,10
Lincoln,"IT, software and computer services",5821 – Publishing of computer games,0
Lincoln,"IT, software and computer services",5829 – Other software publishing,0
Lincoln,"IT, software and computer services",6201 – Computer programming activities,25
Lincoln,"IT, software and computer services",6202 – Computer consultancy activities,35
Lincoln,"Music, performing and visual arts",5920 – Sound recording and music publishing activities,5
Lincoln,"Music, performing and visual arts",8552 – Cultural education,5
Lincoln,"Music, performing and visual arts",9001 – Performing arts,5
Lincoln,"Music, performing and visual arts",9002 – Support activities to performing arts,5
Lincoln,"Music, performing and visual arts",9003 – Artistic creation,5
Lincoln,"Music, performing and visual arts",9004 – Operation of arts facilities,0
Lincoln,Publishing,5811 – Book publishing,0
Lincoln,Publishing,5812 – Publishing of directories and mailing lists,0
Lincoln,Publishing,5813 – Publishing of newspapers,0
Lincoln,Publishing,5814 – Publishing of journals and periodicals,5
Lincoln,Publishing,5819 – Other publishing activities,0
Lincoln,Publishing,7430 – Translation and interpretation activities,0
Mansfield,Advertising and marketing,7021 – Public relations and communication activities,0
Mansfield,Advertising and marketing,7311 – Advertising agencies,5
Mansfield,Advertising and marketing,7312 – Media representation,0
Mansfield,Architecture,7111 – Architectural activities,10
Mansfield,Crafts,3212 – Manufacture of jewellery and related articles,0
Mansfield,Design and designer fashion,7410 – Specialised design activities,10
Mansfield,"Film, TV, video, radio and photography","5911 – Motion picture, video and television programme production activities",5
Mansfield,"Film, TV, video, radio and photography","5912 – Motion picture, video and television programme post-production activities",0
Mansfield,"Film, TV, video, radio and photography","5913 – Motion picture, video and television programme distribution activities",0
Mansfield,"Film, TV, video, radio and photography",5914 – Motion picture projection activities,0
Mansfield,"Film, TV, video, radio and photography",6010 – Radio broadcasting,0
Mansfield,"Film, TV, video, radio and photography",6020 – Television programming and broadcasting activities,0
Mansfield,"Film, TV, video, radio and photography",7420 – Photographic activities,5
Mansfield,"IT, software and computer services",5821 – Publishing of computer games,0
Mansfield,"IT, software and computer services",5829 – Other software publishing,5
Mansfield,"IT, software and computer services",6201 – Computer programming activities,15
Mansfield,"IT, software and computer services",6202 – Computer consultancy activities,50
Mansfield,"Music, performing and visual arts",5920 – Sound recording and music publishing activities,0
Mansfield,"Music, performing and visual arts",8552 – Cultural education,5
Mansfield,"Music, performing and visual arts",9001 – Performing arts,5
Mansfield,"Music, performing and visual arts",9002 – Support activities to performing arts,0
Mansfield,"Music, performing and visual arts",9003 – Artistic creation,5
Mansfield,"Music, performing and visual arts",9004 – Operation of arts facilities,0
Mansfield,Publishing,5811 – Book publishing,0
Mansfield,Publishing,5812 – Publishing of directories and mailing lists,0
Mansfield,Publishing,5813 – Publishing of newspapers,0
Mansfield,Publishing,5814 – Publishing of journals and periodicals,0
Mansfield,Publishing,5819 – Other publishing activities,5
Mansfield,Publishing,7430 – Translation and interpretation activities,0
Melton,Advertising and marketing,7021 – Public relations and communication activities,5
Melton,Advertising and marketing,7311 – Advertising agencies,15
Melton,Advertising and marketing,7312 – Media representation,0
Melton,Architecture,7111 – Architectural activities,20
Melton,Crafts,3212 – Manufacture of jewellery and related articles,5
Melton,Design and designer fashion,7410 – Specialised design activities,15
Melton,"Film, TV, video, radio and photography","5911 – Motion picture, video and television programme production activities",5
Melton,"Film, TV, video, radio and photography","5912 – Motion picture, video and television programme post-production activities",0
Melton,"Film, TV, video, radio and photography","5913 – Motion picture, video and television programme distribution activities",0
Melton,"Film, TV, video, radio and photography",5914 – Motion picture projection activities,0
Melton,"Film, TV, video, radio and photography",6010 – Radio broadcasting,0
Melton,"Film, TV, video, radio and photography",6020 – Television programming and broadcasting activities,0
Melton,"Film, TV, video, radio and photography",7420 – Photographic activities,10
Melton,"IT, software and computer services",5821 – Publishing of computer games,0
Melton,"IT, software and computer services",5829 – Other software publishing,0
Melton,"IT, software and computer services",6201 – Computer programming activities,15
Melton,"IT, software and computer services",6202 – Computer consultancy activities,45
Melton,"Music, performing and visual arts",5920 – Sound recording and music publishing activities,0
Melton,"Music, performing and visual arts",8552 – Cultural education,5
Melton,"Music, performing and visual arts",9001 – Performing arts,5
Melton,"Music, performing and visual arts",9002 – Support activities to performing arts,5
Melton,"Music, performing and visual arts",9003 – Artistic creation,10
Melton,"Music, performing and visual arts",9004 – Operation of arts facilities,0
Melton,Publishing,5811 – Book publishing,0
Melton,Publishing,5812 – Publishing of directories and mailing lists,0
Melton,Publishing,5813 – Publishing of newspapers,0
Melton,Publishing,5814 – Publishing of journals and periodicals,0
Melton,Publishing,5819 – Other publishing activities,0
Melton,Publishing,7430 – Translation and interpretation activities,0
Newark and Sherwood,Advertising and marketing,7021 – Public relations and communication activities,5
Newark and Sherwood,Advertising and marketing,7311 – Advertising agencies,15
Newark and Sherwood,Advertising and marketing,7312 – Media representation,5
Newark and Sherwood,Architecture,7111 – Architectural activities,25
Newark and Sherwood,Crafts,3212 – Manufacture of jewellery and related articles,0
Newark and Sherwood,Design and designer fashion,7410 – Specialised design activities,35
Newark and Sherwood,"Film, TV, video, radio and photography","5911 – Motion picture, video and television programme production activities",20
Newark and Sherwood,"Film, TV, video, radio and photography","5912 – Motion picture, video and television programme post-production activities",0
Newark and Sherwood,"Film, TV, video, radio and photography","5913 – Motion picture, video and television programme distribution activities",0
Newark and Sherwood,"Film, TV, video, radio and photography",5914 – Motion picture projection activities,0
Newark and Sherwood,"Film, TV, video, radio and photography",6010 – Radio broadcasting,0
Newark and Sherwood,"Film, TV, video, radio and photography",6020 – Television programming and broadcasting activities,0
Newark and Sherwood,"Film, TV, video, radio and photography",7420 – Photographic activities,5
Newark and Sherwood,"IT, software and computer services",5821 – Publishing of computer games,0
Newark and Sherwood,"IT, software and computer services",5829 – Other software publishing,5
Newark and Sherwood,"IT, software and computer services",6201 – Computer programming activities,30
Newark and Sherwood,"IT, software and computer services",6202 – Computer consultancy activities,100
Newark and Sherwood,"Music, performing and visual arts",5920 – Sound recording and music publishing activities,5
Newark and Sherwood,"Music, performing and visual arts",8552 – Cultural education,0
Newark and Sherwood,"Music, performing and visual arts",9001 – Performing arts,15
Newark and Sherwood,"Music, performing and visual arts",9002 – Support activities to performing arts,5
Newark and Sherwood,"Music, performing and visual arts",9003 – Artistic creation,20
Newark and Sherwood,"Music, performing and visual arts",9004 – Operation of arts facilities,0
Newark and Sherwood,Publishing,5811 – Book publishing,0
Newark and Sherwood,Publishing,5812 – Publishing of directories and mailing lists,0
Newark and Sherwood,Publishing,5813 – Publishing of newspapers,0
Newark and Sherwood,Publishing,5814 – Publishing of journals and periodicals,0
Newark and Sherwood,Publishing,5819 – Other publishing activities,5
Newark and Sherwood,Publishing,7430 – Translation and interpretation activities,0
North East Derbyshire,Advertising and marketing,7021 – Public relations and communication activities,5
North East Derbyshire,Advertising and marketing,7311 – Advertising agencies,5
North East Derbyshire,Advertising and marketing,7312 – Media representation,5
North East Derbyshire,Architecture,7111 – Architectural activities,15
North East Derbyshire,Crafts,3212 – Manufacture of jewellery and related articles,0
North East Derbyshire,Design and designer fashion,7410 – Specialised design activities,25
North East Derbyshire,"Film, TV, video, radio and photography","5911 – Motion picture, video and television programme production activities",5
North East Derbyshire,"Film, TV, video, radio and photography","5912 – Motion picture, video and television programme post-production activities",0
North East Derbyshire,"Film, TV, video, radio and photography","5913 – Motion picture, video and television programme distribution activities",0
North East Derbyshire,"Film, TV, video, radio and photography",5914 – Motion picture projection activities,0
North East Derbyshire,"Film, TV, video, radio and photography",6010 – Radio broadcasting,0
North East Derbyshire,"Film, TV, video, radio and photography",6020 – Television programming and broadcasting activities,0
North East Derbyshire,"Film, TV, video, radio and photography",7420 – Photographic activities,10
North East Derbyshire,"IT, software and computer services",5821 – Publishing of computer games,0
North East Derbyshire,"IT, software and computer services",5829 – Other software publishing,0
North East Derbyshire,"IT, software and computer services",6201 – Computer programming activities,20
North East Derbyshire,"IT, software and computer services",6202 – Computer consultancy activities,60
North East Derbyshire,"Music, performing and visual arts",5920 – Sound recording and music publishing activities,0
North East Derbyshire,"Music, performing and visual arts",8552 – Cultural education,0
North East Derbyshire,"Music, performing and visual arts",9001 – Performing arts,5
North East Derbyshire,"Music, performing and visual arts",9002 – Support activities to performing arts,5
North East Derbyshire,"Music, performing and visual arts",9003 – Artistic creation,0
North East Derbyshire,"Music, performing and visual arts",9004 – Operation of arts facilities,0
North East Derbyshire,Publishing,5811 – Book publishing,0
North East Derbyshire,Publishing,5812 – Publishing of directories and mailing lists,0
North East Derbyshire,Publishing,5813 – Publishing of newspapers,0
North East Derbyshire,Publishing,5814 – Publishing of journals and periodicals,0
North East Derbyshire,Publishing,5819 – Other publishing activities,5
North East Derbyshire,Publishing,7430 – Translation and interpretation activities,0
North Kesteven,Advertising and marketing,7021 – Public relations and communication activities,5
North Kesteven,Advertising and marketing,7311 – Advertising agencies,10
North Kesteven,Advertising and marketing,7312 – Media representation,5
North Kesteven,Architecture,7111 – Architectural activities,25
North Kesteven,Crafts,3212 – Manufacture of jewellery and related articles,0
North Kesteven,Design and designer fashion,7410 – Specialised design activities,20
North Kesteven,"Film, TV, video, radio and photography","5911 – Motion picture, video and television programme production activities",10
North Kesteven,"Film, TV, video, radio and photography","5912 – Motion picture, video and television programme post-production activities",0
North Kesteven,"Film, TV, video, radio and photography","5913 – Motion picture, video and television programme distribution activities",0
North Kesteven,"Film, TV, video, radio and photography",5914 – Motion picture projection activities,0
North Kesteven,"Film, TV, video, radio and photography",6010 – Radio broadcasting,0
North Kesteven,"Film, TV, video, radio and photography",6020 – Television programming and broadcasting activities,0
North Kesteven,"Film, TV, video, radio and photography",7420 – Photographic activities,5
North Kesteven,"IT, software and computer services",5821 – Publishing of computer games,0
North Kesteven,"IT, software and computer services",5829 – Other software publishing,0
North Kesteven,"IT, software and computer services",6201 – Computer programming activities,25
North Kesteven,"IT, software and computer services",6202 – Computer consultancy activities,55
North Kesteven,"Music, performing and visual arts",5920 – Sound recording and music publishing activities,0
North Kesteven,"Music, performing and visual arts",8552 – Cultural education,5
North Kesteven,"Music, performing and visual arts",9001 – Performing arts,10
North Kesteven,"Music, performing and visual arts",9002 – Support activities to performing arts,5
North Kesteven,"Music, performing and visual arts",9003 – Artistic creation,10
North Kesteven,"Music, performing and visual arts",9004 – Operation of arts facilities,0
North Kesteven,Publishing,5811 – Book publishing,0
North Kesteven,Publishing,5812 – Publishing of directories and mailing lists,0
North Kesteven,Publishing,5813 – Publishing of newspapers,0
North Kesteven,Publishing,5814 – Publishing of journals and periodicals,0
North Kesteven,Publishing,5819 – Other publishing activities,5
North Kesteven,Publishing,7430 – Translation and interpretation activities,0
North Northamptonshire,Advertising and marketing,7021 – Public relations and communication activities,20
North Northamptonshire,Advertising and marketing,7311 – Advertising agencies,60
North Northamptonshire,Advertising and marketing,7312 – Media representation,5
North Northamptonshire,Architecture,7111 – Architectural activities,60
North Northamptonshire,Crafts,3212 – Manufacture of jewellery and related articles,5
North Northamptonshire,Design and designer fashion,7410 – Specialised design activities,75
North Northamptonshire,"Film, TV, video, radio and photography","5911 – Motion picture, video and television programme production activities",35
North Northamptonshire,"Film, TV, video, radio and photography","5912 – Motion picture, video and television programme post-production activities",0
North Northamptonshire,"Film, TV, video, radio and photography","5913 – Motion picture, video and television programme distribution activities",0
North Northamptonshire,"Film, TV, video, radio and photography",5914 – Motion picture projection activities,0
North Northamptonshire,"Film, TV, video, radio and photography",6010 – Radio broadcasting,5
North Northamptonshire,"Film, TV, video, radio and photography",6020 – Television programming and broadcasting activities,0
North Northamptonshire,"Film, TV, video, radio and photography",7420 – Photographic activities,25
North Northamptonshire,"IT, software and computer services",5821 – Publishing of computer games,0
North Northamptonshire,"IT, software and computer services",5829 – Other software publishing,10
North Northamptonshire,"IT, software and computer services",6201 – Computer programming activities,95
North Northamptonshire,"IT, software and computer services",6202 – Computer consultancy activities,275
North Northamptonshire,"Music, performing and visual arts",5920 – Sound recording and music publishing activities,15
North Northamptonshire,"Music, performing and visual arts",8552 – Cultural education,5
North Northamptonshire,"Music, performing and visual arts",9001 – Performing arts,25
North Northamptonshire,"Music, performing and visual arts",9002 – Support activities to performing arts,10
North Northamptonshire,"Music, performing and visual arts",9003 – Artistic creation,40
North Northamptonshire,"Music, performing and visual arts",9004 – Operation of arts facilities,0
North Northamptonshire,Publishing,5811 – Book publishing,5
North Northamptonshire,Publishing,5812 – Publishing of directories and mailing lists,0
North Northamptonshire,Publishing,5813 – Publishing of newspapers,0
North Northamptonshire,Publishing,5814 – Publishing of journals and periodicals,5
North Northamptonshire,Publishing,5819 – Other publishing activities,25
North Northamptonshire,Publishing,7430 – Translation and interpretation activities,5
North West Leicestershire,Advertising and marketing,7021 – Public relations and communication activities,5
North West Leicestershire,Advertising and marketing,7311 – Advertising agencies,20
North West Leicestershire,Advertising and marketing,7312 – Media representation,0
North West Leicestershire,Architecture,7111 – Architectural activities,30
North West Leicestershire,Crafts,3212 – Manufacture of jewellery and related articles,0
North West Leicestershire,Design and designer fashion,7410 – Specialised design activities,25
North West Leicestershire,"Film, TV, video, radio and photography","5911 – Motion picture, video and television programme production activities",10
North West Leicestershire,"Film, TV, video, radio and photography","5912 – Motion picture, video and television programme post-production activities",0
North West Leicestershire,"Film, TV, video, radio and photography","5913 – Motion picture, video and television programme distribution activities",0
North West Leicestershire,"Film, TV, video, radio and photography",5914 – Motion picture projection activities,0
North West Leicestershire,"Film, TV, video, radio and photography",6010 – Radio broadcasting,0
North West Leicestershire,"Film, TV, video, radio and photography",6020 – Television programming and broadcasting activities,0
North West Leicestershire,"Film, TV, video, radio and photography",7420 – Photographic activities,10
North West Leicestershire,"IT, software and computer services",5821 – Publishing of computer games,0
North West Leicestershire,"IT, software and computer services",5829 – Other software publishing,0
North West Leicestershire,"IT, software and computer services",6201 – Computer programming activities,40
North West Leicestershire,"IT, software and computer services",6202 – Computer consultancy activities,80
North West Leicestershire,"Music, performing and visual arts",5920 – Sound recording and music publishing activities,5
North West Leicestershire,"Music, performing and visual arts",8552 – Cultural education,5
North West Leicestershire,"Music, performing and visual arts",9001 – Performing arts,10
North West Leicestershire,"Music, performing and visual arts",9002 – Support activities to performing arts,5
North West Leicestershire,"Music, performing and visual arts",9003 – Artistic creation,15
North West Leicestershire,"Music, performing and visual arts",9004 – Operation of arts facilities,0
North West Leicestershire,Publishing,5811 – Book publishing,0
North West Leicestershire,Publishing,5812 – Publishing of directories and mailing lists,0
North West Leicestershire,Publishing,5813 – Publishing of newspapers,0
North West Leicestershire,Publishing,5814 – Publishing of journals and periodicals,5
North West Leicestershire,Publishing,5819 – Other publishing activities,0
North West Leicestershire,Publishing,7430 – Translation and interpretation activities,0
Nottingham,Advertising and marketing,7021 – Public relations and communication activities,15
Nottingham,Advertising and marketing,7311 – Advertising agencies,55
Nottingham,Advertising and marketing,7312 – Media representation,10
Nottingham,Architecture,7111 – Architectural activities,45
Nottingham,Crafts,3212 – Manufacture of jewellery and related articles,5
Nottingham,Design and designer fashion,7410 – Specialised design activities,60
Nottingham,"Film, TV, video, radio and photography","5911 – Motion picture, video and television programme production activities",45
Nottingham,"Film, TV, video, radio and photography","5912 – Motion picture, video and television programme post-production activities",5
Nottingham,"Film, TV, video, radio and photography","5913 – Motion picture, video and television programme distribution activities",0
Nottingham,"Film, TV, video, radio and photography",5914 – Motion picture projection activities,0
Nottingham,"Film, TV, video, radio and photography",6010 – Radio broadcasting,5
Nottingham,"Film, TV, video, radio and photography",6020 – Television programming and broadcasting activities,5
Nottingham,"Film, TV, video, radio and photography",7420 – Photographic activities,25
Nottingham,"IT, software and computer services",5821 – Publishing of computer games,5
Nottingham,"IT, software and computer services",5829 – Other software publishing,15
Nottingham,"IT, software and computer services",6201 – Computer programming activities,100
Nottingham,"IT, software and computer services",6202 – Computer consultancy activities,200
Nottingham,"Music, performing and visual arts",5920 – Sound recording and music publishing activities,20
Nottingham,"Music, performing and visual arts",8552 – Cultural education,10
Nottingham,"Music, performing and visual arts",9001 – Performing arts,30
Nottingham,"Music, performing and visual arts",9002 – Support activities to performing arts,15
Nottingham,"Music, performing and visual arts",9003 – Artistic creation,30
Nottingham,"Music, performing and visual arts",9004 – Operation of arts facilities,5
Nottingham,Publishing,5811 – Book publishing,5
Nottingham,Publishing,5812 – Publishing of directories and mailing lists,0
Nottingham,Publishing,5813 – Publishing of newspapers,0
Nottingham,Publishing,5814 – Publishing of journals and periodicals,5
Nottingham,Publishing,5819 – Other publishing activities,10
Nottingham,Publishing,7430 – Translation and interpretation activities,5
Oadby and Wigston,Advertising and marketing,7021 – Public relations and communication activities,0
Oadby and Wigston,Advertising and marketing,7311 – Advertising agencies,10
Oadby and Wigston,Advertising and marketing,7312 – Media representation,5
Oadby and Wigston,Architecture,7111 – Architectural activities,5
Oadby and Wigston,Crafts,3212 – Manufacture of jewellery and related articles,5
Oadby and Wigston,Design and designer fashion,7410 – Specialised design activities,15
Oadby and Wigston,"Film, TV, video, radio and photography","5911 – Motion picture, video and television programme production activities",0
Oadby and Wigston,"Film, TV, video, radio and photography","5912 – Motion picture, video and television programme post-production activities",0
Oadby and Wigston,"Film, TV, video, radio and photography","5913 – Motion picture, video and television programme distribution activities",0
Oadby and Wigston,"Film, TV, video, radio and photography",5914 – Motion picture projection activities,0
Oadby and Wigston,"Film, TV, video, radio and photography",6010 – Radio broadcasting,0
Oadby and Wigston,"Film, TV, video, radio and photography",6020 – Television programming and broadcasting activities,0
Oadby and Wigston,"Film, TV, video, radio and photography",7420 – Photographic activities,5
Oadby and Wigston,"IT, software and computer services",5821 – Publishing of computer games,0
Oadby and Wigston,"IT, software and computer services",5829 – Other software publishing,0
Oadby and Wigston,"IT, software and computer services",6201 – Computer programming activities,15
Oadby and Wigston,"IT, software and computer services",6202 – Computer consultancy activities,65
Oadby and Wigston,"Music, performing and visual arts",5920 – Sound recording and music publishing activities,5
Oadby and Wigston,"Music, performing and visual arts",8552 – Cultural education,0
Oadby and Wigston,"Music, performing and visual arts",9001 – Performing arts,0
Oadby and Wigston,"Music, performing and visual arts",9002 – Support activities to performing arts,0
Oadby and Wigston,"Music, performing and visual arts",9003 – Artistic creation,0
Oadby and Wigston,"Music, performing and visual arts",9004 – Operation of arts facilities,0
Oadby and Wigston,Publishing,5811 – Book publishing,0
Oadby and Wigston,Publishing,5812 – Publishing of directories and mailing lists,0
Oadby and Wigston,Publishing,5813 – Publishing of newspapers,0
Oadby and Wigston,Publishing,5814 – Publishing of journals and periodicals,0
Oadby and Wigston,Publishing,5819 – Other publishing activities,5
Oadby and Wigston,Publishing,7430 – Translation and interpretation activities,0
Rushcliffe,Advertising and marketing,7021 – Public relations and communication activities,15
Rushcliffe,Advertising and marketing,7311 – Advertising agencies,40
Rushcliffe,Advertising and marketing,7312 – Media representation,5
Rushcliffe,Architecture,7111 – Architectural activities,45
Rushcliffe,Crafts,3212 – Manufacture of jewellery and related articles,0
Rushcliffe,Design and designer fashion,7410 – Specialised design activities,45
Rushcliffe,"Film, TV, video, radio and photography","5911 – Motion picture, video and television programme production activities",20
Rushcliffe,"Film, TV, video, radio and photography","5912 – Motion picture, video and television programme post-production activities",5
Rushcliffe,"Film, TV, video, radio and photography","5913 – Motion picture, video and television programme distribution activities",0
Rushcliffe,"Film, TV, video, radio and photography",5914 – Motion picture projection activities,0
Rushcliffe,"Film, TV, video, radio and photography",6010 – Radio broadcasting,0
Rushcliffe,"Film, TV, video, radio and photography",6020 – Television programming and broadcasting activities,0
Rushcliffe,"Film, TV, video, radio and photography",7420 – Photographic activities,15
Rushcliffe,"IT, software and computer services",5821 – Publishing of computer games,0
Rushcliffe,"IT, software and computer services",5829 – Other software publishing,5
Rushcliffe,"IT, software and computer services",6201 – Computer programming activities,65
Rushcliffe,"IT, software and computer services",6202 – Computer consultancy activities,180
Rushcliffe,"Music, performing and visual arts",5920 – Sound recording and music publishing activities,5
Rushcliffe,"Music, performing and visual arts",8552 – Cultural education,5
Rushcliffe,"Music, performing and visual arts",9001 – Performing arts,10
Rushcliffe,"Music, performing and visual arts",9002 – Support activities to performing arts,5
Rushcliffe,"Music, performing and visual arts",9003 – Artistic creation,15
Rushcliffe,"Music, performing and visual arts",9004 – Operation of arts facilities,0
Rushcliffe,Publishing,5811 – Book publishing,5
Rushcliffe,Publishing,5812 – Publishing of directories and mailing lists,0
Rushcliffe,Publishing,5813 – Publishing of newspapers,0
Rushcliffe,Publishing,5814 – Publishing of journals and periodicals,5
Rushcliffe,Publishing,5819 – Other publishing activities,0
Rushcliffe,Publishing,7430 – Translation and interpretation activities,5
Rutland,Advertising and marketing,7021 – Public relations and communication activities,5
Rutland,Advertising and marketing,7311 – Advertising agencies,10
Rutland,Advertising and marketing,7312 – Media representation,0
Rutland,Architecture,7111 – Architectural activities,10
Rutland,Crafts,3212 – Manufacture of jewellery and related articles,0
Rutland,Design and designer fashion,7410 – Specialised design activities,20
Rutland,"Film, TV, video, radio and photography","5911 – Motion picture, video and television programme production activities",5
Rutland,"Film, TV, video, radio and photography","5912 – Motion picture, video and television programme post-production activities",0
Rutland,"Film, TV, video, radio and photography","5913 – Motion picture, video and television programme distribution activities",0
Rutland,"Film, TV, video, radio and photography",5914 – Motion picture projection activities,0
Rutland,"Film, TV, video, radio and photography",6010 – Radio broadcasting,0
Rutland,"Film, TV, video, radio and photography",6020 – Television programming and broadcasting activities,0
Rutland,"Film, TV, video, radio and photography",7420 – Photographic activities,5
Rutland,"IT, software and computer services",5821 – Publishing of computer games,0
Rutland,"IT, software and computer services",5829 – Other software publishing,0
Rutland,"IT, software and computer services",6201 – Computer programming activities,15
Rutland,"IT, software and computer services",6202 – Computer consultancy activities,35
Rutland,"Music, performing and visual arts",5920 – Sound recording and music publishing activities,0
Rutland,"Music, performing and visual arts",8552 – Cultural education,0
Rutland,"Music, performing and visual arts",9001 – Performing arts,5
Rutland,"Music, performing and visual arts",9002 – Support activities to performing arts,5
Rutland,"Music, performing and visual arts",9003 – Artistic creation,15
Rutland,"Music, performing and visual arts",9004 – Operation of arts facilities,0
Rutland,Publishing,5811 – Book publishing,0
Rutland,Publishing,5812 – Publishing of directories and mailing lists,0
Rutland,Publishing,5813 – Publishing of newspapers,0
Rutland,Publishing,5814 – Publishing of journals and periodicals,5
Rutland,Publishing,5819 – Other publishing activities,5
Rutland,Publishing,7430 – Translation and interpretation activities,0
South Derbyshire,Advertising and marketing,7021 – Public relations and communication activities,5
South Derbyshire,Advertising and marketing,7311 – Advertising agencies,10
South Derbyshire,Advertising and marketing,7312 – Media representation,5
South Derbyshire,Architecture,7111 – Architectural activities,15
South Derbyshire,Crafts,3212 – Manufacture of jewellery and related articles,0
South Derbyshire,Design and designer fashion,7410 – Specialised design activities,30
South Derbyshire,"Film, TV, video, radio and photography","5911 – Motion picture, video and television programme production activities",15
South Derbyshire,"Film, TV, video, radio and photography","5912 – Motion picture, video and television programme post-production activities",0
South Derbyshire,"Film, TV, video, radio and photography","5913 – Motion picture, video and television programme distribution activities",0
South Derbyshire,"Film, TV, video, radio and photography",5914 – Motion picture projection activities,0
South Derbyshire,"Film, TV, video, radio and photography",6010 – Radio broadcasting,0
South Derbyshire,"Film, TV, video, radio and photography",6020 – Television programming and broadcasting activities,0
South Derbyshire,"Film, TV, video, radio and photography",7420 – Photographic activities,5
South Derbyshire,"IT, software and computer services",5821 – Publishing of computer games,0
South Derbyshire,"IT, software and computer services",5829 – Other software publishing,5
South Derbyshire,"IT, software and computer services",6201 – Computer programming activities,20
South Derbyshire,"IT, software and computer services",6202 – Computer consultancy activities,85
South Derbyshire,"Music, performing and visual arts",5920 – Sound recording and music publishing activities,0
South Derbyshire,"Music, performing and visual arts",8552 – Cultural education,0
South Derbyshire,"Music, performing and visual arts",9001 – Performing arts,5
South Derbyshire,"Music, performing and visual arts",9002 – Support activities to performing arts,5
South Derbyshire,"Music, performing and visual arts",9003 – Artistic creation,10
South Derbyshire,"Music, performing and visual arts",9004 – Operation of arts facilities,0
South Derbyshire,Publishing,5811 – Book publishing,0
South Derbyshire,Publishing,5812 – Publishing of directories and mailing lists,0
South Derbyshire,Publishing,5813 – Publishing of newspapers,0
South Derbyshire,Publishing,5814 – Publishing of journals and periodicals,0
South Derbyshire,Publishing,5819 – Other publishing activities,5
South Derbyshire,Publishing,7430 – Translation and interpretation activities,0
South Holland,Advertising and marketing,7021 – Public relations and communication activities,0
South Holland,Advertising and marketing,7311 – Advertising agencies,10
South Holland,Advertising and marketing,7312 – Media representation,0
South Holland,Architecture,7111 – Architectural activities,15
South Holland,Crafts,3212 – Manufacture of jewellery and related articles,0
South Holland,Design and designer fashion,7410 – Specialised design activities,15
South Holland,"Film, TV, video, radio and photography","5911 – Motion picture, video and television programme production activities",5
South Holland,"Film, TV, video, radio and photography","5912 – Motion picture, video and television programme post-production activities",0
South Holland,"Film, TV, video, radio and photography","5913 – Motion picture, video and television programme distribution activities",0
South Holland,"Film, TV, video, radio and photography",5914 – Motion picture projection activities,0
South Holland,"Film, TV, video, radio and photography",6010 – Radio broadcasting,0
South Holland,"Film, TV, video, radio and photography",6020 – Television programming and broadcasting activities,0
South Holland,"Film, TV, video, radio and photography",7420 – Photographic activities,5
South Holland,"IT, software and computer services",5821 – Publishing of computer games,0
South Holland,"IT, software and computer services",5829 – Other software publishing,0
South Holland,"IT, software and computer services",6201 – Computer programming activities,10
South Holland,"IT, software and computer services",6202 – Computer consultancy activities,40
South Holland,"Music, performing and visual arts",5920 – Sound recording and music publishing activities,0
South Holland,"Music, performing and visual arts",8552 – Cultural education,0
South Holland,"Music, performing and visual arts",9001 – Performing arts,5
South Holland,"Music, performing and visual arts",9002 – Support activities to performing arts,5
South Holland,"Music, performing and visual arts",9003 – Artistic creation,10
South Holland,"Music, performing and visual arts",9004 – Operation of arts facilities,0
South Holland,Publishing,5811 – Book publishing,0
South Holland,Publishing,5812 – Publishing of directories and mailing lists,0
South Holland,Publishing,5813 – Publishing of newspapers,0
South Holland,Publishing,5814 – Publishing of journals and periodicals,0
South Holland,Publishing,5819 – Other publishing activities,5
South Holland,Publishing,7430 – Translation and interpretation activities,5
South Kesteven,Advertising and marketing,7021 – Public relations and communication activities,10
South Kesteven,Advertising and marketing,7311 – Advertising agencies,35
South Kesteven,Advertising and marketing,7312 – Media representation,10
South Kesteven,Architecture,7111 – Architectural activities,25
South Kesteven,Crafts,3212 – Manufacture of jewellery and related articles,0
South Kesteven,Design and designer fashion,7410 – Specialised design activities,55
South Kesteven,"Film, TV, video, radio and photography","5911 – Motion picture, video and television programme production activities",30
South Kesteven,"Film, TV, video, radio and photography","5912 – Motion picture, video and television programme post-production activities",0
South Kesteven,"Film, TV, video, radio and photography","5913 – Motion picture, video and television programme distribution activities",0
South Kesteven,"Film, TV, video, radio and photography",5914 – Motion picture projection activities,0
South Kesteven,"Film, TV, video, radio and photography",6010 – Radio broadcasting,0
South Kesteven,"Film, TV, video, radio and photography",6020 – Television programming and broadcasting activities,5
South Kesteven,"Film, TV, video, radio and photography",7420 – Photographic activities,15
South Kesteven,"IT, software and computer services",5821 – Publishing of computer games,0
South Kesteven,"IT, software and computer services",5829 – Other software publishing,5
South Kesteven,"IT, software and computer services",6201 – Computer programming activities,50
South Kesteven,"IT, software and computer services",6202 – Computer consultancy activities,125
South Kesteven,"Music, performing and visual arts",5920 – Sound recording and music publishing activities,5
South Kesteven,"Music, performing and visual arts",8552 – Cultural education,5
South Kesteven,"Music, performing and visual arts",9001 – Performing arts,15
South Kesteven,"Music, performing and visual arts",9002 – Support activities to performing arts,10
South Kesteven,"Music, performing and visual arts",9003 – Artistic creation,30
South Kesteven,"Music, performing and visual arts",9004 – Operation of arts facilities,5
South Kesteven,Publishing,5811 – Book publishing,5
South Kesteven,Publishing,5812 – Publishing of directories and mailing lists,0
South Kesteven,Publishing,5813 – Publishing of newspapers,0
South Kesteven,Publishing,5814 – Publishing of journals and periodicals,10
South Kesteven,Publishing,5819 – Other publishing activities,10
South Kesteven,Publishing,7430 – Translation and interpretation activities,5
West Lindsey,Advertising and marketing,7021 – Public relations and communication activities,5
West Lindsey,Advertising and marketing,7311 – Advertising agencies,15
West Lindsey,Advertising and marketing,7312 – Media representation,0
West Lindsey,Architecture,7111 – Architectural activities,25
West Lindsey,Crafts,3212 – Manufacture of jewellery and related articles,0
West Lindsey,Design and designer fashion,7410 – Specialised design activities,15
West Lindsey,"Film, TV, video, radio and photography","5911 – Motion picture, video and television programme production activities",5
West Lindsey,"Film, TV, video, radio and photography","5912 – Motion picture, video and television programme post-production activities",0
West Lindsey,"Film, TV, video, radio and photography","5913 – Motion picture, video and television programme distribution activities",0
West Lindsey,"Film, TV, video, radio and photography",5914 – Motion picture projection activities,0
West Lindsey,"Film, TV, video, radio and photography",6010 – Radio broadcasting,0
West Lindsey,"Film, TV, video, radio and photography",6020 – Television programming and broadcasting activities,0
West Lindsey,"Film, TV, video, radio and photography",7420 – Photographic activities,5
West Lindsey,"IT, software and computer services",5821 – Publishing of computer games,0
West Lindsey,"IT, software and computer services",5829 – Other software publishing,0
West Lindsey,"IT, software and computer services",6201 – Computer programming activities,25
West Lindsey,"IT, software and computer services",6202 – Computer consultancy activities,45
West Lindsey,"Music, performing and visual arts",5920 – Sound recording and music publishing activities,0
West Lindsey,"Music, performing and visual arts",8552 – Cultural education,0
West Lindsey,"Music, performing and visual arts",9001 – Performing arts,10
West Lindsey,"Music, performing and visual arts",9002 – Support activities to performing arts,0
West Lindsey,"Music, performing and visual arts",9003 – Artistic creation,10
West Lindsey,"Music, performing and visual arts",9004 – Operation of arts facilities,0
West Lindsey,Publishing,5811 – Book publishing,0
West Lindsey,Publishing,5812 – Publishing of directories and mailing lists,0
West Lindsey,Publishing,5813 – Publishing of newspapers,0
West Lindsey,Publishing,5814 – Publishing of journals and periodicals,0
West Lindsey,Publishing,5819 – Other publishing activities,0
West Lindsey,Publishing,7430 – Translation and interpretation activities,0
West Northamptonshire,Advertising and marketing,7021 – Public relations and communication activities,35
West Northamptonshire,Advertising and marketing,7311 – Advertising agencies,115
West Northamptonshire,Advertising and marketing,7312 – Media representation,25
West Northamptonshire,Architecture,7111 – Architectural activities,80
West Northamptonshire,Crafts,3212 – Manufacture of jewellery and related articles,5
West Northamptonshire,Design and designer fashion,7410 – Specialised design activities,160
West Northamptonshire,"Film, TV, video, radio and photography","5911 – Motion picture, video and television programme production activities",90
West Northamptonshire,"Film, TV, video, radio and photography","5912 – Motion picture, video and television programme post-production activities",20
West Northamptonshire,"Film, TV, video, radio and photography","5913 – Motion picture, video and television programme distribution activities",5
West Northamptonshire,"Film, TV, video, radio and photography",5914 – Motion picture projection activities,0
West Northamptonshire,"Film, TV, video, radio and photography",6010 – Radio broadcasting,5
West Northamptonshire,"Film, TV, video, radio and photography",6020 – Television programming and broadcasting activities,5
West Northamptonshire,"Film, TV, video, radio and photography",7420 – Photographic activities,55
West Northamptonshire,"IT, software and computer services",5821 – Publishing of computer games,5
West Northamptonshire,"IT, software and computer services",5829 – Other software publishing,20
West Northamptonshire,"IT, software and computer services",6201 – Computer programming activities,160
West Northamptonshire,"IT, software and computer services",6202 – Computer consultancy activities,455
West Northamptonshire,"Music, performing and visual arts",5920 – Sound recording and music publishing activities,15
West Northamptonshire,"Music, performing and visual arts",8552 – Cultural education,15
West Northamptonshire,"Music, performing and visual arts",9001 – Performing arts,50
West Northamptonshire,"Music, performing and visual arts",9002 – Support activities to performing arts,35
West Northamptonshire,"Music, performing and visual arts",9003 – Artistic creation,75
West Northamptonshire,"Music, performing and visual arts",9004 – Operation of arts facilities,5
West Northamptonshire,Publishing,5811 – Book publishing,15
West Northamptonshire,Publishing,5812 – Publishing of directories and mailing lists,0
West Northamptonshire,Publishing,5813 – Publishing of newspapers,0
West Northamptonshire,Publishing,5814 – Publishing of journals and periodicals,5
West Northamptonshire,Publishing,5819 – Other publishing activities,15
West Northamptonshire,Publishing,7430 – Translation and interpretation activities,10
Babergh,Advertising and marketing,7021 – Public relations and communication activities,5
Babergh,Advertising and marketing,7311 – Advertising agencies,25
Babergh,Advertising and marketing,7312 – Media representation,5
Babergh,Architecture,7111 – Architectural activities,40
Babergh,Crafts,3212 – Manufacture of jewellery and related articles,0
Babergh,Design and designer fashion,7410 – Specialised design activities,30
Babergh,"Film, TV, video, radio and photography","5911 – Motion picture, video and television programme production activities",15
Babergh,"Film, TV, video, radio and photography","5912 – Motion picture, video and television programme post-production activities",0
Babergh,"Film, TV, video, radio and photography","5913 – Motion picture, video and television programme distribution activities",5
Babergh,"Film, TV, video, radio and photography",5914 – Motion picture projection activities,0
Babergh,"Film, TV, video, radio and photography",6010 – Radio broadcasting,0
Babergh,"Film, TV, video, radio and photography",6020 – Television programming and broadcasting activities,5
Babergh,"Film, TV, video, radio and photography",7420 – Photographic activities,15
Babergh,"IT, software and computer services",5821 – Publishing of computer games,0
Babergh,"IT, software and computer services",5829 – Other software publishing,0
Babergh,"IT, software and computer services",6201 – Computer programming activities,40
Babergh,"IT, software and computer services",6202 – Computer consultancy activities,65
Babergh,"Music, performing and visual arts",5920 – Sound recording and music publishing activities,5
Babergh,"Music, performing and visual arts",8552 – Cultural education,0
Babergh,"Music, performing and visual arts",9001 – Performing arts,10
Babergh,"Music, performing and visual arts",9002 – Support activities to performing arts,5
Babergh,"Music, performing and visual arts",9003 – Artistic creation,30
Babergh,"Music, performing and visual arts",9004 – Operation of arts facilities,0
Babergh,Publishing,5811 – Book publishing,0
Babergh,Publishing,5812 – Publishing of directories and mailing lists,0
Babergh,Publishing,5813 – Publishing of newspapers,0
Babergh,Publishing,5814 – Publishing of journals and periodicals,0
Babergh,Publishing,5819 – Other publishing activities,5
Babergh,Publishing,7430 – Translation and interpretation activities,0
Basildon,Advertising and marketing,7021 – Public relations and communication activities,5
Basildon,Advertising and marketing,7311 – Advertising agencies,30
Basildon,Advertising and marketing,7312 – Media representation,10
Basildon,Architecture,7111 – Architectural activities,35
Basildon,Crafts,3212 – Manufacture of jewellery and related articles,5
Basildon,Design and designer fashion,7410 – Specialised design activities,55
Basildon,"Film, TV, video, radio and photography","5911 – Motion picture, video and television programme production activities",30
Basildon,"Film, TV, video, radio and photography","5912 – Motion picture, video and television programme post-production activities",5
Basildon,"Film, TV, video, radio and photography","5913 – Motion picture, video and television programme distribution activities",5
Basildon,"Film, TV, video, radio and photography",5914 – Motion picture projection activities,0
Basildon,"Film, TV, video, radio and photography",6010 – Radio broadcasting,5
Basildon,"Film, TV, video, radio and photography",6020 – Television programming and broadcasting activities,0
Basildon,"Film, TV, video, radio and photography",7420 – Photographic activities,10
Basildon,"IT, software and computer services",5821 – Publishing of computer games,0
Basildon,"IT, software and computer services",5829 – Other software publishing,5
Basildon,"IT, software and computer services",6201 – Computer programming activities,50
Basildon,"IT, software and computer services",6202 – Computer consultancy activities,190
Basildon,"Music, performing and visual arts",5920 – Sound recording and music publishing activities,10
Basildon,"Music, performing and visual arts",8552 – Cultural education,5
Basildon,"Music, performing and visual arts",9001 – Performing arts,10
Basildon,"Music, performing and visual arts",9002 – Support activities to performing arts,10
Basildon,"Music, performing and visual arts",9003 – Artistic creation,15
Basildon,"Music, performing and visual arts",9004 – Operation of arts facilities,0
Basildon,Publishing,5811 – Book publishing,5
Basildon,Publishing,5812 – Publishing of directories and mailing lists,0
Basildon,Publishing,5813 – Publishing of newspapers,0
Basildon,Publishing,5814 – Publishing of journals and periodicals,5
Basildon,Publishing,5819 – Other publishing activities,10
Basildon,Publishing,7430 – Translation and interpretation activities,5
Bedford,Advertising and marketing,7021 – Public relations and communication activities,15
Bedford,Advertising and marketing,7311 – Advertising agencies,45
Bedford,Advertising and marketing,7312 – Media representation,10
Bedford,Architecture,7111 – Architectural activities,40
Bedford,Crafts,3212 – Manufacture of jewellery and related articles,0
Bedford,Design and designer fashion,7410 – Specialised design activities,60
Bedford,"Film, TV, video, radio and photography","5911 – Motion picture, video and television programme production activities",50
Bedford,"Film, TV, video, radio and photography","5912 – Motion picture, video and television programme post-production activities",5
Bedford,"Film, TV, video, radio and photography","5913 – Motion picture, video and television programme distribution activities",0
Bedford,"Film, TV, video, radio and photography",5914 – Motion picture projection activities,0
Bedford,"Film, TV, video, radio and photography",6010 – Radio broadcasting,0
Bedford,"Film, TV, video, radio and photography",6020 – Television programming and broadcasting activities,0
Bedford,"Film, TV, video, radio and photography",7420 – Photographic activities,20
Bedford,"IT, software and computer services",5821 – Publishing of computer games,0
Bedford,"IT, software and computer services",5829 – Other software publishing,10
Bedford,"IT, software and computer services",6201 – Computer programming activities,70
Bedford,"IT, software and computer services",6202 – Computer consultancy activities,225
Bedford,"Music, performing and visual arts",5920 – Sound recording and music publishing activities,10
Bedford,"Music, performing and visual arts",8552 – Cultural education,5
Bedford,"Music, performing and visual arts",9001 – Performing arts,30
Bedford,"Music, performing and visual arts",9002 – Support activities to performing arts,15
Bedford,"Music, performing and visual arts",9003 – Artistic creation,25
Bedford,"Music, performing and visual arts",9004 – Operation of arts facilities,0
Bedford,Publishing,5811 – Book publishing,5
Bedford,Publishing,5812 – Publishing of directories and mailing lists,0
Bedford,Publishing,5813 – Publishing of newspapers,0
Bedford,Publishing,5814 – Publishing of journals and periodicals,0
Bedford,Publishing,5819 – Other publishing activities,5
Bedford,Publishing,7430 – Translation and interpretation activities,0
Braintree,Advertising and marketing,7021 – Public relations and communication activities,10
Braintree,Advertising and marketing,7311 – Advertising agencies,40
Braintree,Advertising and marketing,7312 – Media representation,5
Braintree,Architecture,7111 – Architectural activities,30
Braintree,Crafts,3212 – Manufacture of jewellery and related articles,5
Braintree,Design and designer fashion,7410 – Specialised design activities,55
Braintree,"Film, TV, video, radio and photography","5911 – Motion picture, video and television programme production activities",30
Braintree,"Film, TV, video, radio and photography","5912 – Motion picture, video and television programme post-production activities",5
Braintree,"Film, TV, video, radio and photography","5913 – Motion picture, video and television programme distribution activities",0
Braintree,"Film, TV, video, radio and photography",5914 – Motion picture projection activities,0
Braintree,"Film, TV, video, radio and photography",6010 – Radio broadcasting,0
Braintree,"Film, TV, video, radio and photography",6020 – Television programming and broadcasting activities,5
Braintree,"Film, TV, video, radio and photography",7420 – Photographic activities,20
Braintree,"IT, software and computer services",5821 – Publishing of computer games,5
Braintree,"IT, software and computer services",5829 – Other software publishing,5
Braintree,"IT, software and computer services",6201 – Computer programming activities,45
Braintree,"IT, software and computer services",6202 – Computer consultancy activities,135
Braintree,"Music, performing and visual arts",5920 – Sound recording and music publishing activities,10
Braintree,"Music, performing and visual arts",8552 – Cultural education,10
Braintree,"Music, performing and visual arts",9001 – Performing arts,15
Braintree,"Music, performing and visual arts",9002 – Support activities to performing arts,15
Braintree,"Music, performing and visual arts",9003 – Artistic creation,40
Braintree,"Music, performing and visual arts",9004 – Operation of arts facilities,0
Braintree,Publishing,5811 – Book publishing,5
Braintree,Publishing,5812 – Publishing of directories and mailing lists,0
Braintree,Publishing,5813 – Publishing of newspapers,0
Braintree,Publishing,5814 – Publishing of journals and periodicals,5
Braintree,Publishing,5819 – Other publishing activities,15
Braintree,Publishing,7430 – Translation and interpretation activities,0
Breckland,Advertising and marketing,7021 – Public relations and communication activities,5
Breckland,Advertising and marketing,7311 – Advertising agencies,15
Breckland,Advertising and marketing,7312 – Media representation,5
Breckland,Architecture,7111 – Architectural activities,20
Breckland,Crafts,3212 – Manufacture of jewellery and related articles,0
Breckland,Design and designer fashion,7410 – Specialised design activities,30
Breckland,"Film, TV, video, radio and photography","5911 – Motion picture, video and television programme production activities",15
Breckland,"Film, TV, video, radio and photography","5912 – Motion picture, video and television programme post-production activities",0
Breckland,"Film, TV, video, radio and photography","5913 – Motion picture, video and television programme distribution activities",0
Breckland,"Film, TV, video, radio and photography",5914 – Motion picture projection activities,0
Breckland,"Film, TV, video, radio and photography",6010 – Radio broadcasting,0
Breckland,"Film, TV, video, radio and photography",6020 – Television programming and broadcasting activities,0
Breckland,"Film, TV, video, radio and photography",7420 – Photographic activities,10
Breckland,"IT, software and computer services",5821 – Publishing of computer games,0
Breckland,"IT, software and computer services",5829 – Other software publishing,5
Breckland,"IT, software and computer services",6201 – Computer programming activities,20
Breckland,"IT, software and computer services",6202 – Computer consultancy activities,70
Breckland,"Music, performing and visual arts",5920 – Sound recording and music publishing activities,5
Breckland,"Music, performing and visual arts",8552 – Cultural education,5
Breckland,"Music, performing and visual arts",9001 – Performing arts,10
Breckland,"Music, performing and visual arts",9002 – Support activities to performing arts,0
Breckland,"Music, performing and visual arts",9003 – Artistic creation,25
Breckland,"Music, performing and visual arts",9004 – Operation of arts facilities,0
Breckland,Publishing,5811 – Book publishing,0
Breckland,Publishing,5812 – Publishing of directories and mailing lists,0
Breckland,Publishing,5813 – Publishing of newspapers,0
Breckland,Publishing,5814 – Publishing of journals and periodicals,5
Breckland,Publishing,5819 – Other publishing activities,5
Breckland,Publishing,7430 – Translation and interpretation activities,0
Brentwood,Advertising and marketing,7021 – Public relations and communication activities,15
Brentwood,Advertising and marketing,7311 – Advertising agencies,35
Brentwood,Advertising and marketing,7312 – Media representation,15
Brentwood,Architecture,7111 – Architectural activities,25
Brentwood,Crafts,3212 – Manufacture of jewellery and related articles,5
Brentwood,Design and designer fashion,7410 – Specialised design activities,35
Brentwood,"Film, TV, video, radio and photography","5911 – Motion picture, video and television programme production activities",25
Brentwood,"Film, TV, video, radio and photography","5912 – Motion picture, video and television programme post-production activities",5
Brentwood,"Film, TV, video, radio and photography","5913 – Motion picture, video and television programme distribution activities",0
Brentwood,"Film, TV, video, radio and photography",5914 – Motion picture projection activities,0
Brentwood,"Film, TV, video, radio and photography",6010 – Radio broadcasting,0
Brentwood,"Film, TV, video, radio and photography",6020 – Television programming and broadcasting activities,0
Brentwood,"Film, TV, video, radio and photography",7420 – Photographic activities,15
Brentwood,"IT, software and computer services",5821 – Publishing of computer games,0
Brentwood,"IT, software and computer services",5829 – Other software publishing,5
Brentwood,"IT, software and computer services",6201 – Computer programming activities,50
Brentwood,"IT, software and computer services",6202 – Computer consultancy activities,140
Brentwood,"Music, performing and visual arts",5920 – Sound recording and music publishing activities,5
Brentwood,"Music, performing and visual arts",8552 – Cultural education,5
Brentwood,"Music, performing and visual arts",9001 – Performing arts,20
Brentwood,"Music, performing and visual arts",9002 – Support activities to performing arts,10
Brentwood,"Music, performing and visual arts",9003 – Artistic creation,15
Brentwood,"Music, performing and visual arts",9004 – Operation of arts facilities,0
Brentwood,Publishing,5811 – Book publishing,0
Brentwood,Publishing,5812 – Publishing of directories and mailing lists,0
Brentwood,Publishing,5813 – Publishing of newspapers,0
Brentwood,Publishing,5814 – Publishing of journals and periodicals,5
Brentwood,Publishing,5819 – Other publishing activities,5
Brentwood,Publishing,7430 – Translation and interpretation activities,0
Broadland,Advertising and marketing,7021 – Public relations and communication activities,10
Broadland,Advertising and marketing,7311 – Advertising agencies,45
Broadland,Advertising and marketing,7312 – Media representation,5
Broadland,Architecture,7111 – Architectural activities,15
Broadland,Crafts,3212 – Manufacture of jewellery and related articles,5
Broadland,Design and designer fashion,7410 – Specialised design activities,35
Broadland,"Film, TV, video, radio and photography","5911 – Motion picture, video and television programme production activities",25
Broadland,"Film, TV, video, radio and photography","5912 – Motion picture, video and television programme post-production activities",0
Broadland,"Film, TV, video, radio and photography","5913 – Motion picture, video and television programme distribution activities",0
Broadland,"Film, TV, video, radio and photography",5914 – Motion picture projection activities,0
Broadland,"Film, TV, video, radio and photography",6010 – Radio broadcasting,0
Broadland,"Film, TV, video, radio and photography",6020 – Television programming and broadcasting activities,0
Broadland,"Film, TV, video, radio and photography",7420 – Photographic activities,10
Broadland,"IT, software and computer services",5821 – Publishing of computer games,0
Broadland,"IT, software and computer services",5829 – Other software publishing,0
Broadland,"IT, software and computer services",6201 – Computer programming activities,35
Broadland,"IT, software and computer services",6202 – Computer consultancy activities,85
Broadland,"Music, performing and visual arts",5920 – Sound recording and music publishing activities,0
Broadland,"Music, performing and visual arts",8552 – Cultural education,0
Broadland,"Music, performing and visual arts",9001 – Performing arts,15
Broadland,"Music, performing and visual arts",9002 – Support activities to performing arts,5
Broadland,"Music, performing and visual arts",9003 – Artistic creation,15
Broadland,"Music, performing and visual arts",9004 – Operation of arts facilities,0
Broadland,Publishing,5811 – Book publishing,5
Broadland,Publishing,5812 – Publishing of directories and mailing lists,0
Broadland,Publishing,5813 – Publishing of newspapers,0
Broadland,Publishing,5814 – Publishing of journals and periodicals,5
Broadland,Publishing,5819 – Other publishing activities,5
Broadland,Publishing,7430 – Translation and interpretation activities,0
Broxbourne,Advertising and marketing,7021 – Public relations and communication activities,5
Broxbourne,Advertising and marketing,7311 – Advertising agencies,20
Broxbourne,Advertising and marketing,7312 – Media representation,5
Broxbourne,Architecture,7111 – Architectural activities,10
Broxbourne,Crafts,3212 – Manufacture of jewellery and related articles,0
Broxbourne,Design and designer fashion,7410 – Specialised design activities,40
Broxbourne,"Film, TV, video, radio and photography","5911 – Motion picture, video and television programme production activities",20
Broxbourne,"Film, TV, video, radio and photography","5912 – Motion picture, video and television programme post-production activities",5
Broxbourne,"Film, TV, video, radio and photography","5913 – Motion picture, video and television programme distribution activities",0
Broxbourne,"Film, TV, video, radio and photography",5914 – Motion picture projection activities,0
Broxbourne,"Film, TV, video, radio and photography",6010 – Radio broadcasting,0
Broxbourne,"Film, TV, video, radio and photography",6020 – Television programming and broadcasting activities,0
Broxbourne,"Film, TV, video, radio and photography",7420 – Photographic activities,15
Broxbourne,"IT, software and computer services",5821 – Publishing of computer games,0
Broxbourne,"IT, software and computer services",5829 – Other software publishing,5
Broxbourne,"IT, software and computer services",6201 – Computer programming activities,35
Broxbourne,"IT, software and computer services",6202 – Computer consultancy activities,105
Broxbourne,"Music, performing and visual arts",5920 – Sound recording and music publishing activities,5
Broxbourne,"Music, performing and visual arts",8552 – Cultural education,0
Broxbourne,"Music, performing and visual arts",9001 – Performing arts,20
Broxbourne,"Music, performing and visual arts",9002 – Support activities to performing arts,5
Broxbourne,"Music, performing and visual arts",9003 – Artistic creation,20
Broxbourne,"Music, performing and visual arts",9004 – Operation of arts facilities,0
Broxbourne,Publishing,5811 – Book publishing,0
Broxbourne,Publishing,5812 – Publishing of directories and mailing lists,0
Broxbourne,Publishing,5813 – Publishing of newspapers,0
Broxbourne,Publishing,5814 – Publishing of journals and periodicals,0
Broxbourne,Publishing,5819 – Other publishing activities,10
Broxbourne,Publishing,7430 – Translation and interpretation activities,5
Cambridge,Advertising and marketing,7021 – Public relations and communication activities,15
Cambridge,Advertising and marketing,7311 – Advertising agencies,30
Cambridge,Advertising and marketing,7312 – Media representation,15
Cambridge,Architecture,7111 – Architectural activities,60
Cambridge,Crafts,3212 – Manufacture of jewellery and related articles,0
Cambridge,Design and designer fashion,7410 – Specialised design activities,50
Cambridge,"Film, TV, video, radio and photography","5911 – Motion picture, video and television programme production activities",35
Cambridge,"Film, TV, video, radio and photography","5912 – Motion picture, video and television programme post-production activities",10
Cambridge,"Film, TV, video, radio and photography","5913 – Motion picture, video and television programme distribution activities",0
Cambridge,"Film, TV, video, radio and photography",5914 – Motion picture projection activities,0
Cambridge,"Film, TV, video, radio and photography",6010 – Radio broadcasting,5
Cambridge,"Film, TV, video, radio and photography",6020 – Television programming and broadcasting activities,0
Cambridge,"Film, TV, video, radio and photography",7420 – Photographic activities,10
Cambridge,"IT, software and computer services",5821 – Publishing of computer games,10
Cambridge,"IT, software and computer services",5829 – Other software publishing,25
Cambridge,"IT, software and computer services",6201 – Computer programming activities,190
Cambridge,"IT, software and computer services",6202 – Computer consultancy activities,245
Cambridge,"Music, performing and visual arts",5920 – Sound recording and music publishing activities,5
Cambridge,"Music, performing and visual arts",8552 – Cultural education,10
Cambridge,"Music, performing and visual arts",9001 – Performing arts,20
Cambridge,"Music, performing and visual arts",9002 – Support activities to performing arts,5
Cambridge,"Music, performing and visual arts",9003 – Artistic creation,55
Cambridge,"Music, performing and visual arts",9004 – Operation of arts facilities,5
Cambridge,Publishing,5811 – Book publishing,20
Cambridge,Publishing,5812 – Publishing of directories and mailing lists,0
Cambridge,Publishing,5813 – Publishing of newspapers,0
Cambridge,Publishing,5814 – Publishing of journals and periodicals,10
Cambridge,Publishing,5819 – Other publishing activities,15
Cambridge,Publishing,7430 – Translation and interpretation activities,10
Castle Point,Advertising and marketing,7021 – Public relations and communication activities,5
Castle Point,Advertising and marketing,7311 – Advertising agencies,15
Castle Point,Advertising and marketing,7312 – Media representation,10
Castle Point,Architecture,7111 – Architectural activities,15
Castle Point,Crafts,3212 – Manufacture of jewellery and related articles,0
Castle Point,Design and designer fashion,7410 – Specialised design activities,20
Castle Point,"Film, TV, video, radio and photography","5911 – Motion picture, video and television programme production activities",15
Castle Point,"Film, TV, video, radio and photography","5912 – Motion picture, video and television programme post-production activities",0
Castle Point,"Film, TV, video, radio and photography","5913 – Motion picture, video and television programme distribution activities",0
Castle Point,"Film, TV, video, radio and photography",5914 – Motion picture projection activities,0
Castle Point,"Film, TV, video, radio and photography",6010 – Radio broadcasting,0
Castle Point,"Film, TV, video, radio and photography",6020 – Television programming and broadcasting activities,0
Castle Point,"Film, TV, video, radio and photography",7420 – Photographic activities,5
Castle Point,"IT, software and computer services",5821 – Publishing of computer games,0
Castle Point,"IT, software and computer services",5829 – Other software publishing,0
Castle Point,"IT, software and computer services",6201 – Computer programming activities,10
Castle Point,"IT, software and computer services",6202 – Computer consultancy activities,55
Castle Point,"Music, performing and visual arts",5920 – Sound recording and music publishing activities,0
Castle Point,"Music, performing and visual arts",8552 – Cultural education,5
Castle Point,"Music, performing and visual arts",9001 – Performing arts,10
Castle Point,"Music, performing and visual arts",9002 – Support activities to performing arts,10
Castle Point,"Music, performing and visual arts",9003 – Artistic creation,15
Castle Point,"Music, performing and visual arts",9004 – Operation of arts facilities,0
Castle Point,Publishing,5811 – Book publishing,0
Castle Point,Publishing,5812 – Publishing of directories and mailing lists,0
Castle Point,Publishing,5813 – Publishing of newspapers,0
Castle Point,Publishing,5814 – Publishing of journals and periodicals,5
Castle Point,Publishing,5819 – Other publishing activities,0
Castle Point,Publishing,7430 – Translation and interpretation activities,0
Central Bedfordshire,Advertising and marketing,7021 – Public relations and communication activities,20
Central Bedfordshire,Advertising and marketing,7311 – Advertising agencies,60
Central Bedfordshire,Advertising and marketing,7312 – Media representation,20
Central Bedfordshire,Architecture,7111 – Architectural activities,65
Central Bedfordshire,Crafts,3212 – Manufacture of jewellery and related articles,5
Central Bedfordshire,Design and designer fashion,7410 – Specialised design activities,115
Central Bedfordshire,"Film, TV, video, radio and photography","5911 – Motion picture, video and television programme production activities",120
Central Bedfordshire,"Film, TV, video, radio and photography","5912 – Motion picture, video and television programme post-production activities",15
Central Bedfordshire,"Film, TV, video, radio and photography","5913 – Motion picture, video and television programme distribution activities",0
Central Bedfordshire,"Film, TV, video, radio and photography",5914 – Motion picture projection activities,0
Central Bedfordshire,"Film, TV, video, radio and photography",6010 – Radio broadcasting,0
Central Bedfordshire,"Film, TV, video, radio and photography",6020 – Television programming and broadcasting activities,5
Central Bedfordshire,"Film, TV, video, radio and photography",7420 – Photographic activities,35
Central Bedfordshire,"IT, software and computer services",5821 – Publishing of computer games,0
Central Bedfordshire,"IT, software and computer services",5829 – Other software publishing,10
Central Bedfordshire,"IT, software and computer services",6201 – Computer programming activities,115
Central Bedfordshire,"IT, software and computer services",6202 – Computer consultancy activities,370
Central Bedfordshire,"Music, performing and visual arts",5920 – Sound recording and music publishing activities,15
Central Bedfordshire,"Music, performing and visual arts",8552 – Cultural education,10
Central Bedfordshire,"Music, performing and visual arts",9001 – Performing arts,50
Central Bedfordshire,"Music, performing and visual arts",9002 – Support activities to performing arts,35
Central Bedfordshire,"Music, performing and visual arts",9003 – Artistic creation,45
Central Bedfordshire,"Music, performing and visual arts",9004 – Operation of arts facilities,5
Central Bedfordshire,Publishing,5811 – Book publishing,10
Central Bedfordshire,Publishing,5812 – Publishing of directories and mailing lists,0
Central Bedfordshire,Publishing,5813 – Publishing of newspapers,0
Central Bedfordshire,Publishing,5814 – Publishing of journals and periodicals,10
Central Bedfordshire,Publishing,5819 – Other publishing activities,15
Central Bedfordshire,Publishing,7430 – Translation and interpretation activities,5
Chelmsford,Advertising and marketing,7021 – Public relations and communication activities,20
Chelmsford,Advertising and marketing,7311 – Advertising agencies,55
Chelmsford,Advertising and marketing,7312 – Media representation,10
Chelmsford,Architecture,7111 – Architectural activities,65
Chelmsford,Crafts,3212 – Manufacture of jewellery and related articles,10
Chelmsford,Design and designer fashion,7410 – Specialised design activities,70
Chelmsford,"Film, TV, video, radio and photography","5911 – Motion picture, video and television programme production activities",40
Chelmsford,"Film, TV, video, radio and photography","5912 – Motion picture, video and television programme post-production activities",10
Chelmsford,"Film, TV, video, radio and photography","5913 – Motion picture, video and television programme distribution activities",0
Chelmsford,"Film, TV, video, radio and photography",5914 – Motion picture projection activities,0
Chelmsford,"Film, TV, video, radio and photography",6010 – Radio broadcasting,5
Chelmsford,"Film, TV, video, radio and photography",6020 – Television programming and broadcasting activities,5
Chelmsford,"Film, TV, video, radio and photography",7420 – Photographic activities,30
Chelmsford,"IT, software and computer services",5821 – Publishing of computer games,0
Chelmsford,"IT, software and computer services",5829 – Other software publishing,5
Chelmsford,"IT, software and computer services",6201 – Computer programming activities,90
Chelmsford,"IT, software and computer services",6202 – Computer consultancy activities,330
Chelmsford,"Music, performing and visual arts",5920 – Sound recording and music publishing activities,10
Chelmsford,"Music, performing and visual arts",8552 – Cultural education,10
Chelmsford,"Music, performing and visual arts",9001 – Performing arts,20
Chelmsford,"Music, performing and visual arts",9002 – Support activities to performing arts,10
Chelmsford,"Music, performing and visual arts",9003 – Artistic creation,30
Chelmsford,"Music, performing and visual arts",9004 – Operation of arts facilities,0
Chelmsford,Publishing,5811 – Book publishing,5
Chelmsford,Publishing,5812 – Publishing of directories and mailing lists,0
Chelmsford,Publishing,5813 – Publishing of newspapers,10
Chelmsford,Publishing,5814 – Publishing of journals and periodicals,5
Chelmsford,Publishing,5819 – Other publishing activities,10
Chelmsford,Publishing,7430 – Translation and interpretation activities,10
Colchester,Advertising and marketing,7021 – Public relations and communication activities,15
Colchester,Advertising and marketing,7311 – Advertising agencies,65
Colchester,Advertising and marketing,7312 – Media representation,20
Colchester,Architecture,7111 – Architectural activities,60
Colchester,Crafts,3212 – Manufacture of jewellery and related articles,0
Colchester,Design and designer fashion,7410 – Specialised design activities,60
Colchester,"Film, TV, video, radio and photography","5911 – Motion picture, video and television programme production activities",40
Colchester,"Film, TV, video, radio and photography","5912 – Motion picture, video and television programme post-production activities",5
Colchester,"Film, TV, video, radio and photography","5913 – Motion picture, video and television programme distribution activities",5
Colchester,"Film, TV, video, radio and photography",5914 – Motion picture projection activities,0
Colchester,"Film, TV, video, radio and photography",6010 – Radio broadcasting,0
Colchester,"Film, TV, video, radio and photography",6020 – Television programming and broadcasting activities,5
Colchester,"Film, TV, video, radio and photography",7420 – Photographic activities,25
Colchester,"IT, software and computer services",5821 – Publishing of computer games,5
Colchester,"IT, software and computer services",5829 – Other software publishing,5
Colchester,"IT, software and computer services",6201 – Computer programming activities,75
Colchester,"IT, software and computer services",6202 – Computer consultancy activities,210
Colchester,"Music, performing and visual arts",5920 – Sound recording and music publishing activities,5
Colchester,"Music, performing and visual arts",8552 – Cultural education,5
Colchester,"Music, performing and visual arts",9001 – Performing arts,15
Colchester,"Music, performing and visual arts",9002 – Support activities to performing arts,15
Colchester,"Music, performing and visual arts",9003 – Artistic creation,40
Colchester,"Music, performing and visual arts",9004 – Operation of arts facilities,0
Colchester,Publishing,5811 – Book publishing,5
Colchester,Publishing,5812 – Publishing of directories and mailing lists,0
Colchester,Publishing,5813 – Publishing of newspapers,0
Colchester,Publishing,5814 – Publishing of journals and periodicals,5
Colchester,Publishing,5819 – Other publishing activities,15
Colchester,Publishing,7430 – Translation and interpretation activities,5
Dacorum,Advertising and marketing,7021 – Public relations and communication activities,20
Dacorum,Advertising and marketing,7311 – Advertising agencies,70
Dacorum,Advertising and marketing,7312 – Media representation,15
Dacorum,Architecture,7111 – Architectural activities,45
Dacorum,Crafts,3212 – Manufacture of jewellery and related articles,0
Dacorum,Design and designer fashion,7410 – Specialised design activities,95
Dacorum,"Film, TV, video, radio and photography","5911 – Motion picture, video and television programme production activities",165
Dacorum,"Film, TV, video, radio and photography","5912 – Motion picture, video and television programme post-production activities",25
Dacorum,"Film, TV, video, radio and photography","5913 – Motion picture, video and television programme distribution activities",0
Dacorum,"Film, TV, video, radio and photography",5914 – Motion picture projection activities,0
Dacorum,"Film, TV, video, radio and photography",6010 – Radio broadcasting,5
Dacorum,"Film, TV, video, radio and photography",6020 – Television programming and broadcasting activities,10
Dacorum,"Film, TV, video, radio and photography",7420 – Photographic activities,25
Dacorum,"IT, software and computer services",5821 – Publishing of computer games,0
Dacorum,"IT, software and computer services",5829 – Other software publishing,5
Dacorum,"IT, software and computer services",6201 – Computer programming activities,105
Dacorum,"IT, software and computer services",6202 – Computer consultancy activities,330
Dacorum,"Music, performing and visual arts",5920 – Sound recording and music publishing activities,10
Dacorum,"Music, performing and visual arts",8552 – Cultural education,5
Dacorum,"Music, performing and visual arts",9001 – Performing arts,40
Dacorum,"Music, performing and visual arts",9002 – Support activities to performing arts,35
Dacorum,"Music, performing and visual arts",9003 – Artistic creation,60
Dacorum,"Music, performing and visual arts",9004 – Operation of arts facilities,0
Dacorum,Publishing,5811 – Book publishing,10
Dacorum,Publishing,5812 – Publishing of directories and mailing lists,0
Dacorum,Publishing,5813 – Publishing of newspapers,0
Dacorum,Publishing,5814 – Publishing of journals and periodicals,15
Dacorum,Publishing,5819 – Other publishing activities,10
Dacorum,Publishing,7430 – Translation and interpretation activities,5
East Cambridgeshire,Advertising and marketing,7021 – Public relations and communication activities,0
East Cambridgeshire,Advertising and marketing,7311 – Advertising agencies,25
East Cambridgeshire,Advertising and marketing,7312 – Media representation,5
East Cambridgeshire,Architecture,7111 – Architectural activities,30
East Cambridgeshire,Crafts,3212 – Manufacture of jewellery and related articles,0
East Cambridgeshire,Design and designer fashion,7410 – Specialised design activities,30
East Cambridgeshire,"Film, TV, video, radio and photography","5911 – Motion picture, video and television programme production activities",15
East Cambridgeshire,"Film, TV, video, radio and photography","5912 – Motion picture, video and television programme post-production activities",0
East Cambridgeshire,"Film, TV, video, radio and photography","5913 – Motion picture, video and television programme distribution activities",0
East Cambridgeshire,"Film, TV, video, radio and photography",5914 – Motion picture projection activities,0
East Cambridgeshire,"Film, TV, video, radio and photography",6010 – Radio broadcasting,0
East Cambridgeshire,"Film, TV, video, radio and photography",6020 – Television programming and broadcasting activities,0
East Cambridgeshire,"Film, TV, video, radio and photography",7420 – Photographic activities,10
East Cambridgeshire,"IT, software and computer services",5821 – Publishing of computer games,0
East Cambridgeshire,"IT, software and computer services",5829 – Other software publishing,5
East Cambridgeshire,"IT, software and computer services",6201 – Computer programming activities,40
East Cambridgeshire,"IT, software and computer services",6202 – Computer consultancy activities,100
East Cambridgeshire,"Music, performing and visual arts",5920 – Sound recording and music publishing activities,0
East Cambridgeshire,"Music, performing and visual arts",8552 – Cultural education,0
East Cambridgeshire,"Music, performing and visual arts",9001 – Performing arts,10
East Cambridgeshire,"Music, performing and visual arts",9002 – Support activities to performing arts,5
East Cambridgeshire,"Music, performing and visual arts",9003 – Artistic creation,15
East Cambridgeshire,"Music, performing and visual arts",9004 – Operation of arts facilities,0
East Cambridgeshire,Publishing,5811 – Book publishing,5
East Cambridgeshire,Publishing,5812 – Publishing of directories and mailing lists,0
East Cambridgeshire,Publishing,5813 – Publishing of newspapers,0
East Cambridgeshire,Publishing,5814 – Publishing of journals and periodicals,5
East Cambridgeshire,Publishing,5819 – Other publishing activities,10
East Cambridgeshire,Publishing,7430 – Translation and interpretation activities,0
East Hertfordshire,Advertising and marketing,7021 – Public relations and communication activities,30
East Hertfordshire,Advertising and marketing,7311 – Advertising agencies,90
East Hertfordshire,Advertising and marketing,7312 – Media representation,10
East Hertfordshire,Architecture,7111 – Architectural activities,55
East Hertfordshire,Crafts,3212 – Manufacture of jewellery and related articles,5
East Hertfordshire,Design and designer fashion,7410 – Specialised design activities,110
East Hertfordshire,"Film, TV, video, radio and photography","5911 – Motion picture, video and television programme production activities",85
East Hertfordshire,"Film, TV, video, radio and photography","5912 – Motion picture, video and television programme post-production activities",10
East Hertfordshire,"Film, TV, video, radio and photography","5913 – Motion picture, video and television programme distribution activities",0
East Hertfordshire,"Film, TV, video, radio and photography",5914 – Motion picture projection activities,0
East Hertfordshire,"Film, TV, video, radio and photography",6010 – Radio broadcasting,0
East Hertfordshire,"Film, TV, video, radio and photography",6020 – Television programming and broadcasting activities,0
East Hertfordshire,"Film, TV, video, radio and photography",7420 – Photographic activities,40
East Hertfordshire,"IT, software and computer services",5821 – Publishing of computer games,0
East Hertfordshire,"IT, software and computer services",5829 – Other software publishing,10
East Hertfordshire,"IT, software and computer services",6201 – Computer programming activities,70
East Hertfordshire,"IT, software and computer services",6202 – Computer consultancy activities,230
East Hertfordshire,"Music, performing and visual arts",5920 – Sound recording and music publishing activities,15
East Hertfordshire,"Music, performing and visual arts",8552 – Cultural education,10
East Hertfordshire,"Music, performing and visual arts",9001 – Performing arts,25
East Hertfordshire,"Music, performing and visual arts",9002 – Support activities to performing arts,20
East Hertfordshire,"Music, performing and visual arts",9003 – Artistic creation,55
East Hertfordshire,"Music, performing and visual arts",9004 – Operation of arts facilities,0
East Hertfordshire,Publishing,5811 – Book publishing,10
East Hertfordshire,Publishing,5812 – Publishing of directories and mailing lists,0
East Hertfordshire,Publishing,5813 – Publishing of newspapers,0
East Hertfordshire,Publishing,5814 – Publishing of journals and periodicals,5
East Hertfordshire,Publishing,5819 – Other publishing activities,10
East Hertfordshire,Publishing,7430 – Translation and interpretation activities,5
East Suffolk,Advertising and marketing,7021 – Public relations and communication activities,15
East Suffolk,Advertising and marketing,7311 – Advertising agencies,40
East Suffolk,Advertising and marketing,7312 – Media representation,10
East Suffolk,Architecture,7111 – Architectural activities,55
East Suffolk,Crafts,3212 – Manufacture of jewellery and related articles,5
East Suffolk,Design and designer fashion,7410 – Specialised design activities,75
East Suffolk,"Film, TV, video, radio and photography","5911 – Motion picture, video and television programme production activities",50
East Suffolk,"Film, TV, video, radio and photography","5912 – Motion picture, video and television programme post-production activities",10
East Suffolk,"Film, TV, video, radio and photography","5913 – Motion picture, video and television programme distribution activities",0
East Suffolk,"Film, TV, video, radio and photography",5914 – Motion picture projection activities,5
East Suffolk,"Film, TV, video, radio and photography",6010 – Radio broadcasting,0
East Suffolk,"Film, TV, video, radio and photography",6020 – Television programming and broadcasting activities,0
East Suffolk,"Film, TV, video, radio and photography",7420 – Photographic activities,25
East Suffolk,"IT, software and computer services",5821 – Publishing of computer games,0
East Suffolk,"IT, software and computer services",5829 – Other software publishing,5
East Suffolk,"IT, software and computer services",6201 – Computer programming activities,65
East Suffolk,"IT, software and computer services",6202 – Computer consultancy activities,145
East Suffolk,"Music, performing and visual arts",5920 – Sound recording and music publishing activities,5
East Suffolk,"Music, performing and visual arts",8552 – Cultural education,5
East Suffolk,"Music, performing and visual arts",9001 – Performing arts,30
East Suffolk,"Music, performing and visual arts",9002 – Support activities to performing arts,10
East Suffolk,"Music, performing and visual arts",9003 – Artistic creation,50
East Suffolk,"Music, performing and visual arts",9004 – Operation of arts facilities,5
East Suffolk,Publishing,5811 – Book publishing,10
East Suffolk,Publishing,5812 – Publishing of directories and mailing lists,0
East Suffolk,Publishing,5813 – Publishing of newspapers,0
East Suffolk,Publishing,5814 – Publishing of journals and periodicals,10
East Suffolk,Publishing,5819 – Other publishing activities,15
East Suffolk,Publishing,7430 – Translation and interpretation activities,5
Epping Forest,Advertising and marketing,7021 – Public relations and communication activities,15
Epping Forest,Advertising and marketing,7311 – Advertising agencies,40
Epping Forest,Advertising and marketing,7312 – Media representation,25
Epping Forest,Architecture,7111 – Architectural activities,30
Epping Forest,Crafts,3212 – Manufacture of jewellery and related articles,5
Epping Forest,Design and designer fashion,7410 – Specialised design activities,75
Epping Forest,"Film, TV, video, radio and photography","5911 – Motion picture, video and television programme production activities",65
Epping Forest,"Film, TV, video, radio and photography","5912 – Motion picture, video and television programme post-production activities",10
Epping Forest,"Film, TV, video, radio and photography","5913 – Motion picture, video and television programme distribution activities",0
Epping Forest,"Film, TV, video, radio and photography",5914 – Motion picture projection activities,0
Epping Forest,"Film, TV, video, radio and photography",6010 – Radio broadcasting,0
Epping Forest,"Film, TV, video, radio and photography",6020 – Television programming and broadcasting activities,0
Epping Forest,"Film, TV, video, radio and photography",7420 – Photographic activities,25
Epping Forest,"IT, software and computer services",5821 – Publishing of computer games,0
Epping Forest,"IT, software and computer services",5829 – Other software publishing,5
Epping Forest,"IT, software and computer services",6201 – Computer programming activities,55
Epping Forest,"IT, software and computer services",6202 – Computer consultancy activities,190
Epping Forest,"Music, performing and visual arts",5920 – Sound recording and music publishing activities,20
Epping Forest,"Music, performing and visual arts",8552 – Cultural education,5
Epping Forest,"Music, performing and visual arts",9001 – Performing arts,25
Epping Forest,"Music, performing and visual arts",9002 – Support activities to performing arts,15
Epping Forest,"Music, performing and visual arts",9003 – Artistic creation,45
Epping Forest,"Music, performing and visual arts",9004 – Operation of arts facilities,0
Epping Forest,Publishing,5811 – Book publishing,0
Epping Forest,Publishing,5812 – Publishing of directories and mailing lists,0
Epping Forest,Publishing,5813 – Publishing of newspapers,0
Epping Forest,Publishing,5814 – Publishing of journals and periodicals,5
Epping Forest,Publishing,5819 – Other publishing activities,5
Epping Forest,Publishing,7430 – Translation and interpretation activities,0
Fenland,Advertising and marketing,7021 – Public relations and communication activities,0
Fenland,Advertising and marketing,7311 – Advertising agencies,10
Fenland,Advertising and marketing,7312 – Media representation,0
Fenland,Architecture,7111 – Architectural activities,10
Fenland,Crafts,3212 – Manufacture of jewellery and related articles,0
Fenland,Design and designer fashion,7410 – Specialised design activities,15
Fenland,"Film, TV, video, radio and photography","5911 – Motion picture, video and television programme production activities",5
Fenland,"Film, TV, video, radio and photography","5912 – Motion picture, video and television programme post-production activities",0
Fenland,"Film, TV, video, radio and photography","5913 – Motion picture, video and television programme distribution activities",0
Fenland,"Film, TV, video, radio and photography",5914 – Motion picture projection activities,0
Fenland,"Film, TV, video, radio and photography",6010 – Radio broadcasting,0
Fenland,"Film, TV, video, radio and photography",6020 – Television programming and broadcasting activities,0
Fenland,"Film, TV, video, radio and photography",7420 – Photographic activities,5
Fenland,"IT, software and computer services",5821 – Publishing of computer games,0
Fenland,"IT, software and computer services",5829 – Other software publishing,0
Fenland,"IT, software and computer services",6201 – Computer programming activities,15
Fenland,"IT, software and computer services",6202 – Computer consultancy activities,50
Fenland,"Music, performing and visual arts",5920 – Sound recording and music publishing activities,0
Fenland,"Music, performing and visual arts",8552 – Cultural education,0
Fenland,"Music, performing and visual arts",9001 – Performing arts,5
Fenland,"Music, performing and visual arts",9002 – Support activities to performing arts,5
Fenland,"Music, performing and visual arts",9003 – Artistic creation,5
Fenland,"Music, performing and visual arts",9004 – Operation of arts facilities,0
Fenland,Publishing,5811 – Book publishing,0
Fenland,Publishing,5812 – Publishing of directories and mailing lists,0
Fenland,Publishing,5813 – Publishing of newspapers,0
Fenland,Publishing,5814 – Publishing of journals and periodicals,0
Fenland,Publishing,5819 – Other publishing activities,5
Fenland,Publishing,7430 – Translation and interpretation activities,0
Great Yarmouth,Advertising and marketing,7021 – Public relations and communication activities,0
Great Yarmouth,Advertising and marketing,7311 – Advertising agencies,10
Great Yarmouth,Advertising and marketing,7312 – Media representation,5
Great Yarmouth,Architecture,7111 – Architectural activities,10
Great Yarmouth,Crafts,3212 – Manufacture of jewellery and related articles,0
Great Yarmouth,Design and designer fashion,7410 – Specialised design activities,15
Great Yarmouth,"Film, TV, video, radio and photography","5911 – Motion picture, video and television programme production activities",5
Great Yarmouth,"Film, TV, video, radio and photography","5912 – Motion picture, video and television programme post-production activities",0
Great Yarmouth,"Film, TV, video, radio and photography","5913 – Motion picture, video and television programme distribution activities",0
Great Yarmouth,"Film, TV, video, radio and photography",5914 – Motion picture projection activities,0
Great Yarmouth,"Film, TV, video, radio and photography",6010 – Radio broadcasting,0
Great Yarmouth,"Film, TV, video, radio and photography",6020 – Television programming and broadcasting activities,0
Great Yarmouth,"Film, TV, video, radio and photography",7420 – Photographic activities,5
Great Yarmouth,"IT, software and computer services",5821 – Publishing of computer games,0
Great Yarmouth,"IT, software and computer services",5829 – Other software publishing,0
Great Yarmouth,"IT, software and computer services",6201 – Computer programming activities,10
Great Yarmouth,"IT, software and computer services",6202 – Computer consultancy activities,15
Great Yarmouth,"Music, performing and visual arts",5920 – Sound recording and music publishing activities,0
Great Yarmouth,"Music, performing and visual arts",8552 – Cultural education,0
Great Yarmouth,"Music, performing and visual arts",9001 – Performing arts,5
Great Yarmouth,"Music, performing and visual arts",9002 – Support activities to performing arts,0
Great Yarmouth,"Music, performing and visual arts",9003 – Artistic creation,10
Great Yarmouth,"Music, performing and visual arts",9004 – Operation of arts facilities,0
Great Yarmouth,Publishing,5811 – Book publishing,0
Great Yarmouth,Publishing,5812 – Publishing of directories and mailing lists,0
Great Yarmouth,Publishing,5813 – Publishing of newspapers,0
Great Yarmouth,Publishing,5814 – Publishing of journals and periodicals,0
Great Yarmouth,Publishing,5819 – Other publishing activities,0
Great Yarmouth,Publishing,7430 – Translation and interpretation activities,0
Harlow,Advertising and marketing,7021 – Public relations and communication activities,5
Harlow,Advertising and marketing,7311 – Advertising agencies,15
Harlow,Advertising and marketing,7312 – Media representation,5
Harlow,Architecture,7111 – Architectural activities,10
Harlow,Crafts,3212 – Manufacture of jewellery and related articles,0
Harlow,Design and designer fashion,7410 – Specialised design activities,15
Harlow,"Film, TV, video, radio and photography","5911 – Motion picture, video and television programme production activities",15
Harlow,"Film, TV, video, radio and photography","5912 – Motion picture, video and television programme post-production activities",0
Harlow,"Film, TV, video, radio and photography","5913 – Motion picture, video and television programme distribution activities",0
Harlow,"Film, TV, video, radio and photography",5914 – Motion picture projection activities,0
Harlow,"Film, TV, video, radio and photography",6010 – Radio broadcasting,0
Harlow,"Film, TV, video, radio and photography",6020 – Television programming and broadcasting activities,0
Harlow,"Film, TV, video, radio and photography",7420 – Photographic activities,10
Harlow,"IT, software and computer services",5821 – Publishing of computer games,0
Harlow,"IT, software and computer services",5829 – Other software publishing,5
Harlow,"IT, software and computer services",6201 – Computer programming activities,25
Harlow,"IT, software and computer services",6202 – Computer consultancy activities,85
Harlow,"Music, performing and visual arts",5920 – Sound recording and music publishing activities,5
Harlow,"Music, performing and visual arts",8552 – Cultural education,0
Harlow,"Music, performing and visual arts",9001 – Performing arts,15
Harlow,"Music, performing and visual arts",9002 – Support activities to performing arts,10
Harlow,"Music, performing and visual arts",9003 – Artistic creation,15
Harlow,"Music, performing and visual arts",9004 – Operation of arts facilities,0
Harlow,Publishing,5811 – Book publishing,0
Harlow,Publishing,5812 – Publishing of directories and mailing lists,0
Harlow,Publishing,5813 – Publishing of newspapers,0
Harlow,Publishing,5814 – Publishing of journals and periodicals,0
Harlow,Publishing,5819 – Other publishing activities,0
Harlow,Publishing,7430 – Translation and interpretation activities,0
Hertsmere,Advertising and marketing,7021 – Public relations and communication activities,20
Hertsmere,Advertising and marketing,7311 – Advertising agencies,60
Hertsmere,Advertising and marketing,7312 – Media representation,10
Hertsmere,Architecture,7111 – Architectural activities,30
Hertsmere,Crafts,3212 – Manufacture of jewellery and related articles,10
Hertsmere,Design and designer fashion,7410 – Specialised design activities,70
Hertsmere,"Film, TV, video, radio and photography","5911 – Motion picture, video and television programme production activities",160
Hertsmere,"Film, TV, video, radio and photography","5912 – Motion picture, video and television programme post-production activities",15
Hertsmere,"Film, TV, video, radio and photography","5913 – Motion picture, video and television programme distribution activities",5
Hertsmere,"Film, TV, video, radio and photography",5914 – Motion picture projection activities,0
Hertsmere,"Film, TV, video, radio and photography",6010 – Radio broadcasting,5
Hertsmere,"Film, TV, video, radio and photography",6020 – Television programming and broadcasting activities,0
Hertsmere,"Film, TV, video, radio and photography",7420 – Photographic activities,30
Hertsmere,"IT, software and computer services",5821 – Publishing of computer games,0
Hertsmere,"IT, software and computer services",5829 – Other software publishing,5
Hertsmere,"IT, software and computer services",6201 – Computer programming activities,75
Hertsmere,"IT, software and computer services",6202 – Computer consultancy activities,325
Hertsmere,"Music, performing and visual arts",5920 – Sound recording and music publishing activities,15
Hertsmere,"Music, performing and visual arts",8552 – Cultural education,0
Hertsmere,"Music, performing and visual arts",9001 – Performing arts,45
Hertsmere,"Music, performing and visual arts",9002 – Support activities to performing arts,55
Hertsmere,"Music, performing and visual arts",9003 – Artistic creation,35
Hertsmere,"Music, performing and visual arts",9004 – Operation of arts facilities,5
Hertsmere,Publishing,5811 – Book publishing,10
Hertsmere,Publishing,5812 – Publishing of directories and mailing lists,0
Hertsmere,Publishing,5813 – Publishing of newspapers,0
Hertsmere,Publishing,5814 – Publishing of journals and periodicals,5
Hertsmere,Publishing,5819 – Other publishing activities,10
Hertsmere,Publishing,7430 – Translation and interpretation activities,0
Huntingdonshire,Advertising and marketing,7021 – Public relations and communication activities,15
Huntingdonshire,Advertising and marketing,7311 – Advertising agencies,40
Huntingdonshire,Advertising and marketing,7312 – Media representation,15
Huntingdonshire,Architecture,7111 – Architectural activities,40
Huntingdonshire,Crafts,3212 – Manufacture of jewellery and related articles,0
Huntingdonshire,Design and designer fashion,7410 – Specialised design activities,60
Huntingdonshire,"Film, TV, video, radio and photography","5911 – Motion picture, video and television programme production activities",30
Huntingdonshire,"Film, TV, video, radio and photography","5912 – Motion picture, video and television programme post-production activities",5
Huntingdonshire,"Film, TV, video, radio and photography","5913 – Motion picture, video and television programme distribution activities",0
Huntingdonshire,"Film, TV, video, radio and photography",5914 – Motion picture projection activities,0
Huntingdonshire,"Film, TV, video, radio and photography",6010 – Radio broadcasting,0
Huntingdonshire,"Film, TV, video, radio and photography",6020 – Television programming and broadcasting activities,5
Huntingdonshire,"Film, TV, video, radio and photography",7420 – Photographic activities,20
Huntingdonshire,"IT, software and computer services",5821 – Publishing of computer games,5
Huntingdonshire,"IT, software and computer services",5829 – Other software publishing,10
Huntingdonshire,"IT, software and computer services",6201 – Computer programming activities,85
Huntingdonshire,"IT, software and computer services",6202 – Computer consultancy activities,205
Huntingdonshire,"Music, performing and visual arts",5920 – Sound recording and music publishing activities,10
Huntingdonshire,"Music, performing and visual arts",8552 – Cultural education,5
Huntingdonshire,"Music, performing and visual arts",9001 – Performing arts,15
Huntingdonshire,"Music, performing and visual arts",9002 – Support activities to performing arts,10
Huntingdonshire,"Music, performing and visual arts",9003 – Artistic creation,15
Huntingdonshire,"Music, performing and visual arts",9004 – Operation of arts facilities,5
Huntingdonshire,Publishing,5811 – Book publishing,5
Huntingdonshire,Publishing,5812 – Publishing of directories and mailing lists,0
Huntingdonshire,Publishing,5813 – Publishing of newspapers,0
Huntingdonshire,Publishing,5814 – Publishing of journals and periodicals,5
Huntingdonshire,Publishing,5819 – Other publishing activities,10
Huntingdonshire,Publishing,7430 – Translation and interpretation activities,0
Ipswich,Advertising and marketing,7021 – Public relations and communication activities,5
Ipswich,Advertising and marketing,7311 – Advertising agencies,25
Ipswich,Advertising and marketing,7312 – Media representation,0
Ipswich,Architecture,7111 – Architectural activities,20
Ipswich,Crafts,3212 – Manufacture of jewellery and related articles,0
Ipswich,Design and designer fashion,7410 – Specialised design activities,35
Ipswich,"Film, TV, video, radio and photography","5911 – Motion picture, video and television programme production activities",15
Ipswich,"Film, TV, video, radio and photography","5912 – Motion picture, video and television programme post-production activities",0
Ipswich,"Film, TV, video, radio and photography","5913 – Motion picture, video and television programme distribution activities",0
Ipswich,"Film, TV, video, radio and photography",5914 – Motion picture projection activities,0
Ipswich,"Film, TV, video, radio and photography",6010 – Radio broadcasting,0
Ipswich,"Film, TV, video, radio and photography",6020 – Television programming and broadcasting activities,0
Ipswich,"Film, TV, video, radio and photography",7420 – Photographic activities,5
Ipswich,"IT, software and computer services",5821 – Publishing of computer games,0
Ipswich,"IT, software and computer services",5829 – Other software publishing,0
Ipswich,"IT, software and computer services",6201 – Computer programming activities,45
Ipswich,"IT, software and computer services",6202 – Computer consultancy activities,130
Ipswich,"Music, performing and visual arts",5920 – Sound recording and music publishing activities,5
Ipswich,"Music, performing and visual arts",8552 – Cultural education,5
Ipswich,"Music, performing and visual arts",9001 – Performing arts,10
Ipswich,"Music, performing and visual arts",9002 – Support activities to performing arts,5
Ipswich,"Music, performing and visual arts",9003 – Artistic creation,15
Ipswich,"Music, performing and visual arts",9004 – Operation of arts facilities,5
Ipswich,Publishing,5811 – Book publishing,5
Ipswich,Publishing,5812 – Publishing of directories and mailing lists,0
Ipswich,Publishing,5813 – Publishing of newspapers,0
Ipswich,Publishing,5814 – Publishing of journals and periodicals,5
Ipswich,Publishing,5819 – Other publishing activities,5
Ipswich,Publishing,7430 – Translation and interpretation activities,0
King's Lynn and West Norfolk,Advertising and marketing,7021 – Public relations and communication activities,5
King's Lynn and West Norfolk,Advertising and marketing,7311 – Advertising agencies,20
King's Lynn and West Norfolk,Advertising and marketing,7312 – Media representation,5
King's Lynn and West Norfolk,Architecture,7111 – Architectural activities,40
King's Lynn and West Norfolk,Crafts,3212 – Manufacture of jewellery and related articles,0
King's Lynn and West Norfolk,Design and designer fashion,7410 – Specialised design activities,30
King's Lynn and West Norfolk,"Film, TV, video, radio and photography","5911 – Motion picture, video and television programme production activities",15
King's Lynn and West Norfolk,"Film, TV, video, radio and photography","5912 – Motion picture, video and television programme post-production activities",5
King's Lynn and West Norfolk,"Film, TV, video, radio and photography","5913 – Motion picture, video and television programme distribution activities",0
King's Lynn and West Norfolk,"Film, TV, video, radio and photography",5914 – Motion picture projection activities,0
King's Lynn and West Norfolk,"Film, TV, video, radio and photography",6010 – Radio broadcasting,0
King's Lynn and West Norfolk,"Film, TV, video, radio and photography",6020 – Television programming and broadcasting activities,0
King's Lynn and West Norfolk,"Film, TV, video, radio and photography",7420 – Photographic activities,10
King's Lynn and West Norfolk,"IT, software and computer services",5821 – Publishing of computer games,0
King's Lynn and West Norfolk,"IT, software and computer services",5829 – Other software publishing,5
King's Lynn and West Norfolk,"IT, software and computer services",6201 – Computer programming activities,25
King's Lynn and West Norfolk,"IT, software and computer services",6202 – Computer consultancy activities,60
King's Lynn and West Norfolk,"Music, performing and visual arts",5920 – Sound recording and music publishing activities,0
King's Lynn and West Norfolk,"Music, performing and visual arts",8552 – Cultural education,5
King's Lynn and West Norfolk,"Music, performing and visual arts",9001 – Performing arts,10
King's Lynn and West Norfolk,"Music, performing and visual arts",9002 – Support activities to performing arts,10
King's Lynn and West Norfolk,"Music, performing and visual arts",9003 – Artistic creation,20
King's Lynn and West Norfolk,"Music, performing and visual arts",9004 – Operation of arts facilities,0
King's Lynn and West Norfolk,Publishing,5811 – Book publishing,5
King's Lynn and West Norfolk,Publishing,5812 – Publishing of directories and mailing lists,0
King's Lynn and West Norfolk,Publishing,5813 – Publishing of newspapers,0
King's Lynn and West Norfolk,Publishing,5814 – Publishing of journals and periodicals,5
King's Lynn and West Norfolk,Publishing,5819 – Other publishing activities,10
King's Lynn and West Norfolk,Publishing,7430 – Translation and interpretation activities,0
Luton,Advertising and marketing,7021 – Public relations and communication activities,5
Luton,Advertising and marketing,7311 – Advertising agencies,35
Luton,Advertising and marketing,7312 – Media representation,5
Luton,Architecture,7111 – Architectural activities,15
Luton,Crafts,3212 – Manufacture of jewellery and related articles,5
Luton,Design and designer fashion,7410 – Specialised design activities,25
Luton,"Film, TV, video, radio and photography","5911 – Motion picture, video and television programme production activities",20
Luton,"Film, TV, video, radio and photography","5912 – Motion picture, video and television programme post-production activities",5
Luton,"Film, TV, video, radio and photography","5913 – Motion picture, video and television programme distribution activities",0
Luton,"Film, TV, video, radio and photography",5914 – Motion picture projection activities,0
Luton,"Film, TV, video, radio and photography",6010 – Radio broadcasting,0
Luton,"Film, TV, video, radio and photography",6020 – Television programming and broadcasting activities,0
Luton,"Film, TV, video, radio and photography",7420 – Photographic activities,10
Luton,"IT, software and computer services",5821 – Publishing of computer games,0
Luton,"IT, software and computer services",5829 – Other software publishing,5
Luton,"IT, software and computer services",6201 – Computer programming activities,55
Luton,"IT, software and computer services",6202 – Computer consultancy activities,245
Luton,"Music, performing and visual arts",5920 – Sound recording and music publishing activities,5
Luton,"Music, performing and visual arts",8552 – Cultural education,5
Luton,"Music, performing and visual arts",9001 – Performing arts,5
Luton,"Music, performing and visual arts",9002 – Support activities to performing arts,10
Luton,"Music, performing and visual arts",9003 – Artistic creation,10
Luton,"Music, performing and visual arts",9004 – Operation of arts facilities,0
Luton,Publishing,5811 – Book publishing,0
Luton,Publishing,5812 – Publishing of directories and mailing lists,0
Luton,Publishing,5813 – Publishing of newspapers,0
Luton,Publishing,5814 – Publishing of journals and periodicals,0
Luton,Publishing,5819 – Other publishing activities,10
Luton,Publishing,7430 – Translation and interpretation activities,5
Maldon,Advertising and marketing,7021 – Public relations and communication activities,5
Maldon,Advertising and marketing,7311 – Advertising agencies,15
Maldon,Advertising and marketing,7312 – Media representation,0
Maldon,Architecture,7111 – Architectural activities,20
Maldon,Crafts,3212 – Manufacture of jewellery and related articles,0
Maldon,Design and designer fashion,7410 – Specialised design activities,25
Maldon,"Film, TV, video, radio and photography","5911 – Motion picture, video and television programme production activities",15
Maldon,"Film, TV, video, radio and photography","5912 – Motion picture, video and television programme post-production activities",0
Maldon,"Film, TV, video, radio and photography","5913 – Motion picture, video and television programme distribution activities",0
Maldon,"Film, TV, video, radio and photography",5914 – Motion picture projection activities,0
Maldon,"Film, TV, video, radio and photography",6010 – Radio broadcasting,0
Maldon,"Film, TV, video, radio and photography",6020 – Television programming and broadcasting activities,0
Maldon,"Film, TV, video, radio and photography",7420 – Photographic activities,5
Maldon,"IT, software and computer services",5821 – Publishing of computer games,0
Maldon,"IT, software and computer services",5829 – Other software publishing,0
Maldon,"IT, software and computer services",6201 – Computer programming activities,15
Maldon,"IT, software and computer services",6202 – Computer consultancy activities,60
Maldon,"Music, performing and visual arts",5920 – Sound recording and music publishing activities,5
Maldon,"Music, performing and visual arts",8552 – Cultural education,0
Maldon,"Music, performing and visual arts",9001 – Performing arts,5
Maldon,"Music, performing and visual arts",9002 – Support activities to performing arts,5
Maldon,"Music, performing and visual arts",9003 – Artistic creation,15
Maldon,"Music, performing and visual arts",9004 – Operation of arts facilities,0
Maldon,Publishing,5811 – Book publishing,0
Maldon,Publishing,5812 – Publishing of directories and mailing lists,0
Maldon,Publishing,5813 – Publishing of newspapers,0
Maldon,Publishing,5814 – Publishing of journals and periodicals,5
Maldon,Publishing,5819 – Other publishing activities,5
Maldon,Publishing,7430 – Translation and interpretation activities,0
Mid Suffolk,Advertising and marketing,7021 – Public relations and communication activities,10
Mid Suffolk,Advertising and marketing,7311 – Advertising agencies,35
Mid Suffolk,Advertising and marketing,7312 – Media representation,5
Mid Suffolk,Architecture,7111 – Architectural activities,25
Mid Suffolk,Crafts,3212 – Manufacture of jewellery and related articles,0
Mid Suffolk,Design and designer fashion,7410 – Specialised design activities,20
Mid Suffolk,"Film, TV, video, radio and photography","5911 – Motion picture, video and television programme production activities",25
Mid Suffolk,"Film, TV, video, radio and photography","5912 – Motion picture, video and television programme post-production activities",5
Mid Suffolk,"Film, TV, video, radio and photography","5913 – Motion picture, video and television programme distribution activities",0
Mid Suffolk,"Film, TV, video, radio and photography",5914 – Motion picture projection activities,0
Mid Suffolk,"Film, TV, video, radio and photography",6010 – Radio broadcasting,0
Mid Suffolk,"Film, TV, video, radio and photography",6020 – Television programming and broadcasting activities,0
Mid Suffolk,"Film, TV, video, radio and photography",7420 – Photographic activities,10
Mid Suffolk,"IT, software and computer services",5821 – Publishing of computer games,0
Mid Suffolk,"IT, software and computer services",5829 – Other software publishing,5
Mid Suffolk,"IT, software and computer services",6201 – Computer programming activities,30
Mid Suffolk,"IT, software and computer services",6202 – Computer consultancy activities,85
Mid Suffolk,"Music, performing and visual arts",5920 – Sound recording and music publishing activities,5
Mid Suffolk,"Music, performing and visual arts",8552 – Cultural education,5
Mid Suffolk,"Music, performing and visual arts",9001 – Performing arts,15
Mid Suffolk,"Music, performing and visual arts",9002 – Support activities to performing arts,5
Mid Suffolk,"Music, performing and visual arts",9003 – Artistic creation,30
Mid Suffolk,"Music, performing and visual arts",9004 – Operation of arts facilities,0
Mid Suffolk,Publishing,5811 – Book publishing,5
Mid Suffolk,Publishing,5812 – Publishing of directories and mailing lists,0
Mid Suffolk,Publishing,5813 – Publishing of newspapers,0
Mid Suffolk,Publishing,5814 – Publishing of journals and periodicals,5
Mid Suffolk,Publishing,5819 – Other publishing activities,10
Mid Suffolk,Publishing,7430 – Translation and interpretation activities,0
North Hertfordshire,Advertising and marketing,7021 – Public relations and communication activities,20
North Hertfordshire,Advertising and marketing,7311 – Advertising agencies,65
North Hertfordshire,Advertising and marketing,7312 – Media representation,10
North Hertfordshire,Architecture,7111 – Architectural activities,55
North Hertfordshire,Crafts,3212 – Manufacture of jewellery and related articles,5
North Hertfordshire,Design and designer fashion,7410 – Specialised design activities,75
North Hertfordshire,"Film, TV, video, radio and photography","5911 – Motion picture, video and television programme production activities",70
North Hertfordshire,"Film, TV, video, radio and photography","5912 – Motion picture, video and television programme post-production activities",20
North Hertfordshire,"Film, TV, video, radio and photography","5913 – Motion picture, video and television programme distribution activities",0
North Hertfordshire,"Film, TV, video, radio and photography",5914 – Motion picture projection activities,0
North Hertfordshire,"Film, TV, video, radio and photography",6010 – Radio broadcasting,0
North Hertfordshire,"Film, TV, video, radio and photography",6020 – Television programming and broadcasting activities,0
North Hertfordshire,"Film, TV, video, radio and photography",7420 – Photographic activities,25
North Hertfordshire,"IT, software and computer services",5821 – Publishing of computer games,5
North Hertfordshire,"IT, software and computer services",5829 – Other software publishing,10
North Hertfordshire,"IT, software and computer services",6201 – Computer programming activities,70
North Hertfordshire,"IT, software and computer services",6202 – Computer consultancy activities,250
North Hertfordshire,"Music, performing and visual arts",5920 – Sound recording and music publishing activities,15
North Hertfordshire,"Music, performing and visual arts",8552 – Cultural education,5
North Hertfordshire,"Music, performing and visual arts",9001 – Performing arts,30
North Hertfordshire,"Music, performing and visual arts",9002 – Support activities to performing arts,25
North Hertfordshire,"Music, performing and visual arts",9003 – Artistic creation,50
North Hertfordshire,"Music, performing and visual arts",9004 – Operation of arts facilities,0
North Hertfordshire,Publishing,5811 – Book publishing,5
North Hertfordshire,Publishing,5812 – Publishing of directories and mailing lists,0
North Hertfordshire,Publishing,5813 – Publishing of newspapers,0
North Hertfordshire,Publishing,5814 – Publishing of journals and periodicals,10
North Hertfordshire,Publishing,5819 – Other publishing activities,20
North Hertfordshire,Publishing,7430 – Translation and interpretation activities,0
North Norfolk,Advertising and marketing,7021 – Public relations and communication activities,5
North Norfolk,Advertising and marketing,7311 – Advertising agencies,20
North Norfolk,Advertising and marketing,7312 – Media representation,5
North Norfolk,Architecture,7111 – Architectural activities,20
North Norfolk,Crafts,3212 – Manufacture of jewellery and related articles,0
North Norfolk,Design and designer fashion,7410 – Specialised design activities,30
North Norfolk,"Film, TV, video, radio and photography","5911 – Motion picture, video and television programme production activities",10
North Norfolk,"Film, TV, video, radio and photography","5912 – Motion picture, video and television programme post-production activities",5
North Norfolk,"Film, TV, video, radio and photography","5913 – Motion picture, video and television programme distribution activities",0
North Norfolk,"Film, TV, video, radio and photography",5914 – Motion picture projection activities,0
North Norfolk,"Film, TV, video, radio and photography",6010 – Radio broadcasting,0
North Norfolk,"Film, TV, video, radio and photography",6020 – Television programming and broadcasting activities,0
North Norfolk,"Film, TV, video, radio and photography",7420 – Photographic activities,10
North Norfolk,"IT, software and computer services",5821 – Publishing of computer games,0
North Norfolk,"IT, software and computer services",5829 – Other software publishing,0
North Norfolk,"IT, software and computer services",6201 – Computer programming activities,15
North Norfolk,"IT, software and computer services",6202 – Computer consultancy activities,40
North Norfolk,"Music, performing and visual arts",5920 – Sound recording and music publishing activities,5
North Norfolk,"Music, performing and visual arts",8552 – Cultural education,0
North Norfolk,"Music, performing and visual arts",9001 – Performing arts,10
North Norfolk,"Music, performing and visual arts",9002 – Support activities to performing arts,5
North Norfolk,"Music, performing and visual arts",9003 – Artistic creation,30
North Norfolk,"Music, performing and visual arts",9004 – Operation of arts facilities,0
North Norfolk,Publishing,5811 – Book publishing,5
North Norfolk,Publishing,5812 – Publishing of directories and mailing lists,0
North Norfolk,Publishing,5813 – Publishing of newspapers,0
North Norfolk,Publishing,5814 – Publishing of journals and periodicals,5
North Norfolk,Publishing,5819 – Other publishing activities,5
North Norfolk,Publishing,7430 – Translation and interpretation activities,0
Norwich,Advertising and marketing,7021 – Public relations and communication activities,20
Norwich,Advertising and marketing,7311 – Advertising agencies,60
Norwich,Advertising and marketing,7312 – Media representation,10
Norwich,Architecture,7111 – Architectural activities,30
Norwich,Crafts,3212 – Manufacture of jewellery and related articles,5
Norwich,Design and designer fashion,7410 – Specialised design activities,45
Norwich,"Film, TV, video, radio and photography","5911 – Motion picture, video and television programme production activities",45
Norwich,"Film, TV, video, radio and photography","5912 – Motion picture, video and television programme post-production activities",5
Norwich,"Film, TV, video, radio and photography","5913 – Motion picture, video and television programme distribution activities",0
Norwich,"Film, TV, video, radio and photography",5914 – Motion picture projection activities,0
Norwich,"Film, TV, video, radio and photography",6010 – Radio broadcasting,5
Norwich,"Film, TV, video, radio and photography",6020 – Television programming and broadcasting activities,5
Norwich,"Film, TV, video, radio and photography",7420 – Photographic activities,20
Norwich,"IT, software and computer services",5821 – Publishing of computer games,0
Norwich,"IT, software and computer services",5829 – Other software publishing,10
Norwich,"IT, software and computer services",6201 – Computer programming activities,70
Norwich,"IT, software and computer services",6202 – Computer consultancy activities,100
Norwich,"Music, performing and visual arts",5920 – Sound recording and music publishing activities,10
Norwich,"Music, performing and visual arts",8552 – Cultural education,10
Norwich,"Music, performing and visual arts",9001 – Performing arts,15
Norwich,"Music, performing and visual arts",9002 – Support activities to performing arts,10
Norwich,"Music, performing and visual arts",9003 – Artistic creation,50
Norwich,"Music, performing and visual arts",9004 – Operation of arts facilities,5
Norwich,Publishing,5811 – Book publishing,5
Norwich,Publishing,5812 – Publishing of directories and mailing lists,0
Norwich,Publishing,5813 – Publishing of newspapers,0
Norwich,Publishing,5814 – Publishing of journals and periodicals,10
Norwich,Publishing,5819 – Other publishing activities,15
Norwich,Publishing,7430 – Translation and interpretation activities,5
Peterborough,Advertising and marketing,7021 – Public relations and communication activities,10
Peterborough,Advertising and marketing,7311 – Advertising agencies,40
Peterborough,Advertising and marketing,7312 – Media representation,5
Peterborough,Architecture,7111 – Architectural activities,25
Peterborough,Crafts,3212 – Manufacture of jewellery and related articles,0
Peterborough,Design and designer fashion,7410 – Specialised design activities,55
Peterborough,"Film, TV, video, radio and photography","5911 – Motion picture, video and television programme production activities",15
Peterborough,"Film, TV, video, radio and photography","5912 – Motion picture, video and television programme post-production activities",0
Peterborough,"Film, TV, video, radio and photography","5913 – Motion picture, video and television programme distribution activities",0
Peterborough,"Film, TV, video, radio and photography",5914 – Motion picture projection activities,0
Peterborough,"Film, TV, video, radio and photography",6010 – Radio broadcasting,5
Peterborough,"Film, TV, video, radio and photography",6020 – Television programming and broadcasting activities,0
Peterborough,"Film, TV, video, radio and photography",7420 – Photographic activities,20
Peterborough,"IT, software and computer services",5821 – Publishing of computer games,0
Peterborough,"IT, software and computer services",5829 – Other software publishing,5
Peterborough,"IT, software and computer services",6201 – Computer programming activities,70
Peterborough,"IT, software and computer services",6202 – Computer consultancy activities,175
Peterborough,"Music, performing and visual arts",5920 – Sound recording and music publishing activities,5
Peterborough,"Music, performing and visual arts",8552 – Cultural education,5
Peterborough,"Music, performing and visual arts",9001 – Performing arts,15
Peterborough,"Music, performing and visual arts",9002 – Support activities to performing arts,10
Peterborough,"Music, performing and visual arts",9003 – Artistic creation,20
Peterborough,"Music, performing and visual arts",9004 – Operation of arts facilities,0
Peterborough,Publishing,5811 – Book publishing,5
Peterborough,Publishing,5812 – Publishing of directories and mailing lists,0
Peterborough,Publishing,5813 – Publishing of newspapers,0
Peterborough,Publishing,5814 – Publishing of journals and periodicals,15
Peterborough,Publishing,5819 – Other publishing activities,10
Peterborough,Publishing,7430 – Translation and interpretation activities,5
Rochford,Advertising and marketing,7021 – Public relations and communication activities,0
Rochford,Advertising and marketing,7311 – Advertising agencies,20
Rochford,Advertising and marketing,7312 – Media representation,5
Rochford,Architecture,7111 – Architectural activities,30
Rochford,Crafts,3212 – Manufacture of jewellery and related articles,5
Rochford,Design and designer fashion,7410 – Specialised design activities,25
Rochford,"Film, TV, video, radio and photography","5911 – Motion picture, video and television programme production activities",10
Rochford,"Film, TV, video, radio and photography","5912 – Motion picture, video and television programme post-production activities",0
Rochford,"Film, TV, video, radio and photography","5913 – Motion picture, video and television programme distribution activities",0
Rochford,"Film, TV, video, radio and photography",5914 – Motion picture projection activities,0
Rochford,"Film, TV, video, radio and photography",6010 – Radio broadcasting,0
Rochford,"Film, TV, video, radio and photography",6020 – Television programming and broadcasting activities,0
Rochford,"Film, TV, video, radio and photography",7420 – Photographic activities,15
Rochford,"IT, software and computer services",5821 – Publishing of computer games,0
Rochford,"IT, software and computer services",5829 – Other software publishing,0
Rochford,"IT, software and computer services",6201 – Computer programming activities,25
Rochford,"IT, software and computer services",6202 – Computer consultancy activities,90
Rochford,"Music, performing and visual arts",5920 – Sound recording and music publishing activities,5
Rochford,"Music, performing and visual arts",8552 – Cultural education,5
Rochford,"Music, performing and visual arts",9001 – Performing arts,5
Rochford,"Music, performing and visual arts",9002 – Support activities to performing arts,5
Rochford,"Music, performing and visual arts",9003 – Artistic creation,10
Rochford,"Music, performing and visual arts",9004 – Operation of arts facilities,0
Rochford,Publishing,5811 – Book publishing,0
Rochford,Publishing,5812 – Publishing of directories and mailing lists,0
Rochford,Publishing,5813 – Publishing of newspapers,0
Rochford,Publishing,5814 – Publishing of journals and periodicals,0
Rochford,Publishing,5819 – Other publishing activities,5
Rochford,Publishing,7430 – Translation and interpretation activities,0
South Cambridgeshire,Advertising and marketing,7021 – Public relations and communication activities,15
South Cambridgeshire,Advertising and marketing,7311 – Advertising agencies,50
South Cambridgeshire,Advertising and marketing,7312 – Media representation,10
South Cambridgeshire,Architecture,7111 – Architectural activities,65
South Cambridgeshire,Crafts,3212 – Manufacture of jewellery and related articles,0
South Cambridgeshire,Design and designer fashion,7410 – Specialised design activities,65
South Cambridgeshire,"Film, TV, video, radio and photography","5911 – Motion picture, video and television programme production activities",45
South Cambridgeshire,"Film, TV, video, radio and photography","5912 – Motion picture, video and television programme post-production activities",5
South Cambridgeshire,"Film, TV, video, radio and photography","5913 – Motion picture, video and television programme distribution activities",0
South Cambridgeshire,"Film, TV, video, radio and photography",5914 – Motion picture projection activities,0
South Cambridgeshire,"Film, TV, video, radio and photography",6010 – Radio broadcasting,5
South Cambridgeshire,"Film, TV, video, radio and photography",6020 – Television programming and broadcasting activities,0
South Cambridgeshire,"Film, TV, video, radio and photography",7420 – Photographic activities,25
South Cambridgeshire,"IT, software and computer services",5821 – Publishing of computer games,0
South Cambridgeshire,"IT, software and computer services",5829 – Other software publishing,20
South Cambridgeshire,"IT, software and computer services",6201 – Computer programming activities,165
South Cambridgeshire,"IT, software and computer services",6202 – Computer consultancy activities,355
South Cambridgeshire,"Music, performing and visual arts",5920 – Sound recording and music publishing activities,5
South Cambridgeshire,"Music, performing and visual arts",8552 – Cultural education,5
South Cambridgeshire,"Music, performing and visual arts",9001 – Performing arts,15
South Cambridgeshire,"Music, performing and visual arts",9002 – Support activities to performing arts,10
South Cambridgeshire,"Music, performing and visual arts",9003 – Artistic creation,40
South Cambridgeshire,"Music, performing and visual arts",9004 – Operation of arts facilities,0
South Cambridgeshire,Publishing,5811 – Book publishing,15
South Cambridgeshire,Publishing,5812 – Publishing of directories and mailing lists,0
South Cambridgeshire,Publishing,5813 – Publishing of newspapers,0
South Cambridgeshire,Publishing,5814 – Publishing of journals and periodicals,10
South Cambridgeshire,Publishing,5819 – Other publishing activities,10
South Cambridgeshire,Publishing,7430 – Translation and interpretation activities,5
South Norfolk,Advertising and marketing,7021 – Public relations and communication activities,10
South Norfolk,Advertising and marketing,7311 – Advertising agencies,30
South Norfolk,Advertising and marketing,7312 – Media representation,10
South Norfolk,Architecture,7111 – Architectural activities,35
South Norfolk,Crafts,3212 – Manufacture of jewellery and related articles,0
South Norfolk,Design and designer fashion,7410 – Specialised design activities,45
South Norfolk,"Film, TV, video, radio and photography","5911 – Motion picture, video and television programme production activities",35
South Norfolk,"Film, TV, video, radio and photography","5912 – Motion picture, video and television programme post-production activities",5
South Norfolk,"Film, TV, video, radio and photography","5913 – Motion picture, video and television programme distribution activities",0
South Norfolk,"Film, TV, video, radio and photography",5914 – Motion picture projection activities,0
South Norfolk,"Film, TV, video, radio and photography",6010 – Radio broadcasting,0
South Norfolk,"Film, TV, video, radio and photography",6020 – Television programming and broadcasting activities,5
South Norfolk,"Film, TV, video, radio and photography",7420 – Photographic activities,15
South Norfolk,"IT, software and computer services",5821 – Publishing of computer games,0
South Norfolk,"IT, software and computer services",5829 – Other software publishing,5
South Norfolk,"IT, software and computer services",6201 – Computer programming activities,35
South Norfolk,"IT, software and computer services",6202 – Computer consultancy activities,120
South Norfolk,"Music, performing and visual arts",5920 – Sound recording and music publishing activities,5
South Norfolk,"Music, performing and visual arts",8552 – Cultural education,10
South Norfolk,"Music, performing and visual arts",9001 – Performing arts,5
South Norfolk,"Music, performing and visual arts",9002 – Support activities to performing arts,5
South Norfolk,"Music, performing and visual arts",9003 – Artistic creation,25
South Norfolk,"Music, performing and visual arts",9004 – Operation of arts facilities,0
South Norfolk,Publishing,5811 – Book publishing,10
South Norfolk,Publishing,5812 – Publishing of directories and mailing lists,0
South Norfolk,Publishing,5813 – Publishing of newspapers,0
South Norfolk,Publishing,5814 – Publishing of journals and periodicals,5
South Norfolk,Publishing,5819 – Other publishing activities,10
South Norfolk,Publishing,7430 – Translation and interpretation activities,0
Southend-on-Sea,Advertising and marketing,7021 – Public relations and communication activities,10
Southend-on-Sea,Advertising and marketing,7311 – Advertising agencies,60
Southend-on-Sea,Advertising and marketing,7312 – Media representation,20
Southend-on-Sea,Architecture,7111 – Architectural activities,45
Southend-on-Sea,Crafts,3212 – Manufacture of jewellery and related articles,10
Southend-on-Sea,Design and designer fashion,7410 – Specialised design activities,70
Southend-on-Sea,"Film, TV, video, radio and photography","5911 – Motion picture, video and television programme production activities",60
Southend-on-Sea,"Film, TV, video, radio and photography","5912 – Motion picture, video and television programme post-production activities",10
Southend-on-Sea,"Film, TV, video, radio and photography","5913 – Motion picture, video and television programme distribution activities",0
Southend-on-Sea,"Film, TV, video, radio and photography",5914 – Motion picture projection activities,0
Southend-on-Sea,"Film, TV, video, radio and photography",6010 – Radio broadcasting,5
Southend-on-Sea,"Film, TV, video, radio and photography",6020 – Television programming and broadcasting activities,5
Southend-on-Sea,"Film, TV, video, radio and photography",7420 – Photographic activities,20
Southend-on-Sea,"IT, software and computer services",5821 – Publishing of computer games,5
Southend-on-Sea,"IT, software and computer services",5829 – Other software publishing,5
Southend-on-Sea,"IT, software and computer services",6201 – Computer programming activities,75
Southend-on-Sea,"IT, software and computer services",6202 – Computer consultancy activities,185
Southend-on-Sea,"Music, performing and visual arts",5920 – Sound recording and music publishing activities,10
Southend-on-Sea,"Music, performing and visual arts",8552 – Cultural education,5
Southend-on-Sea,"Music, performing and visual arts",9001 – Performing arts,25
Southend-on-Sea,"Music, performing and visual arts",9002 – Support activities to performing arts,10
Southend-on-Sea,"Music, performing and visual arts",9003 – Artistic creation,25
Southend-on-Sea,"Music, performing and visual arts",9004 – Operation of arts facilities,0
Southend-on-Sea,Publishing,5811 – Book publishing,0
Southend-on-Sea,Publishing,5812 – Publishing of directories and mailing lists,0
Southend-on-Sea,Publishing,5813 – Publishing of newspapers,0
Southend-on-Sea,Publishing,5814 – Publishing of journals and periodicals,5
Southend-on-Sea,Publishing,5819 – Other publishing activities,10
Southend-on-Sea,Publishing,7430 – Translation and interpretation activities,5
St Albans,Advertising and marketing,7021 – Public relations and communication activities,45
St Albans,Advertising and marketing,7311 – Advertising agencies,85
St Albans,Advertising and marketing,7312 – Media representation,15
St Albans,Architecture,7111 – Architectural activities,80
St Albans,Crafts,3212 – Manufacture of jewellery and related articles,5
St Albans,Design and designer fashion,7410 – Specialised design activities,115
St Albans,"Film, TV, video, radio and photography","5911 – Motion picture, video and television programme production activities",165
St Albans,"Film, TV, video, radio and photography","5912 – Motion picture, video and television programme post-production activities",25
St Albans,"Film, TV, video, radio and photography","5913 – Motion picture, video and television programme distribution activities",5
St Albans,"Film, TV, video, radio and photography",5914 – Motion picture projection activities,0
St Albans,"Film, TV, video, radio and photography",6010 – Radio broadcasting,5
St Albans,"Film, TV, video, radio and photography",6020 – Television programming and broadcasting activities,5
St Albans,"Film, TV, video, radio and photography",7420 – Photographic activities,40
St Albans,"IT, software and computer services",5821 – Publishing of computer games,0
St Albans,"IT, software and computer services",5829 – Other software publishing,15
St Albans,"IT, software and computer services",6201 – Computer programming activities,145
St Albans,"IT, software and computer services",6202 – Computer consultancy activities,370
St Albans,"Music, performing and visual arts",5920 – Sound recording and music publishing activities,25
St Albans,"Music, performing and visual arts",8552 – Cultural education,5
St Albans,"Music, performing and visual arts",9001 – Performing arts,40
St Albans,"Music, performing and visual arts",9002 – Support activities to performing arts,30
St Albans,"Music, performing and visual arts",9003 – Artistic creation,50
St Albans,"Music, performing and visual arts",9004 – Operation of arts facilities,0
St Albans,Publishing,5811 – Book publishing,15
St Albans,Publishing,5812 – Publishing of directories and mailing lists,0
St Albans,Publishing,5813 – Publishing of newspapers,0
St Albans,Publishing,5814 – Publishing of journals and periodicals,10
St Albans,Publishing,5819 – Other publishing activities,20
St Albans,Publishing,7430 – Translation and interpretation activities,10
Stevenage,Advertising and marketing,7021 – Public relations and communication activities,5
Stevenage,Advertising and marketing,7311 – Advertising agencies,15
Stevenage,Advertising and marketing,7312 – Media representation,5
Stevenage,Architecture,7111 – Architectural activities,20
Stevenage,Crafts,3212 – Manufacture of jewellery and related articles,0
Stevenage,Design and designer fashion,7410 – Specialised design activities,25
Stevenage,"Film, TV, video, radio and photography","5911 – Motion picture, video and television programme production activities",75
Stevenage,"Film, TV, video, radio and photography","5912 – Motion picture, video and television programme post-production activities",5
Stevenage,"Film, TV, video, radio and photography","5913 – Motion picture, video and television programme distribution activities",0
Stevenage,"Film, TV, video, radio and photography",5914 – Motion picture projection activities,0
Stevenage,"Film, TV, video, radio and photography",6010 – Radio broadcasting,0
Stevenage,"Film, TV, video, radio and photography",6020 – Television programming and broadcasting activities,0
Stevenage,"Film, TV, video, radio and photography",7420 – Photographic activities,10
Stevenage,"IT, software and computer services",5821 – Publishing of computer games,0
Stevenage,"IT, software and computer services",5829 – Other software publishing,10
Stevenage,"IT, software and computer services",6201 – Computer programming activities,20
Stevenage,"IT, software and computer services",6202 – Computer consultancy activities,115
Stevenage,"Music, performing and visual arts",5920 – Sound recording and music publishing activities,5
Stevenage,"Music, performing and visual arts",8552 – Cultural education,0
Stevenage,"Music, performing and visual arts",9001 – Performing arts,15
Stevenage,"Music, performing and visual arts",9002 – Support activities to performing arts,15
Stevenage,"Music, performing and visual arts",9003 – Artistic creation,15
Stevenage,"Music, performing and visual arts",9004 – Operation of arts facilities,0
Stevenage,Publishing,5811 – Book publishing,0
Stevenage,Publishing,5812 – Publishing of directories and mailing lists,0
Stevenage,Publishing,5813 – Publishing of newspapers,0
Stevenage,Publishing,5814 – Publishing of journals and periodicals,5
Stevenage,Publishing,5819 – Other publishing activities,5
Stevenage,Publishing,7430 – Translation and interpretation activities,0
Tendring,Advertising and marketing,7021 – Public relations and communication activities,0
Tendring,Advertising and marketing,7311 – Advertising agencies,30
Tendring,Advertising and marketing,7312 – Media representation,5
Tendring,Architecture,7111 – Architectural activities,15
Tendring,Crafts,3212 – Manufacture of jewellery and related articles,5
Tendring,Design and designer fashion,7410 – Specialised design activities,35
Tendring,"Film, TV, video, radio and photography","5911 – Motion picture, video and television programme production activities",5
Tendring,"Film, TV, video, radio and photography","5912 – Motion picture, video and television programme post-production activities",5
Tendring,"Film, TV, video, radio and photography","5913 – Motion picture, video and television programme distribution activities",0
Tendring,"Film, TV, video, radio and photography",5914 – Motion picture projection activities,0
Tendring,"Film, TV, video, radio and photography",6010 – Radio broadcasting,0
Tendring,"Film, TV, video, radio and photography",6020 – Television programming and broadcasting activities,0
Tendring,"Film, TV, video, radio and photography",7420 – Photographic activities,10
Tendring,"IT, software and computer services",5821 – Publishing of computer games,0
Tendring,"IT, software and computer services",5829 – Other software publishing,5
Tendring,"IT, software and computer services",6201 – Computer programming activities,25
Tendring,"IT, software and computer services",6202 – Computer consultancy activities,60
Tendring,"Music, performing and visual arts",5920 – Sound recording and music publishing activities,5
Tendring,"Music, performing and visual arts",8552 – Cultural education,5
Tendring,"Music, performing and visual arts",9001 – Performing arts,5
Tendring,"Music, performing and visual arts",9002 – Support activities to performing arts,10
Tendring,"Music, performing and visual arts",9003 – Artistic creation,25
Tendring,"Music, performing and visual arts",9004 – Operation of arts facilities,0
Tendring,Publishing,5811 – Book publishing,5
Tendring,Publishing,5812 – Publishing of directories and mailing lists,0
Tendring,Publishing,5813 – Publishing of newspapers,0
Tendring,Publishing,5814 – Publishing of journals and periodicals,0
Tendring,Publishing,5819 – Other publishing activities,10
Tendring,Publishing,7430 – Translation and interpretation activities,0
Three Rivers,Advertising and marketing,7021 – Public relations and communication activities,10
Three Rivers,Advertising and marketing,7311 – Advertising agencies,35
Three Rivers,Advertising and marketing,7312 – Media representation,10
Three Rivers,Architecture,7111 – Architectural activities,35
Three Rivers,Crafts,3212 – Manufacture of jewellery and related articles,5
Three Rivers,Design and designer fashion,7410 – Specialised design activities,45
Three Rivers,"Film, TV, video, radio and photography","5911 – Motion picture, video and television programme production activities",115
Three Rivers,"Film, TV, video, radio and photography","5912 – Motion picture, video and television programme post-production activities",10
Three Rivers,"Film, TV, video, radio and photography","5913 – Motion picture, video and television programme distribution activities",5
Three Rivers,"Film, TV, video, radio and photography",5914 – Motion picture projection activities,0
Three Rivers,"Film, TV, video, radio and photography",6010 – Radio broadcasting,0
Three Rivers,"Film, TV, video, radio and photography",6020 – Television programming and broadcasting activities,5
Three Rivers,"Film, TV, video, radio and photography",7420 – Photographic activities,15
Three Rivers,"IT, software and computer services",5821 – Publishing of computer games,0
Three Rivers,"IT, software and computer services",5829 – Other software publishing,5
Three Rivers,"IT, software and computer services",6201 – Computer programming activities,65
Three Rivers,"IT, software and computer services",6202 – Computer consultancy activities,245
Three Rivers,"Music, performing and visual arts",5920 – Sound recording and music publishing activities,15
Three Rivers,"Music, performing and visual arts",8552 – Cultural education,0
Three Rivers,"Music, performing and visual arts",9001 – Performing arts,25
Three Rivers,"Music, performing and visual arts",9002 – Support activities to performing arts,25
Three Rivers,"Music, performing and visual arts",9003 – Artistic creation,30
Three Rivers,"Music, performing and visual arts",9004 – Operation of arts facilities,0
Three Rivers,Publishing,5811 – Book publishing,5
Three Rivers,Publishing,5812 – Publishing of directories and mailing lists,0
Three Rivers,Publishing,5813 – Publishing of newspapers,0
Three Rivers,Publishing,5814 – Publishing of journals and periodicals,5
Three Rivers,Publishing,5819 – Other publishing activities,5
Three Rivers,Publishing,7430 – Translation and interpretation activities,5
Thurrock,Advertising and marketing,7021 – Public relations and communication activities,0
Thurrock,Advertising and marketing,7311 – Advertising agencies,20
Thurrock,Advertising and marketing,7312 – Media representation,0
Thurrock,Architecture,7111 – Architectural activities,15
Thurrock,Crafts,3212 – Manufacture of jewellery and related articles,0
Thurrock,Design and designer fashion,7410 – Specialised design activities,20
Thurrock,"Film, TV, video, radio and photography","5911 – Motion picture, video and television programme production activities",20
Thurrock,"Film, TV, video, radio and photography","5912 – Motion picture, video and television programme post-production activities",0
Thurrock,"Film, TV, video, radio and photography","5913 – Motion picture, video and television programme distribution activities",0
Thurrock,"Film, TV, video, radio and photography",5914 – Motion picture projection activities,0
Thurrock,"Film, TV, video, radio and photography",6010 – Radio broadcasting,0
Thurrock,"Film, TV, video, radio and photography",6020 – Television programming and broadcasting activities,0
Thurrock,"Film, TV, video, radio and photography",7420 – Photographic activities,5
Thurrock,"IT, software and computer services",5821 – Publishing of computer games,0
Thurrock,"IT, software and computer services",5829 – Other software publishing,0
Thurrock,"IT, software and computer services",6201 – Computer programming activities,30
Thurrock,"IT, software and computer services",6202 – Computer consultancy activities,160
Thurrock,"Music, performing and visual arts",5920 – Sound recording and music publishing activities,5
Thurrock,"Music, performing and visual arts",8552 – Cultural education,0
Thurrock,"Music, performing and visual arts",9001 – Performing arts,10
Thurrock,"Music, performing and visual arts",9002 – Support activities to performing arts,15
Thurrock,"Music, performing and visual arts",9003 – Artistic creation,15
Thurrock,"Music, performing and visual arts",9004 – Operation of arts facilities,0
Thurrock,Publishing,5811 – Book publishing,0
Thurrock,Publishing,5812 – Publishing of directories and mailing lists,0
Thurrock,Publishing,5813 – Publishing of newspapers,0
Thurrock,Publishing,5814 – Publishing of journals and periodicals,0
Thurrock,Publishing,5819 – Other publishing activities,5
Thurrock,Publishing,7430 – Translation and interpretation activities,0
Uttlesford,Advertising and marketing,7021 – Public relations and communication activities,15
Uttlesford,Advertising and marketing,7311 – Advertising agencies,55
Uttlesford,Advertising and marketing,7312 – Media representation,15
Uttlesford,Architecture,7111 – Architectural activities,35
Uttlesford,Crafts,3212 – Manufacture of jewellery and related articles,0
Uttlesford,Design and designer fashion,7410 – Specialised design activities,75
Uttlesford,"Film, TV, video, radio and photography","5911 – Motion picture, video and television programme production activities",40
Uttlesford,"Film, TV, video, radio and photography","5912 – Motion picture, video and television programme post-production activities",5
Uttlesford,"Film, TV, video, radio and photography","5913 – Motion picture, video and television programme distribution activities",0
Uttlesford,"Film, TV, video, radio and photography",5914 – Motion picture projection activities,0
Uttlesford,"Film, TV, video, radio and photography",6010 – Radio broadcasting,0
Uttlesford,"Film, TV, video, radio and photography",6020 – Television programming and broadcasting activities,0
Uttlesford,"Film, TV, video, radio and photography",7420 – Photographic activities,25
Uttlesford,"IT, software and computer services",5821 – Publishing of computer games,0
Uttlesford,"IT, software and computer services",5829 – Other software publishing,5
Uttlesford,"IT, software and computer services",6201 – Computer programming activities,50
Uttlesford,"IT, software and computer services",6202 – Computer consultancy activities,130
Uttlesford,"Music, performing and visual arts",5920 – Sound recording and music publishing activities,10
Uttlesford,"Music, performing and visual arts",8552 – Cultural education,5
Uttlesford,"Music, performing and visual arts",9001 – Performing arts,30
Uttlesford,"Music, performing and visual arts",9002 – Support activities to performing arts,10
Uttlesford,"Music, performing and visual arts",9003 – Artistic creation,40
Uttlesford,"Music, performing and visual arts",9004 – Operation of arts facilities,0
Uttlesford,Publishing,5811 – Book publishing,5
Uttlesford,Publishing,5812 – Publishing of directories and mailing lists,0
Uttlesford,Publishing,5813 – Publishing of newspapers,0
Uttlesford,Publishing,5814 – Publishing of journals and periodicals,0
Uttlesford,Publishing,5819 – Other publishing activities,10
Uttlesford,Publishing,7430 – Translation and interpretation activities,5
Watford,Advertising and marketing,7021 – Public relations and communication activities,10
Watford,Advertising and marketing,7311 – Advertising agencies,45
Watford,Advertising and marketing,7312 – Media representation,5
Watford,Architecture,7111 – Architectural activities,20
Watford,Crafts,3212 – Manufacture of jewellery and related articles,5
Watford,Design and designer fashion,7410 – Specialised design activities,45
Watford,"Film, TV, video, radio and photography","5911 – Motion picture, video and television programme production activities",75
Watford,"Film, TV, video, radio and photography","5912 – Motion picture, video and television programme post-production activities",10
Watford,"Film, TV, video, radio and photography","5913 – Motion picture, video and television programme distribution activities",5
Watford,"Film, TV, video, radio and photography",5914 – Motion picture projection activities,0
Watford,"Film, TV, video, radio and photography",6010 – Radio broadcasting,0
Watford,"Film, TV, video, radio and photography",6020 – Television programming and broadcasting activities,0
Watford,"Film, TV, video, radio and photography",7420 – Photographic activities,10
Watford,"IT, software and computer services",5821 – Publishing of computer games,5
Watford,"IT, software and computer services",5829 – Other software publishing,0
Watford,"IT, software and computer services",6201 – Computer programming activities,70
Watford,"IT, software and computer services",6202 – Computer consultancy activities,280
Watford,"Music, performing and visual arts",5920 – Sound recording and music publishing activities,5
Watford,"Music, performing and visual arts",8552 – Cultural education,5
Watford,"Music, performing and visual arts",9001 – Performing arts,20
Watford,"Music, performing and visual arts",9002 – Support activities to performing arts,20
Watford,"Music, performing and visual arts",9003 – Artistic creation,20
Watford,"Music, performing and visual arts",9004 – Operation of arts facilities,0
Watford,Publishing,5811 – Book publishing,5
Watford,Publishing,5812 – Publishing of directories and mailing lists,0
Watford,Publishing,5813 – Publishing of newspapers,0
Watford,Publishing,5814 – Publishing of journals and periodicals,0
Watford,Publishing,5819 – Other publishing activities,5
Watford,Publishing,7430 – Translation and interpretation activities,0
Welwyn Hatfield,Advertising and marketing,7021 – Public relations and communication activities,5
Welwyn Hatfield,Advertising and marketing,7311 – Advertising agencies,25
Welwyn Hatfield,Advertising and marketing,7312 – Media representation,10
Welwyn Hatfield,Architecture,7111 – Architectural activities,45
Welwyn Hatfield,Crafts,3212 – Manufacture of jewellery and related articles,5
Welwyn Hatfield,Design and designer fashion,7410 – Specialised design activities,60
Welwyn Hatfield,"Film, TV, video, radio and photography","5911 – Motion picture, video and television programme production activities",40
Welwyn Hatfield,"Film, TV, video, radio and photography","5912 – Motion picture, video and television programme post-production activities",10
Welwyn Hatfield,"Film, TV, video, radio and photography","5913 – Motion picture, video and television programme distribution activities",0
Welwyn Hatfield,"Film, TV, video, radio and photography",5914 – Motion picture projection activities,0
Welwyn Hatfield,"Film, TV, video, radio and photography",6010 – Radio broadcasting,0
Welwyn Hatfield,"Film, TV, video, radio and photography",6020 – Television programming and broadcasting activities,5
Welwyn Hatfield,"Film, TV, video, radio and photography",7420 – Photographic activities,15
Welwyn Hatfield,"IT, software and computer services",5821 – Publishing of computer games,0
Welwyn Hatfield,"IT, software and computer services",5829 – Other software publishing,5
Welwyn Hatfield,"IT, software and computer services",6201 – Computer programming activities,60
Welwyn Hatfield,"IT, software and computer services",6202 – Computer consultancy activities,240
Welwyn Hatfield,"Music, performing and visual arts",5920 – Sound recording and music publishing activities,5
Welwyn Hatfield,"Music, performing and visual arts",8552 – Cultural education,5
Welwyn Hatfield,"Music, performing and visual arts",9001 – Performing arts,20
Welwyn Hatfield,"Music, performing and visual arts",9002 – Support activities to performing arts,5
Welwyn Hatfield,"Music, performing and visual arts",9003 – Artistic creation,20
Welwyn Hatfield,"Music, performing and visual arts",9004 – Operation of arts facilities,0
Welwyn Hatfield,Publishing,5811 – Book publishing,5
Welwyn Hatfield,Publishing,5812 – Publishing of directories and mailing lists,0
Welwyn Hatfield,Publishing,5813 – Publishing of newspapers,0
Welwyn Hatfield,Publishing,5814 – Publishing of journals and periodicals,5
Welwyn Hatfield,Publishing,5819 – Other publishing activities,5
Welwyn Hatfield,Publishing,7430 – Translation and interpretation activities,5
West Suffolk,Advertising and marketing,7021 – Public relations and communication activities,10
West Suffolk,Advertising and marketing,7311 – Advertising agencies,40
West Suffolk,Advertising and marketing,7312 – Media representation,15
West Suffolk,Architecture,7111 – Architectural activities,35
West Suffolk,Crafts,3212 – Manufacture of jewellery and related articles,0
West Suffolk,Design and designer fashion,7410 – Specialised design activities,60
West Suffolk,"Film, TV, video, radio and photography","5911 – Motion picture, video and television programme production activities",35
West Suffolk,"Film, TV, video, radio and photography","5912 – Motion picture, video and television programme post-production activities",5
West Suffolk,"Film, TV, video, radio and photography","5913 – Motion picture, video and television programme distribution activities",0
West Suffolk,"Film, TV, video, radio and photography",5914 – Motion picture projection activities,0
West Suffolk,"Film, TV, video, radio and photography",6010 – Radio broadcasting,0
West Suffolk,"Film, TV, video, radio and photography",6020 – Television programming and broadcasting activities,0
West Suffolk,"Film, TV, video, radio and photography",7420 – Photographic activities,15
West Suffolk,"IT, software and computer services",5821 – Publishing of computer games,5
West Suffolk,"IT, software and computer services",5829 – Other software publishing,5
West Suffolk,"IT, software and computer services",6201 – Computer programming activities,95
West Suffolk,"IT, software and computer services",6202 – Computer consultancy activities,170
West Suffolk,"Music, performing and visual arts",5920 – Sound recording and music publishing activities,5
West Suffolk,"Music, performing and visual arts",8552 – Cultural education,5
West Suffolk,"Music, performing and visual arts",9001 – Performing arts,20
West Suffolk,"Music, performing and visual arts",9002 – Support activities to performing arts,5
West Suffolk,"Music, performing and visual arts",9003 – Artistic creation,30
West Suffolk,"Music, performing and visual arts",9004 – Operation of arts facilities,0
West Suffolk,Publishing,5811 – Book publishing,5
West Suffolk,Publishing,5812 – Publishing of directories and mailing lists,0
West Suffolk,Publishing,5813 – Publishing of newspapers,0
West Suffolk,Publishing,5814 – Publishing of journals and periodicals,5
West Suffolk,Publishing,5819 – Other publishing activities,15
West Suffolk,Publishing,7430 – Translation and interpretation activities,0
Barking and Dagenham,Advertising and marketing,7021 – Public relations and communication activities,5
Barking and Dagenham,Advertising and marketing,7311 – Advertising agencies,25
Barking and Dagenham,Advertising and marketing,7312 – Media representation,5
Barking and Dagenham,Architecture,7111 – Architectural activities,20
Barking and Dagenham,Crafts,3212 – Manufacture of jewellery and related articles,5
Barking and Dagenham,Design and designer fashion,7410 – Specialised design activities,40
Barking and Dagenham,"Film, TV, video, radio and photography","5911 – Motion picture, video and television programme production activities",25
Barking and Dagenham,"Film, TV, video, radio and photography","5912 – Motion picture, video and television programme post-production activities",0
Barking and Dagenham,"Film, TV, video, radio and photography","5913 – Motion picture, video and television programme distribution activities",0
Barking and Dagenham,"Film, TV, video, radio and photography",5914 – Motion picture projection activities,0
Barking and Dagenham,"Film, TV, video, radio and photography",6010 – Radio broadcasting,0
Barking and Dagenham,"Film, TV, video, radio and photography",6020 – Television programming and broadcasting activities,5
Barking and Dagenham,"Film, TV, video, radio and photography",7420 – Photographic activities,10
Barking and Dagenham,"IT, software and computer services",5821 – Publishing of computer games,0
Barking and Dagenham,"IT, software and computer services",5829 – Other software publishing,5
Barking and Dagenham,"IT, software and computer services",6201 – Computer programming activities,55
Barking and Dagenham,"IT, software and computer services",6202 – Computer consultancy activities,235
Barking and Dagenham,"Music, performing and visual arts",5920 – Sound recording and music publishing activities,5
Barking and Dagenham,"Music, performing and visual arts",8552 – Cultural education,10
Barking and Dagenham,"Music, performing and visual arts",9001 – Performing arts,10
Barking and Dagenham,"Music, performing and visual arts",9002 – Support activities to performing arts,5
Barking and Dagenham,"Music, performing and visual arts",9003 – Artistic creation,15
Barking and Dagenham,"Music, performing and visual arts",9004 – Operation of arts facilities,0
Barking and Dagenham,Publishing,5811 – Book publishing,5
Barking and Dagenham,Publishing,5812 – Publishing of directories and mailing lists,0
Barking and Dagenham,Publishing,5813 – Publishing of newspapers,0
Barking and Dagenham,Publishing,5814 – Publishing of journals and periodicals,5
Barking and Dagenham,Publishing,5819 – Other publishing activities,0
Barking and Dagenham,Publishing,7430 – Translation and interpretation activities,5
Barnet,Advertising and marketing,7021 – Public relations and communication activities,80
Barnet,Advertising and marketing,7311 – Advertising agencies,185
Barnet,Advertising and marketing,7312 – Media representation,40
Barnet,Architecture,7111 – Architectural activities,165
Barnet,Crafts,3212 – Manufacture of jewellery and related articles,20
Barnet,Design and designer fashion,7410 – Specialised design activities,250
Barnet,"Film, TV, video, radio and photography","5911 – Motion picture, video and television programme production activities",275
Barnet,"Film, TV, video, radio and photography","5912 – Motion picture, video and television programme post-production activities",60
Barnet,"Film, TV, video, radio and photography","5913 – Motion picture, video and television programme distribution activities",15
Barnet,"Film, TV, video, radio and photography",5914 – Motion picture projection activities,0
Barnet,"Film, TV, video, radio and photography",6010 – Radio broadcasting,5
Barnet,"Film, TV, video, radio and photography",6020 – Television programming and broadcasting activities,15
Barnet,"Film, TV, video, radio and photography",7420 – Photographic activities,90
Barnet,"IT, software and computer services",5821 – Publishing of computer games,0
Barnet,"IT, software and computer services",5829 – Other software publishing,30
Barnet,"IT, software and computer services",6201 – Computer programming activities,365
Barnet,"IT, software and computer services",6202 – Computer consultancy activities,865
Barnet,"Music, performing and visual arts",5920 – Sound recording and music publishing activities,100
Barnet,"Music, performing and visual arts",8552 – Cultural education,25
Barnet,"Music, performing and visual arts",9001 – Performing arts,160
Barnet,"Music, performing and visual arts",9002 – Support activities to performing arts,55
Barnet,"Music, performing and visual arts",9003 – Artistic creation,185
Barnet,"Music, performing and visual arts",9004 – Operation of arts facilities,5
Barnet,Publishing,5811 – Book publishing,30
Barnet,Publishing,5812 – Publishing of directories and mailing lists,0
Barnet,Publishing,5813 – Publishing of newspapers,5
Barnet,Publishing,5814 – Publishing of journals and periodicals,15
Barnet,Publishing,5819 – Other publishing activities,35
Barnet,Publishing,7430 – Translation and interpretation activities,25
Bexley,Advertising and marketing,7021 – Public relations and communication activities,15
Bexley,Advertising and marketing,7311 – Advertising agencies,40
Bexley,Advertising and marketing,7312 – Media representation,5
Bexley,Architecture,7111 – Architectural activities,40
Bexley,Crafts,3212 – Manufacture of jewellery and related articles,5
Bexley,Design and designer fashion,7410 – Specialised design activities,60
Bexley,"Film, TV, video, radio and photography","5911 – Motion picture, video and television programme production activities",65
Bexley,"Film, TV, video, radio and photography","5912 – Motion picture, video and television programme post-production activities",15
Bexley,"Film, TV, video, radio and photography","5913 – Motion picture, video and television programme distribution activities",0
Bexley,"Film, TV, video, radio and photography",5914 – Motion picture projection activities,0
Bexley,"Film, TV, video, radio and photography",6010 – Radio broadcasting,0
Bexley,"Film, TV, video, radio and photography",6020 – Television programming and broadcasting activities,0
Bexley,"Film, TV, video, radio and photography",7420 – Photographic activities,25
Bexley,"IT, software and computer services",5821 – Publishing of computer games,0
Bexley,"IT, software and computer services",5829 – Other software publishing,5
Bexley,"IT, software and computer services",6201 – Computer programming activities,65
Bexley,"IT, software and computer services",6202 – Computer consultancy activities,380
Bexley,"Music, performing and visual arts",5920 – Sound recording and music publishing activities,10
Bexley,"Music, performing and visual arts",8552 – Cultural education,10
Bexley,"Music, performing and visual arts",9001 – Performing arts,20
Bexley,"Music, performing and visual arts",9002 – Support activities to performing arts,10
Bexley,"Music, performing and visual arts",9003 – Artistic creation,15
Bexley,"Music, performing and visual arts",9004 – Operation of arts facilities,0
Bexley,Publishing,5811 – Book publishing,5
Bexley,Publishing,5812 – Publishing of directories and mailing lists,0
Bexley,Publishing,5813 – Publishing of newspapers,0
Bexley,Publishing,5814 – Publishing of journals and periodicals,5
Bexley,Publishing,5819 – Other publishing activities,5
Bexley,Publishing,7430 – Translation and interpretation activities,5
Brent,Advertising and marketing,7021 – Public relations and communication activities,45
Brent,Advertising and marketing,7311 – Advertising agencies,80
Brent,Advertising and marketing,7312 – Media representation,25
Brent,Architecture,7111 – Architectural activities,75
Brent,Crafts,3212 – Manufacture of jewellery and related articles,15
Brent,Design and designer fashion,7410 – Specialised design activities,180
Brent,"Film, TV, video, radio and photography","5911 – Motion picture, video and television programme production activities",310
Brent,"Film, TV, video, radio and photography","5912 – Motion picture, video and television programme post-production activities",35
Brent,"Film, TV, video, radio and photography","5913 – Motion picture, video and television programme distribution activities",10
Brent,"Film, TV, video, radio and photography",5914 – Motion picture projection activities,5
Brent,"Film, TV, video, radio and photography",6010 – Radio broadcasting,0
Brent,"Film, TV, video, radio and photography",6020 – Television programming and broadcasting activities,25
Brent,"Film, TV, video, radio and photography",7420 – Photographic activities,60
Brent,"IT, software and computer services",5821 – Publishing of computer games,0
Brent,"IT, software and computer services",5829 – Other software publishing,15
Brent,"IT, software and computer services",6201 – Computer programming activities,145
Brent,"IT, software and computer services",6202 – Computer consultancy activities,495
Brent,"Music, performing and visual arts",5920 – Sound recording and music publishing activities,50
Brent,"Music, performing and visual arts",8552 – Cultural education,15
Brent,"Music, performing and visual arts",9001 – Performing arts,100
Brent,"Music, performing and visual arts",9002 – Support activities to performing arts,50
Brent,"Music, performing and visual arts",9003 – Artistic creation,145
Brent,"Music, performing and visual arts",9004 – Operation of arts facilities,5
Brent,Publishing,5811 – Book publishing,15
Brent,Publishing,5812 – Publishing of directories and mailing lists,0
Brent,Publishing,5813 – Publishing of newspapers,5
Brent,Publishing,5814 – Publishing of journals and periodicals,5
Brent,Publishing,5819 – Other publishing activities,25
Brent,Publishing,7430 – Translation and interpretation activities,15
Bromley,Advertising and marketing,7021 – Public relations and communication activities,45
Bromley,Advertising and marketing,7311 – Advertising agencies,130
Bromley,Advertising and marketing,7312 – Media representation,30
Bromley,Architecture,7111 – Architectural activities,70
Bromley,Crafts,3212 – Manufacture of jewellery and related articles,5
Bromley,Design and designer fashion,7410 – Specialised design activities,210
Bromley,"Film, TV, video, radio and photography","5911 – Motion picture, video and television programme production activities",180
Bromley,"Film, TV, video, radio and photography","5912 – Motion picture, video and television programme post-production activities",40
Bromley,"Film, TV, video, radio and photography","5913 – Motion picture, video and television programme distribution activities",5
Bromley,"Film, TV, video, radio and photography",5914 – Motion picture projection activities,0
Bromley,"Film, TV, video, radio and photography",6010 – Radio broadcasting,5
Bromley,"Film, TV, video, radio and photography",6020 – Television programming and broadcasting activities,15
Bromley,"Film, TV, video, radio and photography",7420 – Photographic activities,65
Bromley,"IT, software and computer services",5821 – Publishing of computer games,5
Bromley,"IT, software and computer services",5829 – Other software publishing,25
Bromley,"IT, software and computer services",6201 – Computer programming activities,220
Bromley,"IT, software and computer services",6202 – Computer consultancy activities,675
Bromley,"Music, performing and visual arts",5920 – Sound recording and music publishing activities,35
Bromley,"Music, performing and visual arts",8552 – Cultural education,15
Bromley,"Music, performing and visual arts",9001 – Performing arts,125
Bromley,"Music, performing and visual arts",9002 – Support activities to performing arts,40
Bromley,"Music, performing and visual arts",9003 – Artistic creation,115
Bromley,"Music, performing and visual arts",9004 – Operation of arts facilities,5
Bromley,Publishing,5811 – Book publishing,10
Bromley,Publishing,5812 – Publishing of directories and mailing lists,0
Bromley,Publishing,5813 – Publishing of newspapers,0
Bromley,Publishing,5814 – Publishing of journals and periodicals,15
Bromley,Publishing,5819 – Other publishing activities,30
Bromley,Publishing,7430 – Translation and interpretation activities,5
Camden,Advertising and marketing,7021 – Public relations and communication activities,240
Camden,Advertising and marketing,7311 – Advertising agencies,560
Camden,Advertising and marketing,7312 – Media representation,125
Camden,Architecture,7111 – Architectural activities,360
Camden,Crafts,3212 – Manufacture of jewellery and related articles,170
Camden,Design and designer fashion,7410 – Specialised design activities,430
Camden,"Film, TV, video, radio and photography","5911 – Motion picture, video and television programme production activities",1105
Camden,"Film, TV, video, radio and photography","5912 – Motion picture, video and television programme post-production activities",105
Camden,"Film, TV, video, radio and photography","5913 – Motion picture, video and television programme distribution activities",60
Camden,"Film, TV, video, radio and photography",5914 – Motion picture projection activities,20
Camden,"Film, TV, video, radio and photography",6010 – Radio broadcasting,35
Camden,"Film, TV, video, radio and photography",6020 – Television programming and broadcasting activities,55
Camden,"Film, TV, video, radio and photography",7420 – Photographic activities,170
Camden,"IT, software and computer services",5821 – Publishing of computer games,35
Camden,"IT, software and computer services",5829 – Other software publishing,185
Camden,"IT, software and computer services",6201 – Computer programming activities,1155
Camden,"IT, software and computer services",6202 – Computer consultancy activities,1480
Camden,"Music, performing and visual arts",5920 – Sound recording and music publishing activities,305
Camden,"Music, performing and visual arts",8552 – Cultural education,40
Camden,"Music, performing and visual arts",9001 – Performing arts,635
Camden,"Music, performing and visual arts",9002 – Support activities to performing arts,205
Camden,"Music, performing and visual arts",9003 – Artistic creation,615
Camden,"Music, performing and visual arts",9004 – Operation of arts facilities,30
Camden,Publishing,5811 – Book publishing,105
Camden,Publishing,5812 – Publishing of directories and mailing lists,5
Camden,Publishing,5813 – Publishing of newspapers,10
Camden,Publishing,5814 – Publishing of journals and periodicals,60
Camden,Publishing,5819 – Other publishing activities,125
Camden,Publishing,7430 – Translation and interpretation activities,40
City of London,Advertising and marketing,7021 – Public relations and communication activities,75
City of London,Advertising and marketing,7311 – Advertising agencies,180
City of London,Advertising and marketing,7312 – Media representation,45
City of London,Architecture,7111 – Architectural activities,85
City of London,Crafts,3212 – Manufacture of jewellery and related articles,5
City of London,Design and designer fashion,7410 – Specialised design activities,70
City of London,"Film, TV, video, radio and photography","5911 – Motion picture, video and television programme production activities",190
City of London,"Film, TV, video, radio and photography","5912 – Motion picture, video and television programme post-production activities",25
City of London,"Film, TV, video, radio and photography","5913 – Motion picture, video and television programme distribution activities",15
City of London,"Film, TV, video, radio and photography",5914 – Motion picture projection activities,0
City of London,"Film, TV, video, radio and photography",6010 – Radio broadcasting,5
City of London,"Film, TV, video, radio and photography",6020 – Television programming and broadcasting activities,10
City of London,"Film, TV, video, radio and photography",7420 – Photographic activities,10
City of London,"IT, software and computer services",5821 – Publishing of computer games,15
City of London,"IT, software and computer services",5829 – Other software publishing,115
City of London,"IT, software and computer services",6201 – Computer programming activities,775
City of London,"IT, software and computer services",6202 – Computer consultancy activities,795
City of London,"Music, performing and visual arts",5920 – Sound recording and music publishing activities,45
City of London,"Music, performing and visual arts",8552 – Cultural education,10
City of London,"Music, performing and visual arts",9001 – Performing arts,110
City of London,"Music, performing and visual arts",9002 – Support activities to performing arts,25
City of London,"Music, performing and visual arts",9003 – Artistic creation,105
City of London,"Music, performing and visual arts",9004 – Operation of arts facilities,5
City of London,Publishing,5811 – Book publishing,15
City of London,Publishing,5812 – Publishing of directories and mailing lists,0
City of London,Publishing,5813 – Publishing of newspapers,5
City of London,Publishing,5814 – Publishing of journals and periodicals,35
City of London,Publishing,5819 – Other publishing activities,60
City of London,Publishing,7430 – Translation and interpretation activities,20
Croydon,Advertising and marketing,7021 – Public relations and communication activities,35
Croydon,Advertising and marketing,7311 – Advertising agencies,105
Croydon,Advertising and marketing,7312 – Media representation,30
Croydon,Architecture,7111 – Architectural activities,80
Croydon,Crafts,3212 – Manufacture of jewellery and related articles,10
Croydon,Design and designer fashion,7410 – Specialised design activities,145
Croydon,"Film, TV, video, radio and photography","5911 – Motion picture, video and television programme production activities",170
Croydon,"Film, TV, video, radio and photography","5912 – Motion picture, video and television programme post-production activities",25
Croydon,"Film, TV, video, radio and photography","5913 – Motion picture, video and television programme distribution activities",5
Croydon,"Film, TV, video, radio and photography",5914 – Motion picture projection activities,5
Croydon,"Film, TV, video, radio and photography",6010 – Radio broadcasting,0
Croydon,"Film, TV, video, radio and photography",6020 – Television programming and broadcasting activities,15
Croydon,"Film, TV, video, radio and photography",7420 – Photographic activities,45
Croydon,"IT, software and computer services",5821 – Publishing of computer games,5
Croydon,"IT, software and computer services",5829 – Other software publishing,25
Croydon,"IT, software and computer services",6201 – Computer programming activities,210
Croydon,"IT, software and computer services",6202 – Computer consultancy activities,720
Croydon,"Music, performing and visual arts",5920 – Sound recording and music publishing activities,40
Croydon,"Music, performing and visual arts",8552 – Cultural education,15
Croydon,"Music, performing and visual arts",9001 – Performing arts,85
Croydon,"Music, performing and visual arts",9002 – Support activities to performing arts,30
Croydon,"Music, performing and visual arts",9003 – Artistic creation,110
Croydon,"Music, performing and visual arts",9004 – Operation of arts facilities,5
Croydon,Publishing,5811 – Book publishing,10
Croydon,Publishing,5812 – Publishing of directories and mailing lists,0
Croydon,Publishing,5813 – Publishing of newspapers,5
Croydon,Publishing,5814 – Publishing of journals and periodicals,10
Croydon,Publishing,5819 – Other publishing activities,20
Croydon,Publishing,7430 – Translation and interpretation activities,10
Ealing,Advertising and marketing,7021 – Public relations and communication activities,60
Ealing,Advertising and marketing,7311 – Advertising agencies,100
Ealing,Advertising and marketing,7312 – Media representation,35
Ealing,Architecture,7111 – Architectural activities,75
Ealing,Crafts,3212 – Manufacture of jewellery and related articles,5
Ealing,Design and designer fashion,7410 – Specialised design activities,195
Ealing,"Film, TV, video, radio and photography","5911 – Motion picture, video and television programme production activities",415
Ealing,"Film, TV, video, radio and photography","5912 – Motion picture, video and television programme post-production activities",65
Ealing,"Film, TV, video, radio and photography","5913 – Motion picture, video and television programme distribution activities",15
Ealing,"Film, TV, video, radio and photography",5914 – Motion picture projection activities,5
Ealing,"Film, TV, video, radio and photography",6010 – Radio broadcasting,20
Ealing,"Film, TV, video, radio and photography",6020 – Television programming and broadcasting activities,35
Ealing,"Film, TV, video, radio and photography",7420 – Photographic activities,80
Ealing,"IT, software and computer services",5821 – Publishing of computer games,5
Ealing,"IT, software and computer services",5829 – Other software publishing,25
Ealing,"IT, software and computer services",6201 – Computer programming activities,195
Ealing,"IT, software and computer services",6202 – Computer consultancy activities,640
Ealing,"Music, performing and visual arts",5920 – Sound recording and music publishing activities,60
Ealing,"Music, performing and visual arts",8552 – Cultural education,15
Ealing,"Music, performing and visual arts",9001 – Performing arts,135
Ealing,"Music, performing and visual arts",9002 – Support activities to performing arts,60
Ealing,"Music, performing and visual arts",9003 – Artistic creation,140
Ealing,"Music, performing and visual arts",9004 – Operation of arts facilities,10
Ealing,Publishing,5811 – Book publishing,5
Ealing,Publishing,5812 – Publishing of directories and mailing lists,0
Ealing,Publishing,5813 – Publishing of newspapers,5
Ealing,Publishing,5814 – Publishing of journals and periodicals,10
Ealing,Publishing,5819 – Other publishing activities,25
Ealing,Publishing,7430 – Translation and interpretation activities,25
Enfield,Advertising and marketing,7021 – Public relations and communication activities,25
Enfield,Advertising and marketing,7311 – Advertising agencies,110
Enfield,Advertising and marketing,7312 – Media representation,15
Enfield,Architecture,7111 – Architectural activities,75
Enfield,Crafts,3212 – Manufacture of jewellery and related articles,5
Enfield,Design and designer fashion,7410 – Specialised design activities,160
Enfield,"Film, TV, video, radio and photography","5911 – Motion picture, video and television programme production activities",160
Enfield,"Film, TV, video, radio and photography","5912 – Motion picture, video and television programme post-production activities",30
Enfield,"Film, TV, video, radio and photography","5913 – Motion picture, video and television programme distribution activities",5
Enfield,"Film, TV, video, radio and photography",5914 – Motion picture projection activities,0
Enfield,"Film, TV, video, radio and photography",6010 – Radio broadcasting,5
Enfield,"Film, TV, video, radio and photography",6020 – Television programming and broadcasting activities,10
Enfield,"Film, TV, video, radio and photography",7420 – Photographic activities,45
Enfield,"IT, software and computer services",5821 – Publishing of computer games,0
Enfield,"IT, software and computer services",5829 – Other software publishing,20
Enfield,"IT, software and computer services",6201 – Computer programming activities,170
Enfield,"IT, software and computer services",6202 – Computer consultancy activities,465
Enfield,"Music, performing and visual arts",5920 – Sound recording and music publishing activities,40
Enfield,"Music, performing and visual arts",8552 – Cultural education,10
Enfield,"Music, performing and visual arts",9001 – Performing arts,70
Enfield,"Music, performing and visual arts",9002 – Support activities to performing arts,35
Enfield,"Music, performing and visual arts",9003 – Artistic creation,65
Enfield,"Music, performing and visual arts",9004 – Operation of arts facilities,5
Enfield,Publishing,5811 – Book publishing,10
Enfield,Publishing,5812 – Publishing of directories and mailing lists,0
Enfield,Publishing,5813 – Publishing of newspapers,5
Enfield,Publishing,5814 – Publishing of journals and periodicals,10
Enfield,Publishing,5819 – Other publishing activities,10
Enfield,Publishing,7430 – Translation and interpretation activities,20
Greenwich,Advertising and marketing,7021 – Public relations and communication activities,40
Greenwich,Advertising and marketing,7311 – Advertising agencies,70
Greenwich,Advertising and marketing,7312 – Media representation,20
Greenwich,Architecture,7111 – Architectural activities,80
Greenwich,Crafts,3212 – Manufacture of jewellery and related articles,10
Greenwich,Design and designer fashion,7410 – Specialised design activities,145
Greenwich,"Film, TV, video, radio and photography","5911 – Motion picture, video and television programme production activities",155
Greenwich,"Film, TV, video, radio and photography","5912 – Motion picture, video and television programme post-production activities",40
Greenwich,"Film, TV, video, radio and photography","5913 – Motion picture, video and television programme distribution activities",5
Greenwich,"Film, TV, video, radio and photography",5914 – Motion picture projection activities,0
Greenwich,"Film, TV, video, radio and photography",6010 – Radio broadcasting,5
Greenwich,"Film, TV, video, radio and photography",6020 – Television programming and broadcasting activities,15
Greenwich,"Film, TV, video, radio and photography",7420 – Photographic activities,55
Greenwich,"IT, software and computer services",5821 – Publishing of computer games,0
Greenwich,"IT, software and computer services",5829 – Other software publishing,15
Greenwich,"IT, software and computer services",6201 – Computer programming activities,165
Greenwich,"IT, software and computer services",6202 – Computer consultancy activities,465
Greenwich,"Music, performing and visual arts",5920 – Sound recording and music publishing activities,15
Greenwich,"Music, performing and visual arts",8552 – Cultural education,10
Greenwich,"Music, performing and visual arts",9001 – Performing arts,90
Greenwich,"Music, performing and visual arts",9002 – Support activities to performing arts,35
Greenwich,"Music, performing and visual arts",9003 – Artistic creation,115
Greenwich,"Music, performing and visual arts",9004 – Operation of arts facilities,10
Greenwich,Publishing,5811 – Book publishing,10
Greenwich,Publishing,5812 – Publishing of directories and mailing lists,0
Greenwich,Publishing,5813 – Publishing of newspapers,0
Greenwich,Publishing,5814 – Publishing of journals and periodicals,5
Greenwich,Publishing,5819 – Other publishing activities,15
Greenwich,Publishing,7430 – Translation and interpretation activities,5
Hackney,Advertising and marketing,7021 – Public relations and communication activities,195
Hackney,Advertising and marketing,7311 – Advertising agencies,560
Hackney,Advertising and marketing,7312 – Media representation,85
Hackney,Architecture,7111 – Architectural activities,410
Hackney,Crafts,3212 – Manufacture of jewellery and related articles,30
Hackney,Design and designer fashion,7410 – Specialised design activities,805
Hackney,"Film, TV, video, radio and photography","5911 – Motion picture, video and television programme production activities",870
Hackney,"Film, TV, video, radio and photography","5912 – Motion picture, video and television programme post-production activities",155
Hackney,"Film, TV, video, radio and photography","5913 – Motion picture, video and television programme distribution activities",20
Hackney,"Film, TV, video, radio and photography",5914 – Motion picture projection activities,5
Hackney,"Film, TV, video, radio and photography",6010 – Radio broadcasting,15
Hackney,"Film, TV, video, radio and photography",6020 – Television programming and broadcasting activities,25
Hackney,"Film, TV, video, radio and photography",7420 – Photographic activities,370
Hackney,"IT, software and computer services",5821 – Publishing of computer games,30
Hackney,"IT, software and computer services",5829 – Other software publishing,120
Hackney,"IT, software and computer services",6201 – Computer programming activities,970
Hackney,"IT, software and computer services",6202 – Computer consultancy activities,1475
Hackney,"Music, performing and visual arts",5920 – Sound recording and music publishing activities,190
Hackney,"Music, performing and visual arts",8552 – Cultural education,35
Hackney,"Music, performing and visual arts",9001 – Performing arts,240
Hackney,"Music, performing and visual arts",9002 – Support activities to performing arts,165
Hackney,"Music, performing and visual arts",9003 – Artistic creation,480
Hackney,"Music, performing and visual arts",9004 – Operation of arts facilities,35
Hackney,Publishing,5811 – Book publishing,70
Hackney,Publishing,5812 – Publishing of directories and mailing lists,5
Hackney,Publishing,5813 – Publishing of newspapers,10
Hackney,Publishing,5814 – Publishing of journals and periodicals,45
Hackney,Publishing,5819 – Other publishing activities,115
Hackney,Publishing,7430 – Translation and interpretation activities,30
Hammersmith and Fulham,Advertising and marketing,7021 – Public relations and communication activities,90
Hammersmith and Fulham,Advertising and marketing,7311 – Advertising agencies,140
Hammersmith and Fulham,Advertising and marketing,7312 – Media representation,45
Hammersmith and Fulham,Architecture,7111 – Architectural activities,145
Hammersmith and Fulham,Crafts,3212 – Manufacture of jewellery and related articles,10
Hammersmith and Fulham,Design and designer fashion,7410 – Specialised design activities,290
Hammersmith and Fulham,"Film, TV, video, radio and photography","5911 – Motion picture, video and television programme production activities",480
Hammersmith and Fulham,"Film, TV, video, radio and photography","5912 – Motion picture, video and television programme post-production activities",50
Hammersmith and Fulham,"Film, TV, video, radio and photography","5913 – Motion picture, video and television programme distribution activities",15
Hammersmith and Fulham,"Film, TV, video, radio and photography",5914 – Motion picture projection activities,5
Hammersmith and Fulham,"Film, TV, video, radio and photography",6010 – Radio broadcasting,10
Hammersmith and Fulham,"Film, TV, video, radio and photography",6020 – Television programming and broadcasting activities,20
Hammersmith and Fulham,"Film, TV, video, radio and photography",7420 – Photographic activities,75
Hammersmith and Fulham,"IT, software and computer services",5821 – Publishing of computer games,10
Hammersmith and Fulham,"IT, software and computer services",5829 – Other software publishing,30
Hammersmith and Fulham,"IT, software and computer services",6201 – Computer programming activities,220
Hammersmith and Fulham,"IT, software and computer services",6202 – Computer consultancy activities,345
Hammersmith and Fulham,"Music, performing and visual arts",5920 – Sound recording and music publishing activities,90
Hammersmith and Fulham,"Music, performing and visual arts",8552 – Cultural education,10
Hammersmith and Fulham,"Music, performing and visual arts",9001 – Performing arts,120
Hammersmith and Fulham,"Music, performing and visual arts",9002 – Support activities to performing arts,60
Hammersmith and Fulham,"Music, performing and visual arts",9003 – Artistic creation,215
Hammersmith and Fulham,"Music, performing and visual arts",9004 – Operation of arts facilities,10
Hammersmith and Fulham,Publishing,5811 – Book publishing,20
Hammersmith and Fulham,Publishing,5812 – Publishing of directories and mailing lists,0
Hammersmith and Fulham,Publishing,5813 – Publishing of newspapers,5
Hammersmith and Fulham,Publishing,5814 – Publishing of journals and periodicals,15
Hammersmith and Fulham,Publishing,5819 – Other publishing activities,35
Hammersmith and Fulham,Publishing,7430 – Translation and interpretation activities,15
Haringey,Advertising and marketing,7021 – Public relations and communication activities,55
Haringey,Advertising and marketing,7311 – Advertising agencies,125
Haringey,Advertising and marketing,7312 – Media representation,40
Haringey,Architecture,7111 – Architectural activities,145
Haringey,Crafts,3212 – Manufacture of jewellery and related articles,5
Haringey,Design and designer fashion,7410 – Specialised design activities,250
Haringey,"Film, TV, video, radio and photography","5911 – Motion picture, video and television programme production activities",455
Haringey,"Film, TV, video, radio and photography","5912 – Motion picture, video and television programme post-production activities",95
Haringey,"Film, TV, video, radio and photography","5913 – Motion picture, video and television programme distribution activities",5
Haringey,"Film, TV, video, radio and photography",5914 – Motion picture projection activities,0
Haringey,"Film, TV, video, radio and photography",6010 – Radio broadcasting,5
Haringey,"Film, TV, video, radio and photography",6020 – Television programming and broadcasting activities,15
Haringey,"Film, TV, video, radio and photography",7420 – Photographic activities,150
Haringey,"IT, software and computer services",5821 – Publishing of computer games,5
Haringey,"IT, software and computer services",5829 – Other software publishing,15
Haringey,"IT, software and computer services",6201 – Computer programming activities,170
Haringey,"IT, software and computer services",6202 – Computer consultancy activities,330
Haringey,"Music, performing and visual arts",5920 – Sound recording and music publishing activities,80
Haringey,"Music, performing and visual arts",8552 – Cultural education,15
Haringey,"Music, performing and visual arts",9001 – Performing arts,185
Haringey,"Music, performing and visual arts",9002 – Support activities to performing arts,85
Haringey,"Music, performing and visual arts",9003 – Artistic creation,255
Haringey,"Music, performing and visual arts",9004 – Operation of arts facilities,10
Haringey,Publishing,5811 – Book publishing,15
Haringey,Publishing,5812 – Publishing of directories and mailing lists,0
Haringey,Publishing,5813 – Publishing of newspapers,5
Haringey,Publishing,5814 – Publishing of journals and periodicals,5
Haringey,Publishing,5819 – Other publishing activities,35
Haringey,Publishing,7430 – Translation and interpretation activities,10
Harrow,Advertising and marketing,7021 – Public relations and communication activities,20
Harrow,Advertising and marketing,7311 – Advertising agencies,75
Harrow,Advertising and marketing,7312 – Media representation,20
Harrow,Architecture,7111 – Architectural activities,70
Harrow,Crafts,3212 – Manufacture of jewellery and related articles,5
Harrow,Design and designer fashion,7410 – Specialised design activities,80
Harrow,"Film, TV, video, radio and photography","5911 – Motion picture, video and television programme production activities",100
Harrow,"Film, TV, video, radio and photography","5912 – Motion picture, video and television programme post-production activities",15
Harrow,"Film, TV, video, radio and photography","5913 – Motion picture, video and television programme distribution activities",15
Harrow,"Film, TV, video, radio and photography",5914 – Motion picture projection activities,0
Harrow,"Film, TV, video, radio and photography",6010 – Radio broadcasting,0
Harrow,"Film, TV, video, radio and photography",6020 – Television programming and broadcasting activities,10
Harrow,"Film, TV, video, radio and photography",7420 – Photographic activities,20
Harrow,"IT, software and computer services",5821 – Publishing of computer games,5
Harrow,"IT, software and computer services",5829 – Other software publishing,20
Harrow,"IT, software and computer services",6201 – Computer programming activities,250
Harrow,"IT, software and computer services",6202 – Computer consultancy activities,880
Harrow,"Music, performing and visual arts",5920 – Sound recording and music publishing activities,15
Harrow,"Music, performing and visual arts",8552 – Cultural education,15
Harrow,"Music, performing and visual arts",9001 – Performing arts,50
Harrow,"Music, performing and visual arts",9002 – Support activities to performing arts,15
Harrow,"Music, performing and visual arts",9003 – Artistic creation,65
Harrow,"Music, performing and visual arts",9004 – Operation of arts facilities,0
Harrow,Publishing,5811 – Book publishing,15
Harrow,Publishing,5812 – Publishing of directories and mailing lists,0
Harrow,Publishing,5813 – Publishing of newspapers,0
Harrow,Publishing,5814 – Publishing of journals and periodicals,5
Harrow,Publishing,5819 – Other publishing activities,15
Harrow,Publishing,7430 – Translation and interpretation activities,15
Havering,Advertising and marketing,7021 – Public relations and communication activities,10
Havering,Advertising and marketing,7311 – Advertising agencies,45
Havering,Advertising and marketing,7312 – Media representation,5
Havering,Architecture,7111 – Architectural activities,40
Havering,Crafts,3212 – Manufacture of jewellery and related articles,5
Havering,Design and designer fashion,7410 – Specialised design activities,50
Havering,"Film, TV, video, radio and photography","5911 – Motion picture, video and television programme production activities",35
Havering,"Film, TV, video, radio and photography","5912 – Motion picture, video and television programme post-production activities",10
Havering,"Film, TV, video, radio and photography","5913 – Motion picture, video and television programme distribution activities",0
Havering,"Film, TV, video, radio and photography",5914 – Motion picture projection activities,0
Havering,"Film, TV, video, radio and photography",6010 – Radio broadcasting,0
Havering,"Film, TV, video, radio and photography",6020 – Television programming and broadcasting activities,5
Havering,"Film, TV, video, radio and photography",7420 – Photographic activities,15
Havering,"IT, software and computer services",5821 – Publishing of computer games,0
Havering,"IT, software and computer services",5829 – Other software publishing,10
Havering,"IT, software and computer services",6201 – Computer programming activities,70
Havering,"IT, software and computer services",6202 – Computer consultancy activities,325
Havering,"Music, performing and visual arts",5920 – Sound recording and music publishing activities,10
Havering,"Music, performing and visual arts",8552 – Cultural education,5
Havering,"Music, performing and visual arts",9001 – Performing arts,20
Havering,"Music, performing and visual arts",9002 – Support activities to performing arts,15
Havering,"Music, performing and visual arts",9003 – Artistic creation,25
Havering,"Music, performing and visual arts",9004 – Operation of arts facilities,0
Havering,Publishing,5811 – Book publishing,5
Havering,Publishing,5812 – Publishing of directories and mailing lists,0
Havering,Publishing,5813 – Publishing of newspapers,0
Havering,Publishing,5814 – Publishing of journals and periodicals,0
Havering,Publishing,5819 – Other publishing activities,5
Havering,Publishing,7430 – Translation and interpretation activities,5
Hillingdon,Advertising and marketing,7021 – Public relations and communication activities,15
Hillingdon,Advertising and marketing,7311 – Advertising agencies,55
Hillingdon,Advertising and marketing,7312 – Media representation,15
Hillingdon,Architecture,7111 – Architectural activities,40
Hillingdon,Crafts,3212 – Manufacture of jewellery and related articles,10
Hillingdon,Design and designer fashion,7410 – Specialised design activities,80
Hillingdon,"Film, TV, video, radio and photography","5911 – Motion picture, video and television programme production activities",150
Hillingdon,"Film, TV, video, radio and photography","5912 – Motion picture, video and television programme post-production activities",20
Hillingdon,"Film, TV, video, radio and photography","5913 – Motion picture, video and television programme distribution activities",0
Hillingdon,"Film, TV, video, radio and photography",5914 – Motion picture projection activities,0
Hillingdon,"Film, TV, video, radio and photography",6010 – Radio broadcasting,5
Hillingdon,"Film, TV, video, radio and photography",6020 – Television programming and broadcasting activities,10
Hillingdon,"Film, TV, video, radio and photography",7420 – Photographic activities,30
Hillingdon,"IT, software and computer services",5821 – Publishing of computer games,5
Hillingdon,"IT, software and computer services",5829 – Other software publishing,10
Hillingdon,"IT, software and computer services",6201 – Computer programming activities,190
Hillingdon,"IT, software and computer services",6202 – Computer consultancy activities,640
Hillingdon,"Music, performing and visual arts",5920 – Sound recording and music publishing activities,30
Hillingdon,"Music, performing and visual arts",8552 – Cultural education,5
Hillingdon,"Music, performing and visual arts",9001 – Performing arts,30
Hillingdon,"Music, performing and visual arts",9002 – Support activities to performing arts,50
Hillingdon,"Music, performing and visual arts",9003 – Artistic creation,40
Hillingdon,"Music, performing and visual arts",9004 – Operation of arts facilities,0
Hillingdon,Publishing,5811 – Book publishing,5
Hillingdon,Publishing,5812 – Publishing of directories and mailing lists,0
Hillingdon,Publishing,5813 – Publishing of newspapers,0
Hillingdon,Publishing,5814 – Publishing of journals and periodicals,5
Hillingdon,Publishing,5819 – Other publishing activities,15
Hillingdon,Publishing,7430 – Translation and interpretation activities,5
Hounslow,Advertising and marketing,7021 – Public relations and communication activities,45
Hounslow,Advertising and marketing,7311 – Advertising agencies,75
Hounslow,Advertising and marketing,7312 – Media representation,20
Hounslow,Architecture,7111 – Architectural activities,75
Hounslow,Crafts,3212 – Manufacture of jewellery and related articles,0
Hounslow,Design and designer fashion,7410 – Specialised design activities,135
Hounslow,"Film, TV, video, radio and photography","5911 – Motion picture, video and television programme production activities",220
Hounslow,"Film, TV, video, radio and photography","5912 – Motion picture, video and television programme post-production activities",25
Hounslow,"Film, TV, video, radio and photography","5913 – Motion picture, video and television programme distribution activities",15
Hounslow,"Film, TV, video, radio and photography",5914 – Motion picture projection activities,5
Hounslow,"Film, TV, video, radio and photography",6010 – Radio broadcasting,5
Hounslow,"Film, TV, video, radio and photography",6020 – Television programming and broadcasting activities,25
Hounslow,"Film, TV, video, radio and photography",7420 – Photographic activities,45
Hounslow,"IT, software and computer services",5821 – Publishing of computer games,5
Hounslow,"IT, software and computer services",5829 – Other software publishing,15
Hounslow,"IT, software and computer services",6201 – Computer programming activities,260
Hounslow,"IT, software and computer services",6202 – Computer consultancy activities,865
Hounslow,"Music, performing and visual arts",5920 – Sound recording and music publishing activities,35
Hounslow,"Music, performing and visual arts",8552 – Cultural education,10
Hounslow,"Music, performing and visual arts",9001 – Performing arts,75
Hounslow,"Music, performing and visual arts",9002 – Support activities to performing arts,25
Hounslow,"Music, performing and visual arts",9003 – Artistic creation,100
Hounslow,"Music, performing and visual arts",9004 – Operation of arts facilities,5
Hounslow,Publishing,5811 – Book publishing,5
Hounslow,Publishing,5812 – Publishing of directories and mailing lists,0
Hounslow,Publishing,5813 – Publishing of newspapers,0
Hounslow,Publishing,5814 – Publishing of journals and periodicals,10
Hounslow,Publishing,5819 – Other publishing activities,30
Hounslow,Publishing,7430 – Translation and interpretation activities,10
Islington,Advertising and marketing,7021 – Public relations and communication activities,150
Islington,Advertising and marketing,7311 – Advertising agencies,505
Islington,Advertising and marketing,7312 – Media representation,90
Islington,Architecture,7111 – Architectural activities,330
Islington,Crafts,3212 – Manufacture of jewellery and related articles,40
Islington,Design and designer fashion,7410 – Specialised design activities,490
Islington,"Film, TV, video, radio and photography","5911 – Motion picture, video and television programme production activities",730
Islington,"Film, TV, video, radio and photography","5912 – Motion picture, video and television programme post-production activities",95
Islington,"Film, TV, video, radio and photography","5913 – Motion picture, video and television programme distribution activities",15
Islington,"Film, TV, video, radio and photography",5914 – Motion picture projection activities,5
Islington,"Film, TV, video, radio and photography",6010 – Radio broadcasting,20
Islington,"Film, TV, video, radio and photography",6020 – Television programming and broadcasting activities,15
Islington,"Film, TV, video, radio and photography",7420 – Photographic activities,175
Islington,"IT, software and computer services",5821 – Publishing of computer games,20
Islington,"IT, software and computer services",5829 – Other software publishing,120
Islington,"IT, software and computer services",6201 – Computer programming activities,850
Islington,"IT, software and computer services",6202 – Computer consultancy activities,1200
Islington,"Music, performing and visual arts",5920 – Sound recording and music publishing activities,110
Islington,"Music, performing and visual arts",8552 – Cultural education,25
Islington,"Music, performing and visual arts",9001 – Performing arts,305
Islington,"Music, performing and visual arts",9002 – Support activities to performing arts,135
Islington,"Music, performing and visual arts",9003 – Artistic creation,400
Islington,"Music, performing and visual arts",9004 – Operation of arts facilities,20
Islington,Publishing,5811 – Book publishing,55
Islington,Publishing,5812 – Publishing of directories and mailing lists,0
Islington,Publishing,5813 – Publishing of newspapers,10
Islington,Publishing,5814 – Publishing of journals and periodicals,40
Islington,Publishing,5819 – Other publishing activities,105
Islington,Publishing,7430 – Translation and interpretation activities,35
Kensington and Chelsea,Advertising and marketing,7021 – Public relations and communication activities,90
Kensington and Chelsea,Advertising and marketing,7311 – Advertising agencies,135
Kensington and Chelsea,Advertising and marketing,7312 – Media representation,20
Kensington and Chelsea,Architecture,7111 – Architectural activities,155
Kensington and Chelsea,Crafts,3212 – Manufacture of jewellery and related articles,15
Kensington and Chelsea,Design and designer fashion,7410 – Specialised design activities,390
Kensington and Chelsea,"Film, TV, video, radio and photography","5911 – Motion picture, video and television programme production activities",280
Kensington and Chelsea,"Film, TV, video, radio and photography","5912 – Motion picture, video and television programme post-production activities",30
Kensington and Chelsea,"Film, TV, video, radio and photography","5913 – Motion picture, video and television programme distribution activities",15
Kensington and Chelsea,"Film, TV, video, radio and photography",5914 – Motion picture projection activities,0
Kensington and Chelsea,"Film, TV, video, radio and photography",6010 – Radio broadcasting,5
Kensington and Chelsea,"Film, TV, video, radio and photography",6020 – Television programming and broadcasting activities,0
Kensington and Chelsea,"Film, TV, video, radio and photography",7420 – Photographic activities,85
Kensington and Chelsea,"IT, software and computer services",5821 – Publishing of computer games,5
Kensington and Chelsea,"IT, software and computer services",5829 – Other software publishing,35
Kensington and Chelsea,"IT, software and computer services",6201 – Computer programming activities,180
Kensington and Chelsea,"IT, software and computer services",6202 – Computer consultancy activities,215
Kensington and Chelsea,"Music, performing and visual arts",5920 – Sound recording and music publishing activities,105
Kensington and Chelsea,"Music, performing and visual arts",8552 – Cultural education,10
Kensington and Chelsea,"Music, performing and visual arts",9001 – Performing arts,120
Kensington and Chelsea,"Music, performing and visual arts",9002 – Support activities to performing arts,40
Kensington and Chelsea,"Music, performing and visual arts",9003 – Artistic creation,250
Kensington and Chelsea,"Music, performing and visual arts",9004 – Operation of arts facilities,15
Kensington and Chelsea,Publishing,5811 – Book publishing,40
Kensington and Chelsea,Publishing,5812 – Publishing of directories and mailing lists,0
Kensington and Chelsea,Publishing,5813 – Publishing of newspapers,5
Kensington and Chelsea,Publishing,5814 – Publishing of journals and periodicals,15
Kensington and Chelsea,Publishing,5819 – Other publishing activities,35
Kensington and Chelsea,Publishing,7430 – Translation and interpretation activities,10
Kingston upon Thames,Advertising and marketing,7021 – Public relations and communication activities,35
Kingston upon Thames,Advertising and marketing,7311 – Advertising agencies,85
Kingston upon Thames,Advertising and marketing,7312 – Media representation,15
Kingston upon Thames,Architecture,7111 – Architectural activities,50
Kingston upon Thames,Crafts,3212 – Manufacture of jewellery and related articles,5
Kingston upon Thames,Design and designer fashion,7410 – Specialised design activities,120
Kingston upon Thames,"Film, TV, video, radio and photography","5911 – Motion picture, video and television programme production activities",135
Kingston upon Thames,"Film, TV, video, radio and photography","5912 – Motion picture, video and television programme post-production activities",30
Kingston upon Thames,"Film, TV, video, radio and photography","5913 – Motion picture, video and television programme distribution activities",0
Kingston upon Thames,"Film, TV, video, radio and photography",5914 – Motion picture projection activities,0
Kingston upon Thames,"Film, TV, video, radio and photography",6010 – Radio broadcasting,0
Kingston upon Thames,"Film, TV, video, radio and photography",6020 – Television programming and broadcasting activities,5
Kingston upon Thames,"Film, TV, video, radio and photography",7420 – Photographic activities,50
Kingston upon Thames,"IT, software and computer services",5821 – Publishing of computer games,5
Kingston upon Thames,"IT, software and computer services",5829 – Other software publishing,20
Kingston upon Thames,"IT, software and computer services",6201 – Computer programming activities,130
Kingston upon Thames,"IT, software and computer services",6202 – Computer consultancy activities,430
Kingston upon Thames,"Music, performing and visual arts",5920 – Sound recording and music publishing activities,30
Kingston upon Thames,"Music, performing and visual arts",8552 – Cultural education,10
Kingston upon Thames,"Music, performing and visual arts",9001 – Performing arts,50
Kingston upon Thames,"Music, performing and visual arts",9002 – Support activities to performing arts,20
Kingston upon Thames,"Music, performing and visual arts",9003 – Artistic creation,75
Kingston upon Thames,"Music, performing and visual arts",9004 – Operation of arts facilities,5
Kingston upon Thames,Publishing,5811 – Book publishing,10
Kingston upon Thames,Publishing,5812 – Publishing of directories and mailing lists,0
Kingston upon Thames,Publishing,5813 – Publishing of newspapers,5
Kingston upon Thames,Publishing,5814 – Publishing of journals and periodicals,10
Kingston upon Thames,Publishing,5819 – Other publishing activities,10
Kingston upon Thames,Publishing,7430 – Translation and interpretation activities,5
Lambeth,Advertising and marketing,7021 – Public relations and communication activities,110
Lambeth,Advertising and marketing,7311 – Advertising agencies,155
Lambeth,Advertising and marketing,7312 – Media representation,30
Lambeth,Architecture,7111 – Architectural activities,185
Lambeth,Crafts,3212 – Manufacture of jewellery and related articles,10
Lambeth,Design and designer fashion,7410 – Specialised design activities,305
Lambeth,"Film, TV, video, radio and photography","5911 – Motion picture, video and television programme production activities",525
Lambeth,"Film, TV, video, radio and photography","5912 – Motion picture, video and television programme post-production activities",70
Lambeth,"Film, TV, video, radio and photography","5913 – Motion picture, video and television programme distribution activities",10
Lambeth,"Film, TV, video, radio and photography",5914 – Motion picture projection activities,0
Lambeth,"Film, TV, video, radio and photography",6010 – Radio broadcasting,10
Lambeth,"Film, TV, video, radio and photography",6020 – Television programming and broadcasting activities,25
Lambeth,"Film, TV, video, radio and photography",7420 – Photographic activities,115
Lambeth,"IT, software and computer services",5821 – Publishing of computer games,5
Lambeth,"IT, software and computer services",5829 – Other software publishing,35
Lambeth,"IT, software and computer services",6201 – Computer programming activities,210
Lambeth,"IT, software and computer services",6202 – Computer consultancy activities,370
Lambeth,"Music, performing and visual arts",5920 – Sound recording and music publishing activities,60
Lambeth,"Music, performing and visual arts",8552 – Cultural education,30
Lambeth,"Music, performing and visual arts",9001 – Performing arts,150
Lambeth,"Music, performing and visual arts",9002 – Support activities to performing arts,80
Lambeth,"Music, performing and visual arts",9003 – Artistic creation,275
Lambeth,"Music, performing and visual arts",9004 – Operation of arts facilities,15
Lambeth,Publishing,5811 – Book publishing,30
Lambeth,Publishing,5812 – Publishing of directories and mailing lists,0
Lambeth,Publishing,5813 – Publishing of newspapers,5
Lambeth,Publishing,5814 – Publishing of journals and periodicals,30
Lambeth,Publishing,5819 – Other publishing activities,45
Lambeth,Publishing,7430 – Translation and interpretation activities,10
Lewisham,Advertising and marketing,7021 – Public relations and communication activities,50
Lewisham,Advertising and marketing,7311 – Advertising agencies,100
Lewisham,Advertising and marketing,7312 – Media representation,25
Lewisham,Architecture,7111 – Architectural activities,115
Lewisham,Crafts,3212 – Manufacture of jewellery and related articles,10
Lewisham,Design and designer fashion,7410 – Specialised design activities,265
Lewisham,"Film, TV, video, radio and photography","5911 – Motion picture, video and television programme production activities",360
Lewisham,"Film, TV, video, radio and photography","5912 – Motion picture, video and television programme post-production activities",75
Lewisham,"Film, TV, video, radio and photography","5913 – Motion picture, video and television programme distribution activities",5
Lewisham,"Film, TV, video, radio and photography",5914 – Motion picture projection activities,0
Lewisham,"Film, TV, video, radio and photography",6010 – Radio broadcasting,0
Lewisham,"Film, TV, video, radio and photography",6020 – Television programming and broadcasting activities,5
Lewisham,"Film, TV, video, radio and photography",7420 – Photographic activities,105
Lewisham,"IT, software and computer services",5821 – Publishing of computer games,5
Lewisham,"IT, software and computer services",5829 – Other software publishing,10
Lewisham,"IT, software and computer services",6201 – Computer programming activities,130
Lewisham,"IT, software and computer services",6202 – Computer consultancy activities,370
Lewisham,"Music, performing and visual arts",5920 – Sound recording and music publishing activities,60
Lewisham,"Music, performing and visual arts",8552 – Cultural education,10
Lewisham,"Music, performing and visual arts",9001 – Performing arts,165
Lewisham,"Music, performing and visual arts",9002 – Support activities to performing arts,65
Lewisham,"Music, performing and visual arts",9003 – Artistic creation,240
Lewisham,"Music, performing and visual arts",9004 – Operation of arts facilities,5
Lewisham,Publishing,5811 – Book publishing,20
Lewisham,Publishing,5812 – Publishing of directories and mailing lists,0
Lewisham,Publishing,5813 – Publishing of newspapers,0
Lewisham,Publishing,5814 – Publishing of journals and periodicals,10
Lewisham,Publishing,5819 – Other publishing activities,35
Lewisham,Publishing,7430 – Translation and interpretation activities,10
Merton,Advertising and marketing,7021 – Public relations and communication activities,35
Merton,Advertising and marketing,7311 – Advertising agencies,100
Merton,Advertising and marketing,7312 – Media representation,20
Merton,Architecture,7111 – Architectural activities,80
Merton,Crafts,3212 – Manufacture of jewellery and related articles,5
Merton,Design and designer fashion,7410 – Specialised design activities,125
Merton,"Film, TV, video, radio and photography","5911 – Motion picture, video and television programme production activities",140
Merton,"Film, TV, video, radio and photography","5912 – Motion picture, video and television programme post-production activities",20
Merton,"Film, TV, video, radio and photography","5913 – Motion picture, video and television programme distribution activities",5
Merton,"Film, TV, video, radio and photography",5914 – Motion picture projection activities,0
Merton,"Film, TV, video, radio and photography",6010 – Radio broadcasting,5
Merton,"Film, TV, video, radio and photography",6020 – Television programming and broadcasting activities,10
Merton,"Film, TV, video, radio and photography",7420 – Photographic activities,40
Merton,"IT, software and computer services",5821 – Publishing of computer games,5
Merton,"IT, software and computer services",5829 – Other software publishing,10
Merton,"IT, software and computer services",6201 – Computer programming activities,165
Merton,"IT, software and computer services",6202 – Computer consultancy activities,490
Merton,"Music, performing and visual arts",5920 – Sound recording and music publishing activities,25
Merton,"Music, performing and visual arts",8552 – Cultural education,5
Merton,"Music, performing and visual arts",9001 – Performing arts,45
Merton,"Music, performing and visual arts",9002 – Support activities to performing arts,25
Merton,"Music, performing and visual arts",9003 – Artistic creation,75
Merton,"Music, performing and visual arts",9004 – Operation of arts facilities,0
Merton,Publishing,5811 – Book publishing,15
Merton,Publishing,5812 – Publishing of directories and mailing lists,0
Merton,Publishing,5813 – Publishing of newspapers,5
Merton,Publishing,5814 – Publishing of journals and periodicals,15
Merton,Publishing,5819 – Other publishing activities,15
Merton,Publishing,7430 – Translation and interpretation activities,15
Newham,Advertising and marketing,7021 – Public relations and communication activities,20
Newham,Advertising and marketing,7311 – Advertising agencies,105
Newham,Advertising and marketing,7312 – Media representation,15
Newham,Architecture,7111 – Architectural activities,55
Newham,Crafts,3212 – Manufacture of jewellery and related articles,5
Newham,Design and designer fashion,7410 – Specialised design activities,110
Newham,"Film, TV, video, radio and photography","5911 – Motion picture, video and television programme production activities",135
Newham,"Film, TV, video, radio and photography","5912 – Motion picture, video and television programme post-production activities",25
Newham,"Film, TV, video, radio and photography","5913 – Motion picture, video and television programme distribution activities",10
Newham,"Film, TV, video, radio and photography",5914 – Motion picture projection activities,0
Newham,"Film, TV, video, radio and photography",6010 – Radio broadcasting,5
Newham,"Film, TV, video, radio and photography",6020 – Television programming and broadcasting activities,10
Newham,"Film, TV, video, radio and photography",7420 – Photographic activities,60
Newham,"IT, software and computer services",5821 – Publishing of computer games,5
Newham,"IT, software and computer services",5829 – Other software publishing,15
Newham,"IT, software and computer services",6201 – Computer programming activities,230
Newham,"IT, software and computer services",6202 – Computer consultancy activities,555
Newham,"Music, performing and visual arts",5920 – Sound recording and music publishing activities,25
Newham,"Music, performing and visual arts",8552 – Cultural education,15
Newham,"Music, performing and visual arts",9001 – Performing arts,50
Newham,"Music, performing and visual arts",9002 – Support activities to performing arts,35
Newham,"Music, performing and visual arts",9003 – Artistic creation,50
Newham,"Music, performing and visual arts",9004 – Operation of arts facilities,0
Newham,Publishing,5811 – Book publishing,10
Newham,Publishing,5812 – Publishing of directories and mailing lists,0
Newham,Publishing,5813 – Publishing of newspapers,0
Newham,Publishing,5814 – Publishing of journals and periodicals,5
Newham,Publishing,5819 – Other publishing activities,20
Newham,Publishing,7430 – Translation and interpretation activities,20
Redbridge,Advertising and marketing,7021 – Public relations and communication activities,20
Redbridge,Advertising and marketing,7311 – Advertising agencies,80
Redbridge,Advertising and marketing,7312 – Media representation,10
Redbridge,Architecture,7111 – Architectural activities,55
Redbridge,Crafts,3212 – Manufacture of jewellery and related articles,0
Redbridge,Design and designer fashion,7410 – Specialised design activities,100
Redbridge,"Film, TV, video, radio and photography","5911 – Motion picture, video and television programme production activities",95
Redbridge,"Film, TV, video, radio and photography","5912 – Motion picture, video and television programme post-production activities",20
Redbridge,"Film, TV, video, radio and photography","5913 – Motion picture, video and television programme distribution activities",0
Redbridge,"Film, TV, video, radio and photography",5914 – Motion picture projection activities,0
Redbridge,"Film, TV, video, radio and photography",6010 – Radio broadcasting,5
Redbridge,"Film, TV, video, radio and photography",6020 – Television programming and broadcasting activities,20
Redbridge,"Film, TV, video, radio and photography",7420 – Photographic activities,40
Redbridge,"IT, software and computer services",5821 – Publishing of computer games,0
Redbridge,"IT, software and computer services",5829 – Other software publishing,5
Redbridge,"IT, software and computer services",6201 – Computer programming activities,190
Redbridge,"IT, software and computer services",6202 – Computer consultancy activities,800
Redbridge,"Music, performing and visual arts",5920 – Sound recording and music publishing activities,15
Redbridge,"Music, performing and visual arts",8552 – Cultural education,10
Redbridge,"Music, performing and visual arts",9001 – Performing arts,45
Redbridge,"Music, performing and visual arts",9002 – Support activities to performing arts,20
Redbridge,"Music, performing and visual arts",9003 – Artistic creation,60
Redbridge,"Music, performing and visual arts",9004 – Operation of arts facilities,0
Redbridge,Publishing,5811 – Book publishing,5
Redbridge,Publishing,5812 – Publishing of directories and mailing lists,0
Redbridge,Publishing,5813 – Publishing of newspapers,0
Redbridge,Publishing,5814 – Publishing of journals and periodicals,5
Redbridge,Publishing,5819 – Other publishing activities,10
Redbridge,Publishing,7430 – Translation and interpretation activities,10
Richmond upon Thames,Advertising and marketing,7021 – Public relations and communication activities,80
Richmond upon Thames,Advertising and marketing,7311 – Advertising agencies,155
Richmond upon Thames,Advertising and marketing,7312 – Media representation,40
Richmond upon Thames,Architecture,7111 – Architectural activities,145
Richmond upon Thames,Crafts,3212 – Manufacture of jewellery and related articles,5
Richmond upon Thames,Design and designer fashion,7410 – Specialised design activities,230
Richmond upon Thames,"Film, TV, video, radio and photography","5911 – Motion picture, video and television programme production activities",420
Richmond upon Thames,"Film, TV, video, radio and photography","5912 – Motion picture, video and television programme post-production activities",70
Richmond upon Thames,"Film, TV, video, radio and photography","5913 – Motion picture, video and television programme distribution activities",10
Richmond upon Thames,"Film, TV, video, radio and photography",5914 – Motion picture projection activities,0
Richmond upon Thames,"Film, TV, video, radio and photography",6010 – Radio broadcasting,5
Richmond upon Thames,"Film, TV, video, radio and photography",6020 – Television programming and broadcasting activities,30
Richmond upon Thames,"Film, TV, video, radio and photography",7420 – Photographic activities,85
Richmond upon Thames,"IT, software and computer services",5821 – Publishing of computer games,5
Richmond upon Thames,"IT, software and computer services",5829 – Other software publishing,25
Richmond upon Thames,"IT, software and computer services",6201 – Computer programming activities,220
Richmond upon Thames,"IT, software and computer services",6202 – Computer consultancy activities,610
Richmond upon Thames,"Music, performing and visual arts",5920 – Sound recording and music publishing activities,45
Richmond upon Thames,"Music, performing and visual arts",8552 – Cultural education,20
Richmond upon Thames,"Music, performing and visual arts",9001 – Performing arts,125
Richmond upon Thames,"Music, performing and visual arts",9002 – Support activities to performing arts,50
Richmond upon Thames,"Music, performing and visual arts",9003 – Artistic creation,210
Richmond upon Thames,"Music, performing and visual arts",9004 – Operation of arts facilities,10
Richmond upon Thames,Publishing,5811 – Book publishing,25
Richmond upon Thames,Publishing,5812 – Publishing of directories and mailing lists,0
Richmond upon Thames,Publishing,5813 – Publishing of newspapers,5
Richmond upon Thames,Publishing,5814 – Publishing of journals and periodicals,20
Richmond upon Thames,Publishing,5819 – Other publishing activities,30
Richmond upon Thames,Publishing,7430 – Translation and interpretation activities,15
Southwark,Advertising and marketing,7021 – Public relations and communication activities,135
Southwark,Advertising and marketing,7311 – Advertising agencies,285
Southwark,Advertising and marketing,7312 – Media representation,80
Southwark,Architecture,7111 – Architectural activities,295
Southwark,Crafts,3212 – Manufacture of jewellery and related articles,5
Southwark,Design and designer fashion,7410 – Specialised design activities,370
Southwark,"Film, TV, video, radio and photography","5911 – Motion picture, video and television programme production activities",515
Southwark,"Film, TV, video, radio and photography","5912 – Motion picture, video and television programme post-production activities",75
Southwark,"Film, TV, video, radio and photography","5913 – Motion picture, video and television programme distribution activities",5
Southwark,"Film, TV, video, radio and photography",5914 – Motion picture projection activities,5
Southwark,"Film, TV, video, radio and photography",6010 – Radio broadcasting,10
Southwark,"Film, TV, video, radio and photography",6020 – Television programming and broadcasting activities,15
Southwark,"Film, TV, video, radio and photography",7420 – Photographic activities,130
Southwark,"IT, software and computer services",5821 – Publishing of computer games,5
Southwark,"IT, software and computer services",5829 – Other software publishing,35
Southwark,"IT, software and computer services",6201 – Computer programming activities,355
Southwark,"IT, software and computer services",6202 – Computer consultancy activities,610
Southwark,"Music, performing and visual arts",5920 – Sound recording and music publishing activities,85
Southwark,"Music, performing and visual arts",8552 – Cultural education,20
Southwark,"Music, performing and visual arts",9001 – Performing arts,220
Southwark,"Music, performing and visual arts",9002 – Support activities to performing arts,90
Southwark,"Music, performing and visual arts",9003 – Artistic creation,310
Southwark,"Music, performing and visual arts",9004 – Operation of arts facilities,25
Southwark,Publishing,5811 – Book publishing,40
Southwark,Publishing,5812 – Publishing of directories and mailing lists,5
Southwark,Publishing,5813 – Publishing of newspapers,5
Southwark,Publishing,5814 – Publishing of journals and periodicals,45
Southwark,Publishing,5819 – Other publishing activities,60
Southwark,Publishing,7430 – Translation and interpretation activities,20
Sutton,Advertising and marketing,7021 – Public relations and communication activities,10
Sutton,Advertising and marketing,7311 – Advertising agencies,40
Sutton,Advertising and marketing,7312 – Media representation,5
Sutton,Architecture,7111 – Architectural activities,55
Sutton,Crafts,3212 – Manufacture of jewellery and related articles,5
Sutton,Design and designer fashion,7410 – Specialised design activities,60
Sutton,"Film, TV, video, radio and photography","5911 – Motion picture, video and television programme production activities",80
Sutton,"Film, TV, video, radio and photography","5912 – Motion picture, video and television programme post-production activities",15
Sutton,"Film, TV, video, radio and photography","5913 – Motion picture, video and television programme distribution activities",0
Sutton,"Film, TV, video, radio and photography",5914 – Motion picture projection activities,0
Sutton,"Film, TV, video, radio and photography",6010 – Radio broadcasting,0
Sutton,"Film, TV, video, radio and photography",6020 – Television programming and broadcasting activities,10
Sutton,"Film, TV, video, radio and photography",7420 – Photographic activities,20
Sutton,"IT, software and computer services",5821 – Publishing of computer games,0
Sutton,"IT, software and computer services",5829 – Other software publishing,10
Sutton,"IT, software and computer services",6201 – Computer programming activities,145
Sutton,"IT, software and computer services",6202 – Computer consultancy activities,555
Sutton,"Music, performing and visual arts",5920 – Sound recording and music publishing activities,10
Sutton,"Music, performing and visual arts",8552 – Cultural education,5
Sutton,"Music, performing and visual arts",9001 – Performing arts,25
Sutton,"Music, performing and visual arts",9002 – Support activities to performing arts,15
Sutton,"Music, performing and visual arts",9003 – Artistic creation,40
Sutton,"Music, performing and visual arts",9004 – Operation of arts facilities,0
Sutton,Publishing,5811 – Book publishing,10
Sutton,Publishing,5812 – Publishing of directories and mailing lists,0
Sutton,Publishing,5813 – Publishing of newspapers,0
Sutton,Publishing,5814 – Publishing of journals and periodicals,10
Sutton,Publishing,5819 – Other publishing activities,15
Sutton,Publishing,7430 – Translation and interpretation activities,10
Tower Hamlets,Advertising and marketing,7021 – Public relations and communication activities,85
Tower Hamlets,Advertising and marketing,7311 – Advertising agencies,200
Tower Hamlets,Advertising and marketing,7312 – Media representation,40
Tower Hamlets,Architecture,7111 – Architectural activities,165
Tower Hamlets,Crafts,3212 – Manufacture of jewellery and related articles,10
Tower Hamlets,Design and designer fashion,7410 – Specialised design activities,330
Tower Hamlets,"Film, TV, video, radio and photography","5911 – Motion picture, video and television programme production activities",390
Tower Hamlets,"Film, TV, video, radio and photography","5912 – Motion picture, video and television programme post-production activities",60
Tower Hamlets,"Film, TV, video, radio and photography","5913 – Motion picture, video and television programme distribution activities",15
Tower Hamlets,"Film, TV, video, radio and photography",5914 – Motion picture projection activities,0
Tower Hamlets,"Film, TV, video, radio and photography",6010 – Radio broadcasting,5
Tower Hamlets,"Film, TV, video, radio and photography",6020 – Television programming and broadcasting activities,15
Tower Hamlets,"Film, TV, video, radio and photography",7420 – Photographic activities,130
Tower Hamlets,"IT, software and computer services",5821 – Publishing of computer games,10
Tower Hamlets,"IT, software and computer services",5829 – Other software publishing,60
Tower Hamlets,"IT, software and computer services",6201 – Computer programming activities,460
Tower Hamlets,"IT, software and computer services",6202 – Computer consultancy activities,795
Tower Hamlets,"Music, performing and visual arts",5920 – Sound recording and music publishing activities,120
Tower Hamlets,"Music, performing and visual arts",8552 – Cultural education,35
Tower Hamlets,"Music, performing and visual arts",9001 – Performing arts,140
Tower Hamlets,"Music, performing and visual arts",9002 – Support activities to performing arts,75
Tower Hamlets,"Music, performing and visual arts",9003 – Artistic creation,245
Tower Hamlets,"Music, performing and visual arts",9004 – Operation of arts facilities,20
Tower Hamlets,Publishing,5811 – Book publishing,25
Tower Hamlets,Publishing,5812 – Publishing of directories and mailing lists,0
Tower Hamlets,Publishing,5813 – Publishing of newspapers,15
Tower Hamlets,Publishing,5814 – Publishing of journals and periodicals,25
Tower Hamlets,Publishing,5819 – Other publishing activities,45
Tower Hamlets,Publishing,7430 – Translation and interpretation activities,10
Waltham Forest,Advertising and marketing,7021 – Public relations and communication activities,45
Waltham Forest,Advertising and marketing,7311 – Advertising agencies,120
Waltham Forest,Advertising and marketing,7312 – Media representation,25
Waltham Forest,Architecture,7111 – Architectural activities,100
Waltham Forest,Crafts,3212 – Manufacture of jewellery and related articles,5
Waltham Forest,Design and designer fashion,7410 – Specialised design activities,285
Waltham Forest,"Film, TV, video, radio and photography","5911 – Motion picture, video and television programme production activities",365
Waltham Forest,"Film, TV, video, radio and photography","5912 – Motion picture, video and television programme post-production activities",85
Waltham Forest,"Film, TV, video, radio and photography","5913 – Motion picture, video and television programme distribution activities",5
Waltham Forest,"Film, TV, video, radio and photography",5914 – Motion picture projection activities,0
Waltham Forest,"Film, TV, video, radio and photography",6010 – Radio broadcasting,10
Waltham Forest,"Film, TV, video, radio and photography",6020 – Television programming and broadcasting activities,10
Waltham Forest,"Film, TV, video, radio and photography",7420 – Photographic activities,130
Waltham Forest,"IT, software and computer services",5821 – Publishing of computer games,0
Waltham Forest,"IT, software and computer services",5829 – Other software publishing,5
Waltham Forest,"IT, software and computer services",6201 – Computer programming activities,140
Waltham Forest,"IT, software and computer services",6202 – Computer consultancy activities,340
Waltham Forest,"Music, performing and visual arts",5920 – Sound recording and music publishing activities,60
Waltham Forest,"Music, performing and visual arts",8552 – Cultural education,5
Waltham Forest,"Music, performing and visual arts",9001 – Performing arts,100
Waltham Forest,"Music, performing and visual arts",9002 – Support activities to performing arts,55
Waltham Forest,"Music, performing and visual arts",9003 – Artistic creation,175
Waltham Forest,"Music, performing and visual arts",9004 – Operation of arts facilities,5
Waltham Forest,Publishing,5811 – Book publishing,5
Waltham Forest,Publishing,5812 – Publishing of directories and mailing lists,0
Waltham Forest,Publishing,5813 – Publishing of newspapers,0
Waltham Forest,Publishing,5814 – Publishing of journals and periodicals,10
Waltham Forest,Publishing,5819 – Other publishing activities,15
Waltham Forest,Publishing,7430 – Translation and interpretation activities,20
Wandsworth,Advertising and marketing,7021 – Public relations and communication activities,120
Wandsworth,Advertising and marketing,7311 – Advertising agencies,185
Wandsworth,Advertising and marketing,7312 – Media representation,55
Wandsworth,Architecture,7111 – Architectural activities,160
Wandsworth,Crafts,3212 – Manufacture of jewellery and related articles,10
Wandsworth,Design and designer fashion,7410 – Specialised design activities,340
Wandsworth,"Film, TV, video, radio and photography","5911 – Motion picture, video and television programme production activities",355
Wandsworth,"Film, TV, video, radio and photography","5912 – Motion picture, video and television programme post-production activities",40
Wandsworth,"Film, TV, video, radio and photography","5913 – Motion picture, video and television programme distribution activities",10
Wandsworth,"Film, TV, video, radio and photography",5914 – Motion picture projection activities,0
Wandsworth,"Film, TV, video, radio and photography",6010 – Radio broadcasting,10
Wandsworth,"Film, TV, video, radio and photography",6020 – Television programming and broadcasting activities,20
Wandsworth,"Film, TV, video, radio and photography",7420 – Photographic activities,115
Wandsworth,"IT, software and computer services",5821 – Publishing of computer games,5
Wandsworth,"IT, software and computer services",5829 – Other software publishing,25
Wandsworth,"IT, software and computer services",6201 – Computer programming activities,240
Wandsworth,"IT, software and computer services",6202 – Computer consultancy activities,585
Wandsworth,"Music, performing and visual arts",5920 – Sound recording and music publishing activities,70
Wandsworth,"Music, performing and visual arts",8552 – Cultural education,15
Wandsworth,"Music, performing and visual arts",9001 – Performing arts,130
Wandsworth,"Music, performing and visual arts",9002 – Support activities to performing arts,45
Wandsworth,"Music, performing and visual arts",9003 – Artistic creation,255
Wandsworth,"Music, performing and visual arts",9004 – Operation of arts facilities,10
Wandsworth,Publishing,5811 – Book publishing,25
Wandsworth,Publishing,5812 – Publishing of directories and mailing lists,0
Wandsworth,Publishing,5813 – Publishing of newspapers,0
Wandsworth,Publishing,5814 – Publishing of journals and periodicals,25
Wandsworth,Publishing,5819 – Other publishing activities,40
Wandsworth,Publishing,7430 – Translation and interpretation activities,15
Westminster,Advertising and marketing,7021 – Public relations and communication activities,320
Westminster,Advertising and marketing,7311 – Advertising agencies,685
Westminster,Advertising and marketing,7312 – Media representation,175
Westminster,Architecture,7111 – Architectural activities,330
Westminster,Crafts,3212 – Manufacture of jewellery and related articles,55
Westminster,Design and designer fashion,7410 – Specialised design activities,550
Westminster,"Film, TV, video, radio and photography","5911 – Motion picture, video and television programme production activities",1455
Westminster,"Film, TV, video, radio and photography","5912 – Motion picture, video and television programme post-production activities",145
Westminster,"Film, TV, video, radio and photography","5913 – Motion picture, video and television programme distribution activities",90
Westminster,"Film, TV, video, radio and photography",5914 – Motion picture projection activities,15
Westminster,"Film, TV, video, radio and photography",6010 – Radio broadcasting,35
Westminster,"Film, TV, video, radio and photography",6020 – Television programming and broadcasting activities,45
Westminster,"Film, TV, video, radio and photography",7420 – Photographic activities,150
Westminster,"IT, software and computer services",5821 – Publishing of computer games,30
Westminster,"IT, software and computer services",5829 – Other software publishing,155
Westminster,"IT, software and computer services",6201 – Computer programming activities,1150
Westminster,"IT, software and computer services",6202 – Computer consultancy activities,1300
Westminster,"Music, performing and visual arts",5920 – Sound recording and music publishing activities,485
Westminster,"Music, performing and visual arts",8552 – Cultural education,40
Westminster,"Music, performing and visual arts",9001 – Performing arts,1515
Westminster,"Music, performing and visual arts",9002 – Support activities to performing arts,310
Westminster,"Music, performing and visual arts",9003 – Artistic creation,855
Westminster,"Music, performing and visual arts",9004 – Operation of arts facilities,75
Westminster,Publishing,5811 – Book publishing,90
Westminster,Publishing,5812 – Publishing of directories and mailing lists,5
Westminster,Publishing,5813 – Publishing of newspapers,15
Westminster,Publishing,5814 – Publishing of journals and periodicals,100
Westminster,Publishing,5819 – Other publishing activities,140
Westminster,Publishing,7430 – Translation and interpretation activities,35
County Durham,Advertising and marketing,7021 – Public relations and communication activities,10
County Durham,Advertising and marketing,7311 – Advertising agencies,40
County Durham,Advertising and marketing,7312 – Media representation,15
County Durham,Architecture,7111 – Architectural activities,45
County Durham,Crafts,3212 – Manufacture of jewellery and related articles,5
County Durham,Design and designer fashion,7410 – Specialised design activities,80
County Durham,"Film, TV, video, radio and photography","5911 – Motion picture, video and television programme production activities",20
County Durham,"Film, TV, video, radio and photography","5912 – Motion picture, video and television programme post-production activities",0
County Durham,"Film, TV, video, radio and photography","5913 – Motion picture, video and television programme distribution activities",0
County Durham,"Film, TV, video, radio and photography",5914 – Motion picture projection activities,0
County Durham,"Film, TV, video, radio and photography",6010 – Radio broadcasting,0
County Durham,"Film, TV, video, radio and photography",6020 – Television programming and broadcasting activities,5
County Durham,"Film, TV, video, radio and photography",7420 – Photographic activities,25
County Durham,"IT, software and computer services",5821 – Publishing of computer games,0
County Durham,"IT, software and computer services",5829 – Other software publishing,5
County Durham,"IT, software and computer services",6201 – Computer programming activities,80
County Durham,"IT, software and computer services",6202 – Computer consultancy activities,150
County Durham,"Music, performing and visual arts",5920 – Sound recording and music publishing activities,10
County Durham,"Music, performing and visual arts",8552 – Cultural education,10
County Durham,"Music, performing and visual arts",9001 – Performing arts,30
County Durham,"Music, performing and visual arts",9002 – Support activities to performing arts,10
County Durham,"Music, performing and visual arts",9003 – Artistic creation,40
County Durham,"Music, performing and visual arts",9004 – Operation of arts facilities,5
County Durham,Publishing,5811 – Book publishing,5
County Durham,Publishing,5812 – Publishing of directories and mailing lists,0
County Durham,Publishing,5813 – Publishing of newspapers,0
County Durham,Publishing,5814 – Publishing of journals and periodicals,5
County Durham,Publishing,5819 – Other publishing activities,10
County Durham,Publishing,7430 – Translation and interpretation activities,0
Darlington,Advertising and marketing,7021 – Public relations and communication activities,5
Darlington,Advertising and marketing,7311 – Advertising agencies,20
Darlington,Advertising and marketing,7312 – Media representation,5
Darlington,Architecture,7111 – Architectural activities,20
Darlington,Crafts,3212 – Manufacture of jewellery and related articles,0
Darlington,Design and designer fashion,7410 – Specialised design activities,20
Darlington,"Film, TV, video, radio and photography","5911 – Motion picture, video and television programme production activities",5
Darlington,"Film, TV, video, radio and photography","5912 – Motion picture, video and television programme post-production activities",0
Darlington,"Film, TV, video, radio and photography","5913 – Motion picture, video and television programme distribution activities",0
Darlington,"Film, TV, video, radio and photography",5914 – Motion picture projection activities,0
Darlington,"Film, TV, video, radio and photography",6010 – Radio broadcasting,0
Darlington,"Film, TV, video, radio and photography",6020 – Television programming and broadcasting activities,0
Darlington,"Film, TV, video, radio and photography",7420 – Photographic activities,5
Darlington,"IT, software and computer services",5821 – Publishing of computer games,0
Darlington,"IT, software and computer services",5829 – Other software publishing,0
Darlington,"IT, software and computer services",6201 – Computer programming activities,30
Darlington,"IT, software and computer services",6202 – Computer consultancy activities,55
Darlington,"Music, performing and visual arts",5920 – Sound recording and music publishing activities,0
Darlington,"Music, performing and visual arts",8552 – Cultural education,0
Darlington,"Music, performing and visual arts",9001 – Performing arts,5
Darlington,"Music, performing and visual arts",9002 – Support activities to performing arts,0
Darlington,"Music, performing and visual arts",9003 – Artistic creation,10
Darlington,"Music, performing and visual arts",9004 – Operation of arts facilities,0
Darlington,Publishing,5811 – Book publishing,0
Darlington,Publishing,5812 – Publishing of directories and mailing lists,0
Darlington,Publishing,5813 – Publishing of newspapers,0
Darlington,Publishing,5814 – Publishing of journals and periodicals,0
Darlington,Publishing,5819 – Other publishing activities,0
Darlington,Publishing,7430 – Translation and interpretation activities,0
Gateshead,Advertising and marketing,7021 – Public relations and communication activities,5
Gateshead,Advertising and marketing,7311 – Advertising agencies,35
Gateshead,Advertising and marketing,7312 – Media representation,5
Gateshead,Architecture,7111 – Architectural activities,20
Gateshead,Crafts,3212 – Manufacture of jewellery and related articles,0
Gateshead,Design and designer fashion,7410 – Specialised design activities,50
Gateshead,"Film, TV, video, radio and photography","5911 – Motion picture, video and television programme production activities",20
Gateshead,"Film, TV, video, radio and photography","5912 – Motion picture, video and television programme post-production activities",0
Gateshead,"Film, TV, video, radio and photography","5913 – Motion picture, video and television programme distribution activities",0
Gateshead,"Film, TV, video, radio and photography",5914 – Motion picture projection activities,0
Gateshead,"Film, TV, video, radio and photography",6010 – Radio broadcasting,5
Gateshead,"Film, TV, video, radio and photography",6020 – Television programming and broadcasting activities,0
Gateshead,"Film, TV, video, radio and photography",7420 – Photographic activities,5
Gateshead,"IT, software and computer services",5821 – Publishing of computer games,0
Gateshead,"IT, software and computer services",5829 – Other software publishing,5
Gateshead,"IT, software and computer services",6201 – Computer programming activities,75
Gateshead,"IT, software and computer services",6202 – Computer consultancy activities,95
Gateshead,"Music, performing and visual arts",5920 – Sound recording and music publishing activities,0
Gateshead,"Music, performing and visual arts",8552 – Cultural education,5
Gateshead,"Music, performing and visual arts",9001 – Performing arts,20
Gateshead,"Music, performing and visual arts",9002 – Support activities to performing arts,15
Gateshead,"Music, performing and visual arts",9003 – Artistic creation,20
Gateshead,"Music, performing and visual arts",9004 – Operation of arts facilities,5
Gateshead,Publishing,5811 – Book publishing,5
Gateshead,Publishing,5812 – Publishing of directories and mailing lists,0
Gateshead,Publishing,5813 – Publishing of newspapers,0
Gateshead,Publishing,5814 – Publishing of journals and periodicals,5
Gateshead,Publishing,5819 – Other publishing activities,10
Gateshead,Publishing,7430 – Translation and interpretation activities,5
Hartlepool,Advertising and marketing,7021 – Public relations and communication activities,0
Hartlepool,Advertising and marketing,7311 – Advertising agencies,15
Hartlepool,Advertising and marketing,7312 – Media representation,0
Hartlepool,Architecture,7111 – Architectural activities,5
Hartlepool,Crafts,3212 – Manufacture of jewellery and related articles,0
Hartlepool,Design and designer fashion,7410 – Specialised design activities,5
Hartlepool,"Film, TV, video, radio and photography","5911 – Motion picture, video and television programme production activities",5
Hartlepool,"Film, TV, video, radio and photography","5912 – Motion picture, video and television programme post-production activities",0
Hartlepool,"Film, TV, video, radio and photography","5913 – Motion picture, video and television programme distribution activities",0
Hartlepool,"Film, TV, video, radio and photography",5914 – Motion picture projection activities,0
Hartlepool,"Film, TV, video, radio and photography",6010 – Radio broadcasting,0
Hartlepool,"Film, TV, video, radio and photography",6020 – Television programming and broadcasting activities,0
Hartlepool,"Film, TV, video, radio and photography",7420 – Photographic activities,5
Hartlepool,"IT, software and computer services",5821 – Publishing of computer games,0
Hartlepool,"IT, software and computer services",5829 – Other software publishing,0
Hartlepool,"IT, software and computer services",6201 – Computer programming activities,10
Hartlepool,"IT, software and computer services",6202 – Computer consultancy activities,15
Hartlepool,"Music, performing and visual arts",5920 – Sound recording and music publishing activities,0
Hartlepool,"Music, performing and visual arts",8552 – Cultural education,5
Hartlepool,"Music, performing and visual arts",9001 – Performing arts,0
Hartlepool,"Music, performing and visual arts",9002 – Support activities to performing arts,5
Hartlepool,"Music, performing and visual arts",9003 – Artistic creation,5
Hartlepool,"Music, performing and visual arts",9004 – Operation of arts facilities,0
Hartlepool,Publishing,5811 – Book publishing,0
Hartlepool,Publishing,5812 – Publishing of directories and mailing lists,0
Hartlepool,Publishing,5813 – Publishing of newspapers,0
Hartlepool,Publishing,5814 – Publishing of journals and periodicals,0
Hartlepool,Publishing,5819 – Other publishing activities,5
Hartlepool,Publishing,7430 – Translation and interpretation activities,0
Middlesbrough,Advertising and marketing,7021 – Public relations and communication activities,10
Middlesbrough,Advertising and marketing,7311 – Advertising agencies,15
Middlesbrough,Advertising and marketing,7312 – Media representation,5
Middlesbrough,Architecture,7111 – Architectural activities,10
Middlesbrough,Crafts,3212 – Manufacture of jewellery and related articles,0
Middlesbrough,Design and designer fashion,7410 – Specialised design activities,25
Middlesbrough,"Film, TV, video, radio and photography","5911 – Motion picture, video and television programme production activities",5
Middlesbrough,"Film, TV, video, radio and photography","5912 – Motion picture, video and television programme post-production activities",0
Middlesbrough,"Film, TV, video, radio and photography","5913 – Motion picture, video and television programme distribution activities",0
Middlesbrough,"Film, TV, video, radio and photography",5914 – Motion picture projection activities,0
Middlesbrough,"Film, TV, video, radio and photography",6010 – Radio broadcasting,5
Middlesbrough,"Film, TV, video, radio and photography",6020 – Television programming and broadcasting activities,0
Middlesbrough,"Film, TV, video, radio and photography",7420 – Photographic activities,10
Middlesbrough,"IT, software and computer services",5821 – Publishing of computer games,0
Middlesbrough,"IT, software and computer services",5829 – Other software publishing,5
Middlesbrough,"IT, software and computer services",6201 – Computer programming activities,45
Middlesbrough,"IT, software and computer services",6202 – Computer consultancy activities,45
Middlesbrough,"Music, performing and visual arts",5920 – Sound recording and music publishing activities,5
Middlesbrough,"Music, performing and visual arts",8552 – Cultural education,5
Middlesbrough,"Music, performing and visual arts",9001 – Performing arts,0
Middlesbrough,"Music, performing and visual arts",9002 – Support activities to performing arts,0
Middlesbrough,"Music, performing and visual arts",9003 – Artistic creation,10
Middlesbrough,"Music, performing and visual arts",9004 – Operation of arts facilities,0
Middlesbrough,Publishing,5811 – Book publishing,0
Middlesbrough,Publishing,5812 – Publishing of directories and mailing lists,0
Middlesbrough,Publishing,5813 – Publishing of newspapers,0
Middlesbrough,Publishing,5814 – Publishing of journals and periodicals,0
Middlesbrough,Publishing,5819 – Other publishing activities,0
Middlesbrough,Publishing,7430 – Translation and interpretation activities,5
Newcastle upon Tyne,Advertising and marketing,7021 – Public relations and communication activities,20
Newcastle upon Tyne,Advertising and marketing,7311 – Advertising agencies,70
Newcastle upon Tyne,Advertising and marketing,7312 – Media representation,20
Newcastle upon Tyne,Architecture,7111 – Architectural activities,65
Newcastle upon Tyne,Crafts,3212 – Manufacture of jewellery and related articles,5
Newcastle upon Tyne,Design and designer fashion,7410 – Specialised design activities,75
Newcastle upon Tyne,"Film, TV, video, radio and photography","5911 – Motion picture, video and television programme production activities",50
Newcastle upon Tyne,"Film, TV, video, radio and photography","5912 – Motion picture, video and television programme post-production activities",5
Newcastle upon Tyne,"Film, TV, video, radio and photography","5913 – Motion picture, video and television programme distribution activities",0
Newcastle upon Tyne,"Film, TV, video, radio and photography",5914 – Motion picture projection activities,0
Newcastle upon Tyne,"Film, TV, video, radio and photography",6010 – Radio broadcasting,5
Newcastle upon Tyne,"Film, TV, video, radio and photography",6020 – Television programming and broadcasting activities,5
Newcastle upon Tyne,"Film, TV, video, radio and photography",7420 – Photographic activities,30
Newcastle upon Tyne,"IT, software and computer services",5821 – Publishing of computer games,5
Newcastle upon Tyne,"IT, software and computer services",5829 – Other software publishing,10
Newcastle upon Tyne,"IT, software and computer services",6201 – Computer programming activities,120
Newcastle upon Tyne,"IT, software and computer services",6202 – Computer consultancy activities,240
Newcastle upon Tyne,"Music, performing and visual arts",5920 – Sound recording and music publishing activities,10
Newcastle upon Tyne,"Music, performing and visual arts",8552 – Cultural education,15
Newcastle upon Tyne,"Music, performing and visual arts",9001 – Performing arts,40
Newcastle upon Tyne,"Music, performing and visual arts",9002 – Support activities to performing arts,20
Newcastle upon Tyne,"Music, performing and visual arts",9003 – Artistic creation,35
Newcastle upon Tyne,"Music, performing and visual arts",9004 – Operation of arts facilities,10
Newcastle upon Tyne,Publishing,5811 – Book publishing,10
Newcastle upon Tyne,Publishing,5812 – Publishing of directories and mailing lists,0
Newcastle upon Tyne,Publishing,5813 – Publishing of newspapers,0
Newcastle upon Tyne,Publishing,5814 – Publishing of journals and periodicals,10
Newcastle upon Tyne,Publishing,5819 – Other publishing activities,10
Newcastle upon Tyne,Publishing,7430 – Translation and interpretation activities,5
North Tyneside,Advertising and marketing,7021 – Public relations and communication activities,15
North Tyneside,Advertising and marketing,7311 – Advertising agencies,40
North Tyneside,Advertising and marketing,7312 – Media representation,5
North Tyneside,Architecture,7111 – Architectural activities,30
North Tyneside,Crafts,3212 – Manufacture of jewellery and related articles,5
North Tyneside,Design and designer fashion,7410 – Specialised design activities,35
North Tyneside,"Film, TV, video, radio and photography","5911 – Motion picture, video and television programme production activities",30
North Tyneside,"Film, TV, video, radio and photography","5912 – Motion picture, video and television programme post-production activities",0
North Tyneside,"Film, TV, video, radio and photography","5913 – Motion picture, video and television programme distribution activities",0
North Tyneside,"Film, TV, video, radio and photography",5914 – Motion picture projection activities,0
North Tyneside,"Film, TV, video, radio and photography",6010 – Radio broadcasting,0
North Tyneside,"Film, TV, video, radio and photography",6020 – Television programming and broadcasting activities,5
North Tyneside,"Film, TV, video, radio and photography",7420 – Photographic activities,20
North Tyneside,"IT, software and computer services",5821 – Publishing of computer games,0
North Tyneside,"IT, software and computer services",5829 – Other software publishing,10
North Tyneside,"IT, software and computer services",6201 – Computer programming activities,65
North Tyneside,"IT, software and computer services",6202 – Computer consultancy activities,135
North Tyneside,"Music, performing and visual arts",5920 – Sound recording and music publishing activities,10
North Tyneside,"Music, performing and visual arts",8552 – Cultural education,10
North Tyneside,"Music, performing and visual arts",9001 – Performing arts,20
North Tyneside,"Music, performing and visual arts",9002 – Support activities to performing arts,10
North Tyneside,"Music, performing and visual arts",9003 – Artistic creation,30
North Tyneside,"Music, performing and visual arts",9004 – Operation of arts facilities,0
North Tyneside,Publishing,5811 – Book publishing,5
North Tyneside,Publishing,5812 – Publishing of directories and mailing lists,0
North Tyneside,Publishing,5813 – Publishing of newspapers,0
North Tyneside,Publishing,5814 – Publishing of journals and periodicals,5
North Tyneside,Publishing,5819 – Other publishing activities,5
North Tyneside,Publishing,7430 – Translation and interpretation activities,0
Northumberland,Advertising and marketing,7021 – Public relations and communication activities,15
Northumberland,Advertising and marketing,7311 – Advertising agencies,30
Northumberland,Advertising and marketing,7312 – Media representation,5
Northumberland,Architecture,7111 – Architectural activities,60
Northumberland,Crafts,3212 – Manufacture of jewellery and related articles,5
Northumberland,Design and designer fashion,7410 – Specialised design activities,80
Northumberland,"Film, TV, video, radio and photography","5911 – Motion picture, video and television programme production activities",25
Northumberland,"Film, TV, video, radio and photography","5912 – Motion picture, video and television programme post-production activities",5
Northumberland,"Film, TV, video, radio and photography","5913 – Motion picture, video and television programme distribution activities",0
Northumberland,"Film, TV, video, radio and photography",5914 – Motion picture projection activities,0
Northumberland,"Film, TV, video, radio and photography",6010 – Radio broadcasting,0
Northumberland,"Film, TV, video, radio and photography",6020 – Television programming and broadcasting activities,5
Northumberland,"Film, TV, video, radio and photography",7420 – Photographic activities,35
Northumberland,"IT, software and computer services",5821 – Publishing of computer games,0
Northumberland,"IT, software and computer services",5829 – Other software publishing,5
Northumberland,"IT, software and computer services",6201 – Computer programming activities,60
Northumberland,"IT, software and computer services",6202 – Computer consultancy activities,165
Northumberland,"Music, performing and visual arts",5920 – Sound recording and music publishing activities,5
Northumberland,"Music, performing and visual arts",8552 – Cultural education,5
Northumberland,"Music, performing and visual arts",9001 – Performing arts,25
Northumberland,"Music, performing and visual arts",9002 – Support activities to performing arts,15
Northumberland,"Music, performing and visual arts",9003 – Artistic creation,35
Northumberland,"Music, performing and visual arts",9004 – Operation of arts facilities,10
Northumberland,Publishing,5811 – Book publishing,10
Northumberland,Publishing,5812 – Publishing of directories and mailing lists,0
Northumberland,Publishing,5813 – Publishing of newspapers,0
Northumberland,Publishing,5814 – Publishing of journals and periodicals,5
Northumberland,Publishing,5819 – Other publishing activities,5
Northumberland,Publishing,7430 – Translation and interpretation activities,0
Redcar and Cleveland,Advertising and marketing,7021 – Public relations and communication activities,5
Redcar and Cleveland,Advertising and marketing,7311 – Advertising agencies,15
Redcar and Cleveland,Advertising and marketing,7312 – Media representation,0
Redcar and Cleveland,Architecture,7111 – Architectural activities,10
Redcar and Cleveland,Crafts,3212 – Manufacture of jewellery and related articles,0
Redcar and Cleveland,Design and designer fashion,7410 – Specialised design activities,10
Redcar and Cleveland,"Film, TV, video, radio and photography","5911 – Motion picture, video and television programme production activities",5
Redcar and Cleveland,"Film, TV, video, radio and photography","5912 – Motion picture, video and television programme post-production activities",0
Redcar and Cleveland,"Film, TV, video, radio and photography","5913 – Motion picture, video and television programme distribution activities",0
Redcar and Cleveland,"Film, TV, video, radio and photography",5914 – Motion picture projection activities,0
Redcar and Cleveland,"Film, TV, video, radio and photography",6010 – Radio broadcasting,0
Redcar and Cleveland,"Film, TV, video, radio and photography",6020 – Television programming and broadcasting activities,0
Redcar and Cleveland,"Film, TV, video, radio and photography",7420 – Photographic activities,5
Redcar and Cleveland,"IT, software and computer services",5821 – Publishing of computer games,0
Redcar and Cleveland,"IT, software and computer services",5829 – Other software publishing,0
Redcar and Cleveland,"IT, software and computer services",6201 – Computer programming activities,10
Redcar and Cleveland,"IT, software and computer services",6202 – Computer consultancy activities,40
Redcar and Cleveland,"Music, performing and visual arts",5920 – Sound recording and music publishing activities,0
Redcar and Cleveland,"Music, performing and visual arts",8552 – Cultural education,0
Redcar and Cleveland,"Music, performing and visual arts",9001 – Performing arts,0
Redcar and Cleveland,"Music, performing and visual arts",9002 – Support activities to performing arts,5
Redcar and Cleveland,"Music, performing and visual arts",9003 – Artistic creation,5
Redcar and Cleveland,"Music, performing and visual arts",9004 – Operation of arts facilities,0
Redcar and Cleveland,Publishing,5811 – Book publishing,0
Redcar and Cleveland,Publishing,5812 – Publishing of directories and mailing lists,0
Redcar and Cleveland,Publishing,5813 – Publishing of newspapers,0
Redcar and Cleveland,Publishing,5814 – Publishing of journals and periodicals,0
Redcar and Cleveland,Publishing,5819 – Other publishing activities,5
Redcar and Cleveland,Publishing,7430 – Translation and interpretation activities,0
South Tyneside,Advertising and marketing,7021 – Public relations and communication activities,5
South Tyneside,Advertising and marketing,7311 – Advertising agencies,10
South Tyneside,Advertising and marketing,7312 – Media representation,0
South Tyneside,Architecture,7111 – Architectural activities,10
South Tyneside,Crafts,3212 – Manufacture of jewellery and related articles,0
South Tyneside,Design and designer fashion,7410 – Specialised design activities,15
South Tyneside,"Film, TV, video, radio and photography","5911 – Motion picture, video and television programme production activities",10
South Tyneside,"Film, TV, video, radio and photography","5912 – Motion picture, video and television programme post-production activities",0
South Tyneside,"Film, TV, video, radio and photography","5913 – Motion picture, video and television programme distribution activities",0
South Tyneside,"Film, TV, video, radio and photography",5914 – Motion picture projection activities,0
South Tyneside,"Film, TV, video, radio and photography",6010 – Radio broadcasting,0
South Tyneside,"Film, TV, video, radio and photography",6020 – Television programming and broadcasting activities,0
South Tyneside,"Film, TV, video, radio and photography",7420 – Photographic activities,5
South Tyneside,"IT, software and computer services",5821 – Publishing of computer games,0
South Tyneside,"IT, software and computer services",5829 – Other software publishing,0
South Tyneside,"IT, software and computer services",6201 – Computer programming activities,25
South Tyneside,"IT, software and computer services",6202 – Computer consultancy activities,50
South Tyneside,"Music, performing and visual arts",5920 – Sound recording and music publishing activities,5
South Tyneside,"Music, performing and visual arts",8552 – Cultural education,5
South Tyneside,"Music, performing and visual arts",9001 – Performing arts,10
South Tyneside,"Music, performing and visual arts",9002 – Support activities to performing arts,5
South Tyneside,"Music, performing and visual arts",9003 – Artistic creation,15
South Tyneside,"Music, performing and visual arts",9004 – Operation of arts facilities,0
South Tyneside,Publishing,5811 – Book publishing,0
South Tyneside,Publishing,5812 – Publishing of directories and mailing lists,0
South Tyneside,Publishing,5813 – Publishing of newspapers,0
South Tyneside,Publishing,5814 – Publishing of journals and periodicals,0
South Tyneside,Publishing,5819 – Other publishing activities,0
South Tyneside,Publishing,7430 – Translation and interpretation activities,0
Stockton-on-Tees,Advertising and marketing,7021 – Public relations and communication activities,5
Stockton-on-Tees,Advertising and marketing,7311 – Advertising agencies,20
Stockton-on-Tees,Advertising and marketing,7312 – Media representation,0
Stockton-on-Tees,Architecture,7111 – Architectural activities,30
Stockton-on-Tees,Crafts,3212 – Manufacture of jewellery and related articles,5
Stockton-on-Tees,Design and designer fashion,7410 – Specialised design activities,30
Stockton-on-Tees,"Film, TV, video, radio and photography","5911 – Motion picture, video and television programme production activities",10
Stockton-on-Tees,"Film, TV, video, radio and photography","5912 – Motion picture, video and television programme post-production activities",5
Stockton-on-Tees,"Film, TV, video, radio and photography","5913 – Motion picture, video and television programme distribution activities",0
Stockton-on-Tees,"Film, TV, video, radio and photography",5914 – Motion picture projection activities,0
Stockton-on-Tees,"Film, TV, video, radio and photography",6010 – Radio broadcasting,0
Stockton-on-Tees,"Film, TV, video, radio and photography",6020 – Television programming and broadcasting activities,0
Stockton-on-Tees,"Film, TV, video, radio and photography",7420 – Photographic activities,15
Stockton-on-Tees,"IT, software and computer services",5821 – Publishing of computer games,0
Stockton-on-Tees,"IT, software and computer services",5829 – Other software publishing,5
Stockton-on-Tees,"IT, software and computer services",6201 – Computer programming activities,50
Stockton-on-Tees,"IT, software and computer services",6202 – Computer consultancy activities,100
Stockton-on-Tees,"Music, performing and visual arts",5920 – Sound recording and music publishing activities,0
Stockton-on-Tees,"Music, performing and visual arts",8552 – Cultural education,5
Stockton-on-Tees,"Music, performing and visual arts",9001 – Performing arts,10
Stockton-on-Tees,"Music, performing and visual arts",9002 – Support activities to performing arts,5
Stockton-on-Tees,"Music, performing and visual arts",9003 – Artistic creation,15
Stockton-on-Tees,"Music, performing and visual arts",9004 – Operation of arts facilities,0
Stockton-on-Tees,Publishing,5811 – Book publishing,5
Stockton-on-Tees,Publishing,5812 – Publishing of directories and mailing lists,0
Stockton-on-Tees,Publishing,5813 – Publishing of newspapers,0
Stockton-on-Tees,Publishing,5814 – Publishing of journals and periodicals,0
Stockton-on-Tees,Publishing,5819 – Other publishing activities,5
Stockton-on-Tees,Publishing,7430 – Translation and interpretation activities,5
Sunderland,Advertising and marketing,7021 – Public relations and communication activities,5
Sunderland,Advertising and marketing,7311 – Advertising agencies,15
Sunderland,Advertising and marketing,7312 – Media representation,5
Sunderland,Architecture,7111 – Architectural activities,15
Sunderland,Crafts,3212 – Manufacture of jewellery and related articles,0
Sunderland,Design and designer fashion,7410 – Specialised design activities,30
Sunderland,"Film, TV, video, radio and photography","5911 – Motion picture, video and television programme production activities",15
Sunderland,"Film, TV, video, radio and photography","5912 – Motion picture, video and television programme post-production activities",5
Sunderland,"Film, TV, video, radio and photography","5913 – Motion picture, video and television programme distribution activities",0
Sunderland,"Film, TV, video, radio and photography",5914 – Motion picture projection activities,0
Sunderland,"Film, TV, video, radio and photography",6010 – Radio broadcasting,0
Sunderland,"Film, TV, video, radio and photography",6020 – Television programming and broadcasting activities,0
Sunderland,"Film, TV, video, radio and photography",7420 – Photographic activities,10
Sunderland,"IT, software and computer services",5821 – Publishing of computer games,0
Sunderland,"IT, software and computer services",5829 – Other software publishing,5
Sunderland,"IT, software and computer services",6201 – Computer programming activities,45
Sunderland,"IT, software and computer services",6202 – Computer consultancy activities,80
Sunderland,"Music, performing and visual arts",5920 – Sound recording and music publishing activities,5
Sunderland,"Music, performing and visual arts",8552 – Cultural education,0
Sunderland,"Music, performing and visual arts",9001 – Performing arts,15
Sunderland,"Music, performing and visual arts",9002 – Support activities to performing arts,5
Sunderland,"Music, performing and visual arts",9003 – Artistic creation,10
Sunderland,"Music, performing and visual arts",9004 – Operation of arts facilities,0
Sunderland,Publishing,5811 – Book publishing,5
Sunderland,Publishing,5812 – Publishing of directories and mailing lists,0
Sunderland,Publishing,5813 – Publishing of newspapers,0
Sunderland,Publishing,5814 – Publishing of journals and periodicals,5
Sunderland,Publishing,5819 – Other publishing activities,0
Sunderland,Publishing,7430 – Translation and interpretation activities,5
Blackburn with Darwen,Advertising and marketing,7021 – Public relations and communication activities,0
Blackburn with Darwen,Advertising and marketing,7311 – Advertising agencies,20
Blackburn with Darwen,Advertising and marketing,7312 – Media representation,5
Blackburn with Darwen,Architecture,7111 – Architectural activities,5
Blackburn with Darwen,Crafts,3212 – Manufacture of jewellery and related articles,0
Blackburn with Darwen,Design and designer fashion,7410 – Specialised design activities,20
Blackburn with Darwen,"Film, TV, video, radio and photography","5911 – Motion picture, video and television programme production activities",10
Blackburn with Darwen,"Film, TV, video, radio and photography","5912 – Motion picture, video and television programme post-production activities",0
Blackburn with Darwen,"Film, TV, video, radio and photography","5913 – Motion picture, video and television programme distribution activities",0
Blackburn with Darwen,"Film, TV, video, radio and photography",5914 – Motion picture projection activities,0
Blackburn with Darwen,"Film, TV, video, radio and photography",6010 – Radio broadcasting,0
Blackburn with Darwen,"Film, TV, video, radio and photography",6020 – Television programming and broadcasting activities,0
Blackburn with Darwen,"Film, TV, video, radio and photography",7420 – Photographic activities,10
Blackburn with Darwen,"IT, software and computer services",5821 – Publishing of computer games,5
Blackburn with Darwen,"IT, software and computer services",5829 – Other software publishing,0
Blackburn with Darwen,"IT, software and computer services",6201 – Computer programming activities,35
Blackburn with Darwen,"IT, software and computer services",6202 – Computer consultancy activities,70
Blackburn with Darwen,"Music, performing and visual arts",5920 – Sound recording and music publishing activities,5
Blackburn with Darwen,"Music, performing and visual arts",8552 – Cultural education,0
Blackburn with Darwen,"Music, performing and visual arts",9001 – Performing arts,5
Blackburn with Darwen,"Music, performing and visual arts",9002 – Support activities to performing arts,5
Blackburn with Darwen,"Music, performing and visual arts",9003 – Artistic creation,5
Blackburn with Darwen,"Music, performing and visual arts",9004 – Operation of arts facilities,0
Blackburn with Darwen,Publishing,5811 – Book publishing,0
Blackburn with Darwen,Publishing,5812 – Publishing of directories and mailing lists,0
Blackburn with Darwen,Publishing,5813 – Publishing of newspapers,0
Blackburn with Darwen,Publishing,5814 – Publishing of journals and periodicals,0
Blackburn with Darwen,Publishing,5819 – Other publishing activities,0
Blackburn with Darwen,Publishing,7430 – Translation and interpretation activities,10
Blackpool,Advertising and marketing,7021 – Public relations and communication activities,5
Blackpool,Advertising and marketing,7311 – Advertising agencies,20
Blackpool,Advertising and marketing,7312 – Media representation,5
Blackpool,Architecture,7111 – Architectural activities,10
Blackpool,Crafts,3212 – Manufacture of jewellery and related articles,0
Blackpool,Design and designer fashion,7410 – Specialised design activities,10
Blackpool,"Film, TV, video, radio and photography","5911 – Motion picture, video and television programme production activities",10
Blackpool,"Film, TV, video, radio and photography","5912 – Motion picture, video and television programme post-production activities",0
Blackpool,"Film, TV, video, radio and photography","5913 – Motion picture, video and television programme distribution activities",0
Blackpool,"Film, TV, video, radio and photography",5914 – Motion picture projection activities,0
Blackpool,"Film, TV, video, radio and photography",6010 – Radio broadcasting,0
Blackpool,"Film, TV, video, radio and photography",6020 – Television programming and broadcasting activities,5
Blackpool,"Film, TV, video, radio and photography",7420 – Photographic activities,5
Blackpool,"IT, software and computer services",5821 – Publishing of computer games,0
Blackpool,"IT, software and computer services",5829 – Other software publishing,0
Blackpool,"IT, software and computer services",6201 – Computer programming activities,20
Blackpool,"IT, software and computer services",6202 – Computer consultancy activities,40
Blackpool,"Music, performing and visual arts",5920 – Sound recording and music publishing activities,0
Blackpool,"Music, performing and visual arts",8552 – Cultural education,5
Blackpool,"Music, performing and visual arts",9001 – Performing arts,15
Blackpool,"Music, performing and visual arts",9002 – Support activities to performing arts,10
Blackpool,"Music, performing and visual arts",9003 – Artistic creation,10
Blackpool,"Music, performing and visual arts",9004 – Operation of arts facilities,5
Blackpool,Publishing,5811 – Book publishing,0
Blackpool,Publishing,5812 – Publishing of directories and mailing lists,0
Blackpool,Publishing,5813 – Publishing of newspapers,0
Blackpool,Publishing,5814 – Publishing of journals and periodicals,0
Blackpool,Publishing,5819 – Other publishing activities,5
Blackpool,Publishing,7430 – Translation and interpretation activities,0
Bolton,Advertising and marketing,7021 – Public relations and communication activities,10
Bolton,Advertising and marketing,7311 – Advertising agencies,55
Bolton,Advertising and marketing,7312 – Media representation,15
Bolton,Architecture,7111 – Architectural activities,25
Bolton,Crafts,3212 – Manufacture of jewellery and related articles,0
Bolton,Design and designer fashion,7410 – Specialised design activities,45
Bolton,"Film, TV, video, radio and photography","5911 – Motion picture, video and television programme production activities",50
Bolton,"Film, TV, video, radio and photography","5912 – Motion picture, video and television programme post-production activities",5
Bolton,"Film, TV, video, radio and photography","5913 – Motion picture, video and television programme distribution activities",5
Bolton,"Film, TV, video, radio and photography",5914 – Motion picture projection activities,0
Bolton,"Film, TV, video, radio and photography",6010 – Radio broadcasting,0
Bolton,"Film, TV, video, radio and photography",6020 – Television programming and broadcasting activities,5
Bolton,"Film, TV, video, radio and photography",7420 – Photographic activities,10
Bolton,"IT, software and computer services",5821 – Publishing of computer games,0
Bolton,"IT, software and computer services",5829 – Other software publishing,10
Bolton,"IT, software and computer services",6201 – Computer programming activities,85
Bolton,"IT, software and computer services",6202 – Computer consultancy activities,210
Bolton,"Music, performing and visual arts",5920 – Sound recording and music publishing activities,5
Bolton,"Music, performing and visual arts",8552 – Cultural education,10
Bolton,"Music, performing and visual arts",9001 – Performing arts,25
Bolton,"Music, performing and visual arts",9002 – Support activities to performing arts,10
Bolton,"Music, performing and visual arts",9003 – Artistic creation,20
Bolton,"Music, performing and visual arts",9004 – Operation of arts facilities,0
Bolton,Publishing,5811 – Book publishing,5
Bolton,Publishing,5812 – Publishing of directories and mailing lists,0
Bolton,Publishing,5813 – Publishing of newspapers,0
Bolton,Publishing,5814 – Publishing of journals and periodicals,10
Bolton,Publishing,5819 – Other publishing activities,10
Bolton,Publishing,7430 – Translation and interpretation activities,5
Burnley,Advertising and marketing,7021 – Public relations and communication activities,0
Burnley,Advertising and marketing,7311 – Advertising agencies,10
Burnley,Advertising and marketing,7312 – Media representation,5
Burnley,Architecture,7111 – Architectural activities,10
Burnley,Crafts,3212 – Manufacture of jewellery and related articles,0
Burnley,Design and designer fashion,7410 – Specialised design activities,10
Burnley,"Film, TV, video, radio and photography","5911 – Motion picture, video and television programme production activities",5
Burnley,"Film, TV, video, radio and photography","5912 – Motion picture, video and television programme post-production activities",0
Burnley,"Film, TV, video, radio and photography","5913 – Motion picture, video and television programme distribution activities",0
Burnley,"Film, TV, video, radio and photography",5914 – Motion picture projection activities,0
Burnley,"Film, TV, video, radio and photography",6010 – Radio broadcasting,0
Burnley,"Film, TV, video, radio and photography",6020 – Television programming and broadcasting activities,0
Burnley,"Film, TV, video, radio and photography",7420 – Photographic activities,0
Burnley,"IT, software and computer services",5821 – Publishing of computer games,0
Burnley,"IT, software and computer services",5829 – Other software publishing,5
Burnley,"IT, software and computer services",6201 – Computer programming activities,15
Burnley,"IT, software and computer services",6202 – Computer consultancy activities,35
Burnley,"Music, performing and visual arts",5920 – Sound recording and music publishing activities,0
Burnley,"Music, performing and visual arts",8552 – Cultural education,0
Burnley,"Music, performing and visual arts",9001 – Performing arts,5
Burnley,"Music, performing and visual arts",9002 – Support activities to performing arts,5
Burnley,"Music, performing and visual arts",9003 – Artistic creation,0
Burnley,"Music, performing and visual arts",9004 – Operation of arts facilities,0
Burnley,Publishing,5811 – Book publishing,0
Burnley,Publishing,5812 – Publishing of directories and mailing lists,0
Burnley,Publishing,5813 – Publishing of newspapers,0
Burnley,Publishing,5814 – Publishing of journals and periodicals,0
Burnley,Publishing,5819 – Other publishing activities,0
Burnley,Publishing,7430 – Translation and interpretation activities,5
Bury,Advertising and marketing,7021 – Public relations and communication activities,15
Bury,Advertising and marketing,7311 – Advertising agencies,55
Bury,Advertising and marketing,7312 – Media representation,5
Bury,Architecture,7111 – Architectural activities,35
Bury,Crafts,3212 – Manufacture of jewellery and related articles,5
Bury,Design and designer fashion,7410 – Specialised design activities,45
Bury,"Film, TV, video, radio and photography","5911 – Motion picture, video and television programme production activities",50
Bury,"Film, TV, video, radio and photography","5912 – Motion picture, video and television programme post-production activities",5
Bury,"Film, TV, video, radio and photography","5913 – Motion picture, video and television programme distribution activities",0
Bury,"Film, TV, video, radio and photography",5914 – Motion picture projection activities,0
Bury,"Film, TV, video, radio and photography",6010 – Radio broadcasting,0
Bury,"Film, TV, video, radio and photography",6020 – Television programming and broadcasting activities,5
Bury,"Film, TV, video, radio and photography",7420 – Photographic activities,25
Bury,"IT, software and computer services",5821 – Publishing of computer games,0
Bury,"IT, software and computer services",5829 – Other software publishing,0
Bury,"IT, software and computer services",6201 – Computer programming activities,110
Bury,"IT, software and computer services",6202 – Computer consultancy activities,180
Bury,"Music, performing and visual arts",5920 – Sound recording and music publishing activities,5
Bury,"Music, performing and visual arts",8552 – Cultural education,5
Bury,"Music, performing and visual arts",9001 – Performing arts,20
Bury,"Music, performing and visual arts",9002 – Support activities to performing arts,10
Bury,"Music, performing and visual arts",9003 – Artistic creation,15
Bury,"Music, performing and visual arts",9004 – Operation of arts facilities,0
Bury,Publishing,5811 – Book publishing,5
Bury,Publishing,5812 – Publishing of directories and mailing lists,0
Bury,Publishing,5813 – Publishing of newspapers,0
Bury,Publishing,5814 – Publishing of journals and periodicals,0
Bury,Publishing,5819 – Other publishing activities,10
Bury,Publishing,7430 – Translation and interpretation activities,10
Cheshire East,Advertising and marketing,7021 – Public relations and communication activities,50
Cheshire East,Advertising and marketing,7311 – Advertising agencies,175
Cheshire East,Advertising and marketing,7312 – Media representation,25
Cheshire East,Architecture,7111 – Architectural activities,115
Cheshire East,Crafts,3212 – Manufacture of jewellery and related articles,5
Cheshire East,Design and designer fashion,7410 – Specialised design activities,185
Cheshire East,"Film, TV, video, radio and photography","5911 – Motion picture, video and television programme production activities",105
Cheshire East,"Film, TV, video, radio and photography","5912 – Motion picture, video and television programme post-production activities",5
Cheshire East,"Film, TV, video, radio and photography","5913 – Motion picture, video and television programme distribution activities",0
Cheshire East,"Film, TV, video, radio and photography",5914 – Motion picture projection activities,0
Cheshire East,"Film, TV, video, radio and photography",6010 – Radio broadcasting,10
Cheshire East,"Film, TV, video, radio and photography",6020 – Television programming and broadcasting activities,5
Cheshire East,"Film, TV, video, radio and photography",7420 – Photographic activities,45
Cheshire East,"IT, software and computer services",5821 – Publishing of computer games,5
Cheshire East,"IT, software and computer services",5829 – Other software publishing,20
Cheshire East,"IT, software and computer services",6201 – Computer programming activities,220
Cheshire East,"IT, software and computer services",6202 – Computer consultancy activities,555
Cheshire East,"Music, performing and visual arts",5920 – Sound recording and music publishing activities,20
Cheshire East,"Music, performing and visual arts",8552 – Cultural education,10
Cheshire East,"Music, performing and visual arts",9001 – Performing arts,65
Cheshire East,"Music, performing and visual arts",9002 – Support activities to performing arts,30
Cheshire East,"Music, performing and visual arts",9003 – Artistic creation,70
Cheshire East,"Music, performing and visual arts",9004 – Operation of arts facilities,0
Cheshire East,Publishing,5811 – Book publishing,10
Cheshire East,Publishing,5812 – Publishing of directories and mailing lists,0
Cheshire East,Publishing,5813 – Publishing of newspapers,0
Cheshire East,Publishing,5814 – Publishing of journals and periodicals,20
Cheshire East,Publishing,5819 – Other publishing activities,25
Cheshire East,Publishing,7430 – Translation and interpretation activities,10
Cheshire West and Chester,Advertising and marketing,7021 – Public relations and communication activities,35
Cheshire West and Chester,Advertising and marketing,7311 – Advertising agencies,110
Cheshire West and Chester,Advertising and marketing,7312 – Media representation,15
Cheshire West and Chester,Architecture,7111 – Architectural activities,85
Cheshire West and Chester,Crafts,3212 – Manufacture of jewellery and related articles,10
Cheshire West and Chester,Design and designer fashion,7410 – Specialised design activities,115
Cheshire West and Chester,"Film, TV, video, radio and photography","5911 – Motion picture, video and television programme production activities",70
Cheshire West and Chester,"Film, TV, video, radio and photography","5912 – Motion picture, video and television programme post-production activities",5
Cheshire West and Chester,"Film, TV, video, radio and photography","5913 – Motion picture, video and television programme distribution activities",0
Cheshire West and Chester,"Film, TV, video, radio and photography",5914 – Motion picture projection activities,0
Cheshire West and Chester,"Film, TV, video, radio and photography",6010 – Radio broadcasting,5
Cheshire West and Chester,"Film, TV, video, radio and photography",6020 – Television programming and broadcasting activities,5
Cheshire West and Chester,"Film, TV, video, radio and photography",7420 – Photographic activities,35
Cheshire West and Chester,"IT, software and computer services",5821 – Publishing of computer games,0
Cheshire West and Chester,"IT, software and computer services",5829 – Other software publishing,10
Cheshire West and Chester,"IT, software and computer services",6201 – Computer programming activities,120
Cheshire West and Chester,"IT, software and computer services",6202 – Computer consultancy activities,355
Cheshire West and Chester,"Music, performing and visual arts",5920 – Sound recording and music publishing activities,10
Cheshire West and Chester,"Music, performing and visual arts",8552 – Cultural education,10
Cheshire West and Chester,"Music, performing and visual arts",9001 – Performing arts,30
Cheshire West and Chester,"Music, performing and visual arts",9002 – Support activities to performing arts,20
Cheshire West and Chester,"Music, performing and visual arts",9003 – Artistic creation,40
Cheshire West and Chester,"Music, performing and visual arts",9004 – Operation of arts facilities,5
Cheshire West and Chester,Publishing,5811 – Book publishing,10
Cheshire West and Chester,Publishing,5812 – Publishing of directories and mailing lists,0
Cheshire West and Chester,Publishing,5813 – Publishing of newspapers,0
Cheshire West and Chester,Publishing,5814 – Publishing of journals and periodicals,5
Cheshire West and Chester,Publishing,5819 – Other publishing activities,15
Cheshire West and Chester,Publishing,7430 – Translation and interpretation activities,10
Chorley,Advertising and marketing,7021 – Public relations and communication activities,10
Chorley,Advertising and marketing,7311 – Advertising agencies,20
Chorley,Advertising and marketing,7312 – Media representation,10
Chorley,Architecture,7111 – Architectural activities,25
Chorley,Crafts,3212 – Manufacture of jewellery and related articles,0
Chorley,Design and designer fashion,7410 – Specialised design activities,30
Chorley,"Film, TV, video, radio and photography","5911 – Motion picture, video and television programme production activities",15
Chorley,"Film, TV, video, radio and photography","5912 – Motion picture, video and television programme post-production activities",0
Chorley,"Film, TV, video, radio and photography","5913 – Motion picture, video and television programme distribution activities",0
Chorley,"Film, TV, video, radio and photography",5914 – Motion picture projection activities,0
Chorley,"Film, TV, video, radio and photography",6010 – Radio broadcasting,0
Chorley,"Film, TV, video, radio and photography",6020 – Television programming and broadcasting activities,0
Chorley,"Film, TV, video, radio and photography",7420 – Photographic activities,10
Chorley,"IT, software and computer services",5821 – Publishing of computer games,0
Chorley,"IT, software and computer services",5829 – Other software publishing,5
Chorley,"IT, software and computer services",6201 – Computer programming activities,45
Chorley,"IT, software and computer services",6202 – Computer consultancy activities,85
Chorley,"Music, performing and visual arts",5920 – Sound recording and music publishing activities,5
Chorley,"Music, performing and visual arts",8552 – Cultural education,5
Chorley,"Music, performing and visual arts",9001 – Performing arts,10
Chorley,"Music, performing and visual arts",9002 – Support activities to performing arts,10
Chorley,"Music, performing and visual arts",9003 – Artistic creation,15
Chorley,"Music, performing and visual arts",9004 – Operation of arts facilities,0
Chorley,Publishing,5811 – Book publishing,0
Chorley,Publishing,5812 – Publishing of directories and mailing lists,0
Chorley,Publishing,5813 – Publishing of newspapers,0
Chorley,Publishing,5814 – Publishing of journals and periodicals,0
Chorley,Publishing,5819 – Other publishing activities,5
Chorley,Publishing,7430 – Translation and interpretation activities,5
Cumberland,Advertising and marketing,7021 – Public relations and communication activities,5
Cumberland,Advertising and marketing,7311 – Advertising agencies,20
Cumberland,Advertising and marketing,7312 – Media representation,5
Cumberland,Architecture,7111 – Architectural activities,35
Cumberland,Crafts,3212 – Manufacture of jewellery and related articles,0
Cumberland,Design and designer fashion,7410 – Specialised design activities,30
Cumberland,"Film, TV, video, radio and photography","5911 – Motion picture, video and television programme production activities",15
Cumberland,"Film, TV, video, radio and photography","5912 – Motion picture, video and television programme post-production activities",0
Cumberland,"Film, TV, video, radio and photography","5913 – Motion picture, video and television programme distribution activities",0
Cumberland,"Film, TV, video, radio and photography",5914 – Motion picture projection activities,0
Cumberland,"Film, TV, video, radio and photography",6010 – Radio broadcasting,0
Cumberland,"Film, TV, video, radio and photography",6020 – Television programming and broadcasting activities,0
Cumberland,"Film, TV, video, radio and photography",7420 – Photographic activities,15
Cumberland,"IT, software and computer services",5821 – Publishing of computer games,0
Cumberland,"IT, software and computer services",5829 – Other software publishing,5
Cumberland,"IT, software and computer services",6201 – Computer programming activities,35
Cumberland,"IT, software and computer services",6202 – Computer consultancy activities,80
Cumberland,"Music, performing and visual arts",5920 – Sound recording and music publishing activities,0
Cumberland,"Music, performing and visual arts",8552 – Cultural education,5
Cumberland,"Music, performing and visual arts",9001 – Performing arts,15
Cumberland,"Music, performing and visual arts",9002 – Support activities to performing arts,5
Cumberland,"Music, performing and visual arts",9003 – Artistic creation,20
Cumberland,"Music, performing and visual arts",9004 – Operation of arts facilities,5
Cumberland,Publishing,5811 – Book publishing,5
Cumberland,Publishing,5812 – Publishing of directories and mailing lists,0
Cumberland,Publishing,5813 – Publishing of newspapers,0
Cumberland,Publishing,5814 – Publishing of journals and periodicals,5
Cumberland,Publishing,5819 – Other publishing activities,5
Cumberland,Publishing,7430 – Translation and interpretation activities,0
Fylde,Advertising and marketing,7021 – Public relations and communication activities,5
Fylde,Advertising and marketing,7311 – Advertising agencies,40
Fylde,Advertising and marketing,7312 – Media representation,10
Fylde,Architecture,7111 – Architectural activities,15
Fylde,Crafts,3212 – Manufacture of jewellery and related articles,0
Fylde,Design and designer fashion,7410 – Specialised design activities,20
Fylde,"Film, TV, video, radio and photography","5911 – Motion picture, video and television programme production activities",15
Fylde,"Film, TV, video, radio and photography","5912 – Motion picture, video and television programme post-production activities",5
Fylde,"Film, TV, video, radio and photography","5913 – Motion picture, video and television programme distribution activities",0
Fylde,"Film, TV, video, radio and photography",5914 – Motion picture projection activities,0
Fylde,"Film, TV, video, radio and photography",6010 – Radio broadcasting,0
Fylde,"Film, TV, video, radio and photography",6020 – Television programming and broadcasting activities,5
Fylde,"Film, TV, video, radio and photography",7420 – Photographic activities,5
Fylde,"IT, software and computer services",5821 – Publishing of computer games,0
Fylde,"IT, software and computer services",5829 – Other software publishing,5
Fylde,"IT, software and computer services",6201 – Computer programming activities,45
Fylde,"IT, software and computer services",6202 – Computer consultancy activities,85
Fylde,"Music, performing and visual arts",5920 – Sound recording and music publishing activities,0
Fylde,"Music, performing and visual arts",8552 – Cultural education,0
Fylde,"Music, performing and visual arts",9001 – Performing arts,5
Fylde,"Music, performing and visual arts",9002 – Support activities to performing arts,5
Fylde,"Music, performing and visual arts",9003 – Artistic creation,10
Fylde,"Music, performing and visual arts",9004 – Operation of arts facilities,0
Fylde,Publishing,5811 – Book publishing,5
Fylde,Publishing,5812 – Publishing of directories and mailing lists,0
Fylde,Publishing,5813 – Publishing of newspapers,0
Fylde,Publishing,5814 – Publishing of journals and periodicals,5
Fylde,Publishing,5819 – Other publishing activities,10
Fylde,Publishing,7430 – Translation and interpretation activities,0
Halton,Advertising and marketing,7021 – Public relations and communication activities,0
Halton,Advertising and marketing,7311 – Advertising agencies,10
Halton,Advertising and marketing,7312 – Media representation,0
Halton,Architecture,7111 – Architectural activities,10
Halton,Crafts,3212 – Manufacture of jewellery and related articles,0
Halton,Design and designer fashion,7410 – Specialised design activities,15
Halton,"Film, TV, video, radio and photography","5911 – Motion picture, video and television programme production activities",5
Halton,"Film, TV, video, radio and photography","5912 – Motion picture, video and television programme post-production activities",0
Halton,"Film, TV, video, radio and photography","5913 – Motion picture, video and television programme distribution activities",0
Halton,"Film, TV, video, radio and photography",5914 – Motion picture projection activities,0
Halton,"Film, TV, video, radio and photography",6010 – Radio broadcasting,0
Halton,"Film, TV, video, radio and photography",6020 – Television programming and broadcasting activities,0
Halton,"Film, TV, video, radio and photography",7420 – Photographic activities,10
Halton,"IT, software and computer services",5821 – Publishing of computer games,0
Halton,"IT, software and computer services",5829 – Other software publishing,0
Halton,"IT, software and computer services",6201 – Computer programming activities,25
Halton,"IT, software and computer services",6202 – Computer consultancy activities,65
Halton,"Music, performing and visual arts",5920 – Sound recording and music publishing activities,0
Halton,"Music, performing and visual arts",8552 – Cultural education,5
Halton,"Music, performing and visual arts",9001 – Performing arts,10
Halton,"Music, performing and visual arts",9002 – Support activities to performing arts,0
Halton,"Music, performing and visual arts",9003 – Artistic creation,5
Halton,"Music, performing and visual arts",9004 – Operation of arts facilities,0
Halton,Publishing,5811 – Book publishing,0
Halton,Publishing,5812 – Publishing of directories and mailing lists,0
Halton,Publishing,5813 – Publishing of newspapers,0
Halton,Publishing,5814 – Publishing of journals and periodicals,0
Halton,Publishing,5819 – Other publishing activities,0
Halton,Publishing,7430 – Translation and interpretation activities,0
Hyndburn,Advertising and marketing,7021 – Public relations and communication activities,0
Hyndburn,Advertising and marketing,7311 – Advertising agencies,5
Hyndburn,Advertising and marketing,7312 – Media representation,0
Hyndburn,Architecture,7111 – Architectural activities,5
Hyndburn,Crafts,3212 – Manufacture of jewellery and related articles,0
Hyndburn,Design and designer fashion,7410 – Specialised design activities,5
Hyndburn,"Film, TV, video, radio and photography","5911 – Motion picture, video and television programme production activities",0
Hyndburn,"Film, TV, video, radio and photography","5912 – Motion picture, video and television programme post-production activities",0
Hyndburn,"Film, TV, video, radio and photography","5913 – Motion picture, video and television programme distribution activities",0
Hyndburn,"Film, TV, video, radio and photography",5914 – Motion picture projection activities,0
Hyndburn,"Film, TV, video, radio and photography",6010 – Radio broadcasting,0
Hyndburn,"Film, TV, video, radio and photography",6020 – Television programming and broadcasting activities,0
Hyndburn,"Film, TV, video, radio and photography",7420 – Photographic activities,0
Hyndburn,"IT, software and computer services",5821 – Publishing of computer games,0
Hyndburn,"IT, software and computer services",5829 – Other software publishing,0
Hyndburn,"IT, software and computer services",6201 – Computer programming activities,15
Hyndburn,"IT, software and computer services",6202 – Computer consultancy activities,25
Hyndburn,"Music, performing and visual arts",5920 – Sound recording and music publishing activities,0
Hyndburn,"Music, performing and visual arts",8552 – Cultural education,0
Hyndburn,"Music, performing and visual arts",9001 – Performing arts,5
Hyndburn,"Music, performing and visual arts",9002 – Support activities to performing arts,0
Hyndburn,"Music, performing and visual arts",9003 – Artistic creation,5
Hyndburn,"Music, performing and visual arts",9004 – Operation of arts facilities,5
Hyndburn,Publishing,5811 – Book publishing,0
Hyndburn,Publishing,5812 – Publishing of directories and mailing lists,0
Hyndburn,Publishing,5813 – Publishing of newspapers,0
Hyndburn,Publishing,5814 – Publishing of journals and periodicals,0
Hyndburn,Publishing,5819 – Other publishing activities,0
Hyndburn,Publishing,7430 – Translation and interpretation activities,0
Knowsley,Advertising and marketing,7021 – Public relations and communication activities,0
Knowsley,Advertising and marketing,7311 – Advertising agencies,10
Knowsley,Advertising and marketing,7312 – Media representation,0
Knowsley,Architecture,7111 – Architectural activities,10
Knowsley,Crafts,3212 – Manufacture of jewellery and related articles,0
Knowsley,Design and designer fashion,7410 – Specialised design activities,10
Knowsley,"Film, TV, video, radio and photography","5911 – Motion picture, video and television programme production activities",15
Knowsley,"Film, TV, video, radio and photography","5912 – Motion picture, video and television programme post-production activities",0
Knowsley,"Film, TV, video, radio and photography","5913 – Motion picture, video and television programme distribution activities",0
Knowsley,"Film, TV, video, radio and photography",5914 – Motion picture projection activities,0
Knowsley,"Film, TV, video, radio and photography",6010 – Radio broadcasting,0
Knowsley,"Film, TV, video, radio and photography",6020 – Television programming and broadcasting activities,0
Knowsley,"Film, TV, video, radio and photography",7420 – Photographic activities,5
Knowsley,"IT, software and computer services",5821 – Publishing of computer games,0
Knowsley,"IT, software and computer services",5829 – Other software publishing,0
Knowsley,"IT, software and computer services",6201 – Computer programming activities,20
Knowsley,"IT, software and computer services",6202 – Computer consultancy activities,25
Knowsley,"Music, performing and visual arts",5920 – Sound recording and music publishing activities,5
Knowsley,"Music, performing and visual arts",8552 – Cultural education,0
Knowsley,"Music, performing and visual arts",9001 – Performing arts,10
Knowsley,"Music, performing and visual arts",9002 – Support activities to performing arts,10
Knowsley,"Music, performing and visual arts",9003 – Artistic creation,15
Knowsley,"Music, performing and visual arts",9004 – Operation of arts facilities,0
Knowsley,Publishing,5811 – Book publishing,5
Knowsley,Publishing,5812 – Publishing of directories and mailing lists,0
Knowsley,Publishing,5813 – Publishing of newspapers,0
Knowsley,Publishing,5814 – Publishing of journals and periodicals,0
Knowsley,Publishing,5819 – Other publishing activities,0
Knowsley,Publishing,7430 – Translation and interpretation activities,5
Lancaster,Advertising and marketing,7021 – Public relations and communication activities,5
Lancaster,Advertising and marketing,7311 – Advertising agencies,25
Lancaster,Advertising and marketing,7312 – Media representation,5
Lancaster,Architecture,7111 – Architectural activities,25
Lancaster,Crafts,3212 – Manufacture of jewellery and related articles,0
Lancaster,Design and designer fashion,7410 – Specialised design activities,25
Lancaster,"Film, TV, video, radio and photography","5911 – Motion picture, video and television programme production activities",15
Lancaster,"Film, TV, video, radio and photography","5912 – Motion picture, video and television programme post-production activities",0
Lancaster,"Film, TV, video, radio and photography","5913 – Motion picture, video and television programme distribution activities",0
Lancaster,"Film, TV, video, radio and photography",5914 – Motion picture projection activities,0
Lancaster,"Film, TV, video, radio and photography",6010 – Radio broadcasting,0
Lancaster,"Film, TV, video, radio and photography",6020 – Television programming and broadcasting activities,0
Lancaster,"Film, TV, video, radio and photography",7420 – Photographic activities,5
Lancaster,"IT, software and computer services",5821 – Publishing of computer games,0
Lancaster,"IT, software and computer services",5829 – Other software publishing,5
Lancaster,"IT, software and computer services",6201 – Computer programming activities,45
Lancaster,"IT, software and computer services",6202 – Computer consultancy activities,70
Lancaster,"Music, performing and visual arts",5920 – Sound recording and music publishing activities,0
Lancaster,"Music, performing and visual arts",8552 – Cultural education,5
Lancaster,"Music, performing and visual arts",9001 – Performing arts,10
Lancaster,"Music, performing and visual arts",9002 – Support activities to performing arts,10
Lancaster,"Music, performing and visual arts",9003 – Artistic creation,15
Lancaster,"Music, performing and visual arts",9004 – Operation of arts facilities,5
Lancaster,Publishing,5811 – Book publishing,0
Lancaster,Publishing,5812 – Publishing of directories and mailing lists,0
Lancaster,Publishing,5813 – Publishing of newspapers,0
Lancaster,Publishing,5814 – Publishing of journals and periodicals,5
Lancaster,Publishing,5819 – Other publishing activities,5
Lancaster,Publishing,7430 – Translation and interpretation activities,0
Liverpool,Advertising and marketing,7021 – Public relations and communication activities,25
Liverpool,Advertising and marketing,7311 – Advertising agencies,115
Liverpool,Advertising and marketing,7312 – Media representation,25
Liverpool,Architecture,7111 – Architectural activities,100
Liverpool,Crafts,3212 – Manufacture of jewellery and related articles,5
Liverpool,Design and designer fashion,7410 – Specialised design activities,90
Liverpool,"Film, TV, video, radio and photography","5911 – Motion picture, video and television programme production activities",100
Liverpool,"Film, TV, video, radio and photography","5912 – Motion picture, video and television programme post-production activities",10
Liverpool,"Film, TV, video, radio and photography","5913 – Motion picture, video and television programme distribution activities",5
Liverpool,"Film, TV, video, radio and photography",5914 – Motion picture projection activities,0
Liverpool,"Film, TV, video, radio and photography",6010 – Radio broadcasting,5
Liverpool,"Film, TV, video, radio and photography",6020 – Television programming and broadcasting activities,10
Liverpool,"Film, TV, video, radio and photography",7420 – Photographic activities,20
Liverpool,"IT, software and computer services",5821 – Publishing of computer games,5
Liverpool,"IT, software and computer services",5829 – Other software publishing,10
Liverpool,"IT, software and computer services",6201 – Computer programming activities,160
Liverpool,"IT, software and computer services",6202 – Computer consultancy activities,235
Liverpool,"Music, performing and visual arts",5920 – Sound recording and music publishing activities,30
Liverpool,"Music, performing and visual arts",8552 – Cultural education,20
Liverpool,"Music, performing and visual arts",9001 – Performing arts,75
Liverpool,"Music, performing and visual arts",9002 – Support activities to performing arts,50
Liverpool,"Music, performing and visual arts",9003 – Artistic creation,70
Liverpool,"Music, performing and visual arts",9004 – Operation of arts facilities,15
Liverpool,Publishing,5811 – Book publishing,10
Liverpool,Publishing,5812 – Publishing of directories and mailing lists,0
Liverpool,Publishing,5813 – Publishing of newspapers,0
Liverpool,Publishing,5814 – Publishing of journals and periodicals,10
Liverpool,Publishing,5819 – Other publishing activities,15
Liverpool,Publishing,7430 – Translation and interpretation activities,15
Manchester,Advertising and marketing,7021 – Public relations and communication activities,70
Manchester,Advertising and marketing,7311 – Advertising agencies,295
Manchester,Advertising and marketing,7312 – Media representation,65
Manchester,Architecture,7111 – Architectural activities,150
Manchester,Crafts,3212 – Manufacture of jewellery and related articles,5
Manchester,Design and designer fashion,7410 – Specialised design activities,185
Manchester,"Film, TV, video, radio and photography","5911 – Motion picture, video and television programme production activities",230
Manchester,"Film, TV, video, radio and photography","5912 – Motion picture, video and television programme post-production activities",20
Manchester,"Film, TV, video, radio and photography","5913 – Motion picture, video and television programme distribution activities",5
Manchester,"Film, TV, video, radio and photography",5914 – Motion picture projection activities,0
Manchester,"Film, TV, video, radio and photography",6010 – Radio broadcasting,15
Manchester,"Film, TV, video, radio and photography",6020 – Television programming and broadcasting activities,10
Manchester,"Film, TV, video, radio and photography",7420 – Photographic activities,90
Manchester,"IT, software and computer services",5821 – Publishing of computer games,5
Manchester,"IT, software and computer services",5829 – Other software publishing,50
Manchester,"IT, software and computer services",6201 – Computer programming activities,370
Manchester,"IT, software and computer services",6202 – Computer consultancy activities,580
Manchester,"Music, performing and visual arts",5920 – Sound recording and music publishing activities,65
Manchester,"Music, performing and visual arts",8552 – Cultural education,25
Manchester,"Music, performing and visual arts",9001 – Performing arts,165
Manchester,"Music, performing and visual arts",9002 – Support activities to performing arts,85
Manchester,"Music, performing and visual arts",9003 – Artistic creation,125
Manchester,"Music, performing and visual arts",9004 – Operation of arts facilities,15
Manchester,Publishing,5811 – Book publishing,15
Manchester,Publishing,5812 – Publishing of directories and mailing lists,0
Manchester,Publishing,5813 – Publishing of newspapers,0
Manchester,Publishing,5814 – Publishing of journals and periodicals,20
Manchester,Publishing,5819 – Other publishing activities,35
Manchester,Publishing,7430 – Translation and interpretation activities,30
Oldham,Advertising and marketing,7021 – Public relations and communication activities,5
Oldham,Advertising and marketing,7311 – Advertising agencies,45
Oldham,Advertising and marketing,7312 – Media representation,10
Oldham,Architecture,7111 – Architectural activities,25
Oldham,Crafts,3212 – Manufacture of jewellery and related articles,0
Oldham,Design and designer fashion,7410 – Specialised design activities,25
Oldham,"Film, TV, video, radio and photography","5911 – Motion picture, video and television programme production activities",30
Oldham,"Film, TV, video, radio and photography","5912 – Motion picture, video and television programme post-production activities",5
Oldham,"Film, TV, video, radio and photography","5913 – Motion picture, video and television programme distribution activities",0
Oldham,"Film, TV, video, radio and photography",5914 – Motion picture projection activities,0
Oldham,"Film, TV, video, radio and photography",6010 – Radio broadcasting,0
Oldham,"Film, TV, video, radio and photography",6020 – Television programming and broadcasting activities,0
Oldham,"Film, TV, video, radio and photography",7420 – Photographic activities,10
Oldham,"IT, software and computer services",5821 – Publishing of computer games,0
Oldham,"IT, software and computer services",5829 – Other software publishing,0
Oldham,"IT, software and computer services",6201 – Computer programming activities,50
Oldham,"IT, software and computer services",6202 – Computer consultancy activities,130
Oldham,"Music, performing and visual arts",5920 – Sound recording and music publishing activities,0
Oldham,"Music, performing and visual arts",8552 – Cultural education,5
Oldham,"Music, performing and visual arts",9001 – Performing arts,10
Oldham,"Music, performing and visual arts",9002 – Support activities to performing arts,10
Oldham,"Music, performing and visual arts",9003 – Artistic creation,15
Oldham,"Music, performing and visual arts",9004 – Operation of arts facilities,5
Oldham,Publishing,5811 – Book publishing,0
Oldham,Publishing,5812 – Publishing of directories and mailing lists,0
Oldham,Publishing,5813 – Publishing of newspapers,0
Oldham,Publishing,5814 – Publishing of journals and periodicals,5
Oldham,Publishing,5819 – Other publishing activities,5
Oldham,Publishing,7430 – Translation and interpretation activities,0
Pendle,Advertising and marketing,7021 – Public relations and communication activities,0
Pendle,Advertising and marketing,7311 – Advertising agencies,10
Pendle,Advertising and marketing,7312 – Media representation,5
Pendle,Architecture,7111 – Architectural activities,10
Pendle,Crafts,3212 – Manufacture of jewellery and related articles,0
Pendle,Design and designer fashion,7410 – Specialised design activities,10
Pendle,"Film, TV, video, radio and photography","5911 – Motion picture, video and television programme production activities",5
Pendle,"Film, TV, video, radio and photography","5912 – Motion picture, video and television programme post-production activities",0
Pendle,"Film, TV, video, radio and photography","5913 – Motion picture, video and television programme distribution activities",0
Pendle,"Film, TV, video, radio and photography",5914 – Motion picture projection activities,0
Pendle,"Film, TV, video, radio and photography",6010 – Radio broadcasting,0
Pendle,"Film, TV, video, radio and photography",6020 – Television programming and broadcasting activities,0
Pendle,"Film, TV, video, radio and photography",7420 – Photographic activities,5
Pendle,"IT, software and computer services",5821 – Publishing of computer games,0
Pendle,"IT, software and computer services",5829 – Other software publishing,0
Pendle,"IT, software and computer services",6201 – Computer programming activities,20
Pendle,"IT, software and computer services",6202 – Computer consultancy activities,45
Pendle,"Music, performing and visual arts",5920 – Sound recording and music publishing activities,0
Pendle,"Music, performing and visual arts",8552 – Cultural education,5
Pendle,"Music, performing and visual arts",9001 – Performing arts,5
Pendle,"Music, performing and visual arts",9002 – Support activities to performing arts,5
Pendle,"Music, performing and visual arts",9003 – Artistic creation,5
Pendle,"Music, performing and visual arts",9004 – Operation of arts facilities,0
Pendle,Publishing,5811 – Book publishing,5
Pendle,Publishing,5812 – Publishing of directories and mailing lists,0
Pendle,Publishing,5813 – Publishing of newspapers,0
Pendle,Publishing,5814 – Publishing of journals and periodicals,0
Pendle,Publishing,5819 – Other publishing activities,5
Pendle,Publishing,7430 – Translation and interpretation activities,0
Preston,Advertising and marketing,7021 – Public relations and communication activities,5
Preston,Advertising and marketing,7311 – Advertising agencies,35
Preston,Advertising and marketing,7312 – Media representation,5
Preston,Architecture,7111 – Architectural activities,25
Preston,Crafts,3212 – Manufacture of jewellery and related articles,0
Preston,Design and designer fashion,7410 – Specialised design activities,25
Preston,"Film, TV, video, radio and photography","5911 – Motion picture, video and television programme production activities",10
Preston,"Film, TV, video, radio and photography","5912 – Motion picture, video and television programme post-production activities",0
Preston,"Film, TV, video, radio and photography","5913 – Motion picture, video and television programme distribution activities",0
Preston,"Film, TV, video, radio and photography",5914 – Motion picture projection activities,0
Preston,"Film, TV, video, radio and photography",6010 – Radio broadcasting,0
Preston,"Film, TV, video, radio and photography",6020 – Television programming and broadcasting activities,0
Preston,"Film, TV, video, radio and photography",7420 – Photographic activities,5
Preston,"IT, software and computer services",5821 – Publishing of computer games,0
Preston,"IT, software and computer services",5829 – Other software publishing,5
Preston,"IT, software and computer services",6201 – Computer programming activities,45
Preston,"IT, software and computer services",6202 – Computer consultancy activities,100
Preston,"Music, performing and visual arts",5920 – Sound recording and music publishing activities,0
Preston,"Music, performing and visual arts",8552 – Cultural education,10
Preston,"Music, performing and visual arts",9001 – Performing arts,10
Preston,"Music, performing and visual arts",9002 – Support activities to performing arts,10
Preston,"Music, performing and visual arts",9003 – Artistic creation,10
Preston,"Music, performing and visual arts",9004 – Operation of arts facilities,0
Preston,Publishing,5811 – Book publishing,0
Preston,Publishing,5812 – Publishing of directories and mailing lists,0
Preston,Publishing,5813 – Publishing of newspapers,0
Preston,Publishing,5814 – Publishing of journals and periodicals,0
Preston,Publishing,5819 – Other publishing activities,5
Preston,Publishing,7430 – Translation and interpretation activities,5
Ribble Valley,Advertising and marketing,7021 – Public relations and communication activities,5
Ribble Valley,Advertising and marketing,7311 – Advertising agencies,20
Ribble Valley,Advertising and marketing,7312 – Media representation,5
Ribble Valley,Architecture,7111 – Architectural activities,10
Ribble Valley,Crafts,3212 – Manufacture of jewellery and related articles,0
Ribble Valley,Design and designer fashion,7410 – Specialised design activities,25
Ribble Valley,"Film, TV, video, radio and photography","5911 – Motion picture, video and television programme production activities",5
Ribble Valley,"Film, TV, video, radio and photography","5912 – Motion picture, video and television programme post-production activities",0
Ribble Valley,"Film, TV, video, radio and photography","5913 – Motion picture, video and television programme distribution activities",0
Ribble Valley,"Film, TV, video, radio and photography",5914 – Motion picture projection activities,0
Ribble Valley,"Film, TV, video, radio and photography",6010 – Radio broadcasting,0
Ribble Valley,"Film, TV, video, radio and photography",6020 – Television programming and broadcasting activities,0
Ribble Valley,"Film, TV, video, radio and photography",7420 – Photographic activities,5
Ribble Valley,"IT, software and computer services",5821 – Publishing of computer games,0
Ribble Valley,"IT, software and computer services",5829 – Other software publishing,0
Ribble Valley,"IT, software and computer services",6201 – Computer programming activities,30
Ribble Valley,"IT, software and computer services",6202 – Computer consultancy activities,50
Ribble Valley,"Music, performing and visual arts",5920 – Sound recording and music publishing activities,0
Ribble Valley,"Music, performing and visual arts",8552 – Cultural education,5
Ribble Valley,"Music, performing and visual arts",9001 – Performing arts,5
Ribble Valley,"Music, performing and visual arts",9002 – Support activities to performing arts,5
Ribble Valley,"Music, performing and visual arts",9003 – Artistic creation,10
Ribble Valley,"Music, performing and visual arts",9004 – Operation of arts facilities,0
Ribble Valley,Publishing,5811 – Book publishing,0
Ribble Valley,Publishing,5812 – Publishing of directories and mailing lists,0
Ribble Valley,Publishing,5813 – Publishing of newspapers,0
Ribble Valley,Publishing,5814 – Publishing of journals and periodicals,0
Ribble Valley,Publishing,5819 – Other publishing activities,5
Ribble Valley,Publishing,7430 – Translation and interpretation activities,0
Rochdale,Advertising and marketing,7021 – Public relations and communication activities,5
Rochdale,Advertising and marketing,7311 – Advertising agencies,25
Rochdale,Advertising and marketing,7312 – Media representation,10
Rochdale,Architecture,7111 – Architectural activities,20
Rochdale,Crafts,3212 – Manufacture of jewellery and related articles,0
Rochdale,Design and designer fashion,7410 – Specialised design activities,30
Rochdale,"Film, TV, video, radio and photography","5911 – Motion picture, video and television programme production activities",25
Rochdale,"Film, TV, video, radio and photography","5912 – Motion picture, video and television programme post-production activities",0
Rochdale,"Film, TV, video, radio and photography","5913 – Motion picture, video and television programme distribution activities",0
Rochdale,"Film, TV, video, radio and photography",5914 – Motion picture projection activities,0
Rochdale,"Film, TV, video, radio and photography",6010 – Radio broadcasting,0
Rochdale,"Film, TV, video, radio and photography",6020 – Television programming and broadcasting activities,0
Rochdale,"Film, TV, video, radio and photography",7420 – Photographic activities,15
Rochdale,"IT, software and computer services",5821 – Publishing of computer games,0
Rochdale,"IT, software and computer services",5829 – Other software publishing,5
Rochdale,"IT, software and computer services",6201 – Computer programming activities,35
Rochdale,"IT, software and computer services",6202 – Computer consultancy activities,100
Rochdale,"Music, performing and visual arts",5920 – Sound recording and music publishing activities,5
Rochdale,"Music, performing and visual arts",8552 – Cultural education,5
Rochdale,"Music, performing and visual arts",9001 – Performing arts,10
Rochdale,"Music, performing and visual arts",9002 – Support activities to performing arts,10
Rochdale,"Music, performing and visual arts",9003 – Artistic creation,15
Rochdale,"Music, performing and visual arts",9004 – Operation of arts facilities,0
Rochdale,Publishing,5811 – Book publishing,0
Rochdale,Publishing,5812 – Publishing of directories and mailing lists,0
Rochdale,Publishing,5813 – Publishing of newspapers,0
Rochdale,Publishing,5814 – Publishing of journals and periodicals,0
Rochdale,Publishing,5819 – Other publishing activities,0
Rochdale,Publishing,7430 – Translation and interpretation activities,5
Rossendale,Advertising and marketing,7021 – Public relations and communication activities,0
Rossendale,Advertising and marketing,7311 – Advertising agencies,10
Rossendale,Advertising and marketing,7312 – Media representation,5
Rossendale,Architecture,7111 – Architectural activities,10
Rossendale,Crafts,3212 – Manufacture of jewellery and related articles,0
Rossendale,Design and designer fashion,7410 – Specialised design activities,15
Rossendale,"Film, TV, video, radio and photography","5911 – Motion picture, video and television programme production activities",10
Rossendale,"Film, TV, video, radio and photography","5912 – Motion picture, video and television programme post-production activities",0
Rossendale,"Film, TV, video, radio and photography","5913 – Motion picture, video and television programme distribution activities",0
Rossendale,"Film, TV, video, radio and photography",5914 – Motion picture projection activities,0
Rossendale,"Film, TV, video, radio and photography",6010 – Radio broadcasting,0
Rossendale,"Film, TV, video, radio and photography",6020 – Television programming and broadcasting activities,0
Rossendale,"Film, TV, video, radio and photography",7420 – Photographic activities,5
Rossendale,"IT, software and computer services",5821 – Publishing of computer games,0
Rossendale,"IT, software and computer services",5829 – Other software publishing,0
Rossendale,"IT, software and computer services",6201 – Computer programming activities,25
Rossendale,"IT, software and computer services",6202 – Computer consultancy activities,45
Rossendale,"Music, performing and visual arts",5920 – Sound recording and music publishing activities,0
Rossendale,"Music, performing and visual arts",8552 – Cultural education,5
Rossendale,"Music, performing and visual arts",9001 – Performing arts,5
Rossendale,"Music, performing and visual arts",9002 – Support activities to performing arts,5
Rossendale,"Music, performing and visual arts",9003 – Artistic creation,5
Rossendale,"Music, performing and visual arts",9004 – Operation of arts facilities,0
Rossendale,Publishing,5811 – Book publishing,0
Rossendale,Publishing,5812 – Publishing of directories and mailing lists,0
Rossendale,Publishing,5813 – Publishing of newspapers,0
Rossendale,Publishing,5814 – Publishing of journals and periodicals,0
Rossendale,Publishing,5819 – Other publishing activities,5
Rossendale,Publishing,7430 – Translation and interpretation activities,0
Salford,Advertising and marketing,7021 – Public relations and communication activities,20
Salford,Advertising and marketing,7311 – Advertising agencies,80
Salford,Advertising and marketing,7312 – Media representation,20
Salford,Architecture,7111 – Architectural activities,45
Salford,Crafts,3212 – Manufacture of jewellery and related articles,0
Salford,Design and designer fashion,7410 – Specialised design activities,70
Salford,"Film, TV, video, radio and photography","5911 – Motion picture, video and television programme production activities",95
Salford,"Film, TV, video, radio and photography","5912 – Motion picture, video and television programme post-production activities",15
Salford,"Film, TV, video, radio and photography","5913 – Motion picture, video and television programme distribution activities",0
Salford,"Film, TV, video, radio and photography",5914 – Motion picture projection activities,0
Salford,"Film, TV, video, radio and photography",6010 – Radio broadcasting,5
Salford,"Film, TV, video, radio and photography",6020 – Television programming and broadcasting activities,10
Salford,"Film, TV, video, radio and photography",7420 – Photographic activities,20
Salford,"IT, software and computer services",5821 – Publishing of computer games,0
Salford,"IT, software and computer services",5829 – Other software publishing,10
Salford,"IT, software and computer services",6201 – Computer programming activities,120
Salford,"IT, software and computer services",6202 – Computer consultancy activities,225
Salford,"Music, performing and visual arts",5920 – Sound recording and music publishing activities,15
Salford,"Music, performing and visual arts",8552 – Cultural education,10
Salford,"Music, performing and visual arts",9001 – Performing arts,30
Salford,"Music, performing and visual arts",9002 – Support activities to performing arts,25
Salford,"Music, performing and visual arts",9003 – Artistic creation,25
Salford,"Music, performing and visual arts",9004 – Operation of arts facilities,5
Salford,Publishing,5811 – Book publishing,0
Salford,Publishing,5812 – Publishing of directories and mailing lists,0
Salford,Publishing,5813 – Publishing of newspapers,0
Salford,Publishing,5814 – Publishing of journals and periodicals,0
Salford,Publishing,5819 – Other publishing activities,10
Salford,Publishing,7430 – Translation and interpretation activities,10
Sefton,Advertising and marketing,7021 – Public relations and communication activities,5
Sefton,Advertising and marketing,7311 – Advertising agencies,40
Sefton,Advertising and marketing,7312 – Media representation,10
Sefton,Architecture,7111 – Architectural activities,30
Sefton,Crafts,3212 – Manufacture of jewellery and related articles,0
Sefton,Design and designer fashion,7410 – Specialised design activities,45
Sefton,"Film, TV, video, radio and photography","5911 – Motion picture, video and television programme production activities",25
Sefton,"Film, TV, video, radio and photography","5912 – Motion picture, video and television programme post-production activities",5
Sefton,"Film, TV, video, radio and photography","5913 – Motion picture, video and television programme distribution activities",0
Sefton,"Film, TV, video, radio and photography",5914 – Motion picture projection activities,5
Sefton,"Film, TV, video, radio and photography",6010 – Radio broadcasting,0
Sefton,"Film, TV, video, radio and photography",6020 – Television programming and broadcasting activities,5
Sefton,"Film, TV, video, radio and photography",7420 – Photographic activities,5
Sefton,"IT, software and computer services",5821 – Publishing of computer games,0
Sefton,"IT, software and computer services",5829 – Other software publishing,5
Sefton,"IT, software and computer services",6201 – Computer programming activities,55
Sefton,"IT, software and computer services",6202 – Computer consultancy activities,165
Sefton,"Music, performing and visual arts",5920 – Sound recording and music publishing activities,5
Sefton,"Music, performing and visual arts",8552 – Cultural education,10
Sefton,"Music, performing and visual arts",9001 – Performing arts,10
Sefton,"Music, performing and visual arts",9002 – Support activities to performing arts,20
Sefton,"Music, performing and visual arts",9003 – Artistic creation,30
Sefton,"Music, performing and visual arts",9004 – Operation of arts facilities,0
Sefton,Publishing,5811 – Book publishing,0
Sefton,Publishing,5812 – Publishing of directories and mailing lists,0
Sefton,Publishing,5813 – Publishing of newspapers,0
Sefton,Publishing,5814 – Publishing of journals and periodicals,5
Sefton,Publishing,5819 – Other publishing activities,15
Sefton,Publishing,7430 – Translation and interpretation activities,5
South Ribble,Advertising and marketing,7021 – Public relations and communication activities,5
South Ribble,Advertising and marketing,7311 – Advertising agencies,25
South Ribble,Advertising and marketing,7312 – Media representation,0
South Ribble,Architecture,7111 – Architectural activities,15
South Ribble,Crafts,3212 – Manufacture of jewellery and related articles,0
South Ribble,Design and designer fashion,7410 – Specialised design activities,25
South Ribble,"Film, TV, video, radio and photography","5911 – Motion picture, video and television programme production activities",15
South Ribble,"Film, TV, video, radio and photography","5912 – Motion picture, video and television programme post-production activities",0
South Ribble,"Film, TV, video, radio and photography","5913 – Motion picture, video and television programme distribution activities",0
South Ribble,"Film, TV, video, radio and photography",5914 – Motion picture projection activities,0
South Ribble,"Film, TV, video, radio and photography",6010 – Radio broadcasting,0
South Ribble,"Film, TV, video, radio and photography",6020 – Television programming and broadcasting activities,0
South Ribble,"Film, TV, video, radio and photography",7420 – Photographic activities,10
South Ribble,"IT, software and computer services",5821 – Publishing of computer games,0
South Ribble,"IT, software and computer services",5829 – Other software publishing,0
South Ribble,"IT, software and computer services",6201 – Computer programming activities,45
South Ribble,"IT, software and computer services",6202 – Computer consultancy activities,70
South Ribble,"Music, performing and visual arts",5920 – Sound recording and music publishing activities,5
South Ribble,"Music, performing and visual arts",8552 – Cultural education,0
South Ribble,"Music, performing and visual arts",9001 – Performing arts,5
South Ribble,"Music, performing and visual arts",9002 – Support activities to performing arts,5
South Ribble,"Music, performing and visual arts",9003 – Artistic creation,30
South Ribble,"Music, performing and visual arts",9004 – Operation of arts facilities,0
South Ribble,Publishing,5811 – Book publishing,0
South Ribble,Publishing,5812 – Publishing of directories and mailing lists,0
South Ribble,Publishing,5813 – Publishing of newspapers,0
South Ribble,Publishing,5814 – Publishing of journals and periodicals,0
South Ribble,Publishing,5819 – Other publishing activities,5
South Ribble,Publishing,7430 – Translation and interpretation activities,0
St. Helens,Advertising and marketing,7021 – Public relations and communication activities,0
St. Helens,Advertising and marketing,7311 – Advertising agencies,25
St. Helens,Advertising and marketing,7312 – Media representation,5
St. Helens,Architecture,7111 – Architectural activities,15
St. Helens,Crafts,3212 – Manufacture of jewellery and related articles,0
St. Helens,Design and designer fashion,7410 – Specialised design activities,20
St. Helens,"Film, TV, video, radio and photography","5911 – Motion picture, video and television programme production activities",15
St. Helens,"Film, TV, video, radio and photography","5912 – Motion picture, video and television programme post-production activities",0
St. Helens,"Film, TV, video, radio and photography","5913 – Motion picture, video and television programme distribution activities",0
St. Helens,"Film, TV, video, radio and photography",5914 – Motion picture projection activities,0
St. Helens,"Film, TV, video, radio and photography",6010 – Radio broadcasting,0
St. Helens,"Film, TV, video, radio and photography",6020 – Television programming and broadcasting activities,0
St. Helens,"Film, TV, video, radio and photography",7420 – Photographic activities,10
St. Helens,"IT, software and computer services",5821 – Publishing of computer games,0
St. Helens,"IT, software and computer services",5829 – Other software publishing,5
St. Helens,"IT, software and computer services",6201 – Computer programming activities,20
St. Helens,"IT, software and computer services",6202 – Computer consultancy activities,70
St. Helens,"Music, performing and visual arts",5920 – Sound recording and music publishing activities,10
St. Helens,"Music, performing and visual arts",8552 – Cultural education,0
St. Helens,"Music, performing and visual arts",9001 – Performing arts,10
St. Helens,"Music, performing and visual arts",9002 – Support activities to performing arts,5
St. Helens,"Music, performing and visual arts",9003 – Artistic creation,15
St. Helens,"Music, performing and visual arts",9004 – Operation of arts facilities,0
St. Helens,Publishing,5811 – Book publishing,0
St. Helens,Publishing,5812 – Publishing of directories and mailing lists,0
St. Helens,Publishing,5813 – Publishing of newspapers,0
St. Helens,Publishing,5814 – Publishing of journals and periodicals,0
St. Helens,Publishing,5819 – Other publishing activities,5
St. Helens,Publishing,7430 – Translation and interpretation activities,0
Stockport,Advertising and marketing,7021 – Public relations and communication activities,30
Stockport,Advertising and marketing,7311 – Advertising agencies,115
Stockport,Advertising and marketing,7312 – Media representation,10
Stockport,Architecture,7111 – Architectural activities,80
Stockport,Crafts,3212 – Manufacture of jewellery and related articles,5
Stockport,Design and designer fashion,7410 – Specialised design activities,110
Stockport,"Film, TV, video, radio and photography","5911 – Motion picture, video and television programme production activities",105
Stockport,"Film, TV, video, radio and photography","5912 – Motion picture, video and television programme post-production activities",15
Stockport,"Film, TV, video, radio and photography","5913 – Motion picture, video and television programme distribution activities",0
Stockport,"Film, TV, video, radio and photography",5914 – Motion picture projection activities,5
Stockport,"Film, TV, video, radio and photography",6010 – Radio broadcasting,0
Stockport,"Film, TV, video, radio and photography",6020 – Television programming and broadcasting activities,5
Stockport,"Film, TV, video, radio and photography",7420 – Photographic activities,40
Stockport,"IT, software and computer services",5821 – Publishing of computer games,0
Stockport,"IT, software and computer services",5829 – Other software publishing,15
Stockport,"IT, software and computer services",6201 – Computer programming activities,140
Stockport,"IT, software and computer services",6202 – Computer consultancy activities,315
Stockport,"Music, performing and visual arts",5920 – Sound recording and music publishing activities,10
Stockport,"Music, performing and visual arts",8552 – Cultural education,10
Stockport,"Music, performing and visual arts",9001 – Performing arts,45
Stockport,"Music, performing and visual arts",9002 – Support activities to performing arts,15
Stockport,"Music, performing and visual arts",9003 – Artistic creation,50
Stockport,"Music, performing and visual arts",9004 – Operation of arts facilities,5
Stockport,Publishing,5811 – Book publishing,10
Stockport,Publishing,5812 – Publishing of directories and mailing lists,0
Stockport,Publishing,5813 – Publishing of newspapers,0
Stockport,Publishing,5814 – Publishing of journals and periodicals,10
Stockport,Publishing,5819 – Other publishing activities,20
Stockport,Publishing,7430 – Translation and interpretation activities,5
Tameside,Advertising and marketing,7021 – Public relations and communication activities,10
Tameside,Advertising and marketing,7311 – Advertising agencies,35
Tameside,Advertising and marketing,7312 – Media representation,5
Tameside,Architecture,7111 – Architectural activities,20
Tameside,Crafts,3212 – Manufacture of jewellery and related articles,0
Tameside,Design and designer fashion,7410 – Specialised design activities,60
Tameside,"Film, TV, video, radio and photography","5911 – Motion picture, video and television programme production activities",25
Tameside,"Film, TV, video, radio and photography","5912 – Motion picture, video and television programme post-production activities",0
Tameside,"Film, TV, video, radio and photography","5913 – Motion picture, video and television programme distribution activities",0
Tameside,"Film, TV, video, radio and photography",5914 – Motion picture projection activities,0
Tameside,"Film, TV, video, radio and photography",6010 – Radio broadcasting,0
Tameside,"Film, TV, video, radio and photography",6020 – Television programming and broadcasting activities,0
Tameside,"Film, TV, video, radio and photography",7420 – Photographic activities,20
Tameside,"IT, software and computer services",5821 – Publishing of computer games,0
Tameside,"IT, software and computer services",5829 – Other software publishing,5
Tameside,"IT, software and computer services",6201 – Computer programming activities,45
Tameside,"IT, software and computer services",6202 – Computer consultancy activities,100
Tameside,"Music, performing and visual arts",5920 – Sound recording and music publishing activities,5
Tameside,"Music, performing and visual arts",8552 – Cultural education,5
Tameside,"Music, performing and visual arts",9001 – Performing arts,20
Tameside,"Music, performing and visual arts",9002 – Support activities to performing arts,10
Tameside,"Music, performing and visual arts",9003 – Artistic creation,25
Tameside,"Music, performing and visual arts",9004 – Operation of arts facilities,0
Tameside,Publishing,5811 – Book publishing,0
Tameside,Publishing,5812 – Publishing of directories and mailing lists,0
Tameside,Publishing,5813 – Publishing of newspapers,0
Tameside,Publishing,5814 – Publishing of journals and periodicals,5
Tameside,Publishing,5819 – Other publishing activities,0
Tameside,Publishing,7430 – Translation and interpretation activities,5
Trafford,Advertising and marketing,7021 – Public relations and communication activities,30
Trafford,Advertising and marketing,7311 – Advertising agencies,120
Trafford,Advertising and marketing,7312 – Media representation,30
Trafford,Architecture,7111 – Architectural activities,85
Trafford,Crafts,3212 – Manufacture of jewellery and related articles,0
Trafford,Design and designer fashion,7410 – Specialised design activities,110
Trafford,"Film, TV, video, radio and photography","5911 – Motion picture, video and television programme production activities",120
Trafford,"Film, TV, video, radio and photography","5912 – Motion picture, video and television programme post-production activities",10
Trafford,"Film, TV, video, radio and photography","5913 – Motion picture, video and television programme distribution activities",0
Trafford,"Film, TV, video, radio and photography",5914 – Motion picture projection activities,0
Trafford,"Film, TV, video, radio and photography",6010 – Radio broadcasting,5
Trafford,"Film, TV, video, radio and photography",6020 – Television programming and broadcasting activities,5
Trafford,"Film, TV, video, radio and photography",7420 – Photographic activities,30
Trafford,"IT, software and computer services",5821 – Publishing of computer games,5
Trafford,"IT, software and computer services",5829 – Other software publishing,25
Trafford,"IT, software and computer services",6201 – Computer programming activities,170
Trafford,"IT, software and computer services",6202 – Computer consultancy activities,460
Trafford,"Music, performing and visual arts",5920 – Sound recording and music publishing activities,15
Trafford,"Music, performing and visual arts",8552 – Cultural education,10
Trafford,"Music, performing and visual arts",9001 – Performing arts,35
Trafford,"Music, performing and visual arts",9002 – Support activities to performing arts,15
Trafford,"Music, performing and visual arts",9003 – Artistic creation,40
Trafford,"Music, performing and visual arts",9004 – Operation of arts facilities,0
Trafford,Publishing,5811 – Book publishing,5
Trafford,Publishing,5812 – Publishing of directories and mailing lists,0
Trafford,Publishing,5813 – Publishing of newspapers,0
Trafford,Publishing,5814 – Publishing of journals and periodicals,5
Trafford,Publishing,5819 – Other publishing activities,15
Trafford,Publishing,7430 – Translation and interpretation activities,5
Warrington,Advertising and marketing,7021 – Public relations and communication activities,15
Warrington,Advertising and marketing,7311 – Advertising agencies,50
Warrington,Advertising and marketing,7312 – Media representation,15
Warrington,Architecture,7111 – Architectural activities,40
Warrington,Crafts,3212 – Manufacture of jewellery and related articles,0
Warrington,Design and designer fashion,7410 – Specialised design activities,55
Warrington,"Film, TV, video, radio and photography","5911 – Motion picture, video and television programme production activities",30
Warrington,"Film, TV, video, radio and photography","5912 – Motion picture, video and television programme post-production activities",5
Warrington,"Film, TV, video, radio and photography","5913 – Motion picture, video and television programme distribution activities",0
Warrington,"Film, TV, video, radio and photography",5914 – Motion picture projection activities,0
Warrington,"Film, TV, video, radio and photography",6010 – Radio broadcasting,0
Warrington,"Film, TV, video, radio and photography",6020 – Television programming and broadcasting activities,0
Warrington,"Film, TV, video, radio and photography",7420 – Photographic activities,25
Warrington,"IT, software and computer services",5821 – Publishing of computer games,0
Warrington,"IT, software and computer services",5829 – Other software publishing,5
Warrington,"IT, software and computer services",6201 – Computer programming activities,90
Warrington,"IT, software and computer services",6202 – Computer consultancy activities,270
Warrington,"Music, performing and visual arts",5920 – Sound recording and music publishing activities,5
Warrington,"Music, performing and visual arts",8552 – Cultural education,5
Warrington,"Music, performing and visual arts",9001 – Performing arts,20
Warrington,"Music, performing and visual arts",9002 – Support activities to performing arts,10
Warrington,"Music, performing and visual arts",9003 – Artistic creation,15
Warrington,"Music, performing and visual arts",9004 – Operation of arts facilities,0
Warrington,Publishing,5811 – Book publishing,5
Warrington,Publishing,5812 – Publishing of directories and mailing lists,0
Warrington,Publishing,5813 – Publishing of newspapers,0
Warrington,Publishing,5814 – Publishing of journals and periodicals,0
Warrington,Publishing,5819 – Other publishing activities,5
Warrington,Publishing,7430 – Translation and interpretation activities,5
West Lancashire,Advertising and marketing,7021 – Public relations and communication activities,5
West Lancashire,Advertising and marketing,7311 – Advertising agencies,20
West Lancashire,Advertising and marketing,7312 – Media representation,5
West Lancashire,Architecture,7111 – Architectural activities,20
West Lancashire,Crafts,3212 – Manufacture of jewellery and related articles,5
West Lancashire,Design and designer fashion,7410 – Specialised design activities,30
West Lancashire,"Film, TV, video, radio and photography","5911 – Motion picture, video and television programme production activities",20
West Lancashire,"Film, TV, video, radio and photography","5912 – Motion picture, video and television programme post-production activities",0
West Lancashire,"Film, TV, video, radio and photography","5913 – Motion picture, video and television programme distribution activities",0
West Lancashire,"Film, TV, video, radio and photography",5914 – Motion picture projection activities,0
West Lancashire,"Film, TV, video, radio and photography",6010 – Radio broadcasting,0
West Lancashire,"Film, TV, video, radio and photography",6020 – Television programming and broadcasting activities,0
West Lancashire,"Film, TV, video, radio and photography",7420 – Photographic activities,10
West Lancashire,"IT, software and computer services",5821 – Publishing of computer games,0
West Lancashire,"IT, software and computer services",5829 – Other software publishing,5
West Lancashire,"IT, software and computer services",6201 – Computer programming activities,25
West Lancashire,"IT, software and computer services",6202 – Computer consultancy activities,65
West Lancashire,"Music, performing and visual arts",5920 – Sound recording and music publishing activities,5
West Lancashire,"Music, performing and visual arts",8552 – Cultural education,5
West Lancashire,"Music, performing and visual arts",9001 – Performing arts,5
West Lancashire,"Music, performing and visual arts",9002 – Support activities to performing arts,5
West Lancashire,"Music, performing and visual arts",9003 – Artistic creation,5
West Lancashire,"Music, performing and visual arts",9004 – Operation of arts facilities,0
West Lancashire,Publishing,5811 – Book publishing,0
West Lancashire,Publishing,5812 – Publishing of directories and mailing lists,0
West Lancashire,Publishing,5813 – Publishing of newspapers,0
West Lancashire,Publishing,5814 – Publishing of journals and periodicals,0
West Lancashire,Publishing,5819 – Other publishing activities,5
West Lancashire,Publishing,7430 – Translation and interpretation activities,0
Westmorland and Furness,Advertising and marketing,7021 – Public relations and communication activities,15
Westmorland and Furness,Advertising and marketing,7311 – Advertising agencies,30
Westmorland and Furness,Advertising and marketing,7312 – Media representation,5
Westmorland and Furness,Architecture,7111 – Architectural activities,65
Westmorland and Furness,Crafts,3212 – Manufacture of jewellery and related articles,5
Westmorland and Furness,Design and designer fashion,7410 – Specialised design activities,55
Westmorland and Furness,"Film, TV, video, radio and photography","5911 – Motion picture, video and television programme production activities",25
Westmorland and Furness,"Film, TV, video, radio and photography","5912 – Motion picture, video and television programme post-production activities",5
Westmorland and Furness,"Film, TV, video, radio and photography","5913 – Motion picture, video and television programme distribution activities",0
Westmorland and Furness,"Film, TV, video, radio and photography",5914 – Motion picture projection activities,5
Westmorland and Furness,"Film, TV, video, radio and photography",6010 – Radio broadcasting,0
Westmorland and Furness,"Film, TV, video, radio and photography",6020 – Television programming and broadcasting activities,0
Westmorland and Furness,"Film, TV, video, radio and photography",7420 – Photographic activities,25
Westmorland and Furness,"IT, software and computer services",5821 – Publishing of computer games,0
Westmorland and Furness,"IT, software and computer services",5829 – Other software publishing,5
Westmorland and Furness,"IT, software and computer services",6201 – Computer programming activities,55
Westmorland and Furness,"IT, software and computer services",6202 – Computer consultancy activities,130
Westmorland and Furness,"Music, performing and visual arts",5920 – Sound recording and music publishing activities,0
Westmorland and Furness,"Music, performing and visual arts",8552 – Cultural education,5
Westmorland and Furness,"Music, performing and visual arts",9001 – Performing arts,20
Westmorland and Furness,"Music, performing and visual arts",9002 – Support activities to performing arts,5
Westmorland and Furness,"Music, performing and visual arts",9003 – Artistic creation,30
Westmorland and Furness,"Music, performing and visual arts",9004 – Operation of arts facilities,5
Westmorland and Furness,Publishing,5811 – Book publishing,10
Westmorland and Furness,Publishing,5812 – Publishing of directories and mailing lists,0
Westmorland and Furness,Publishing,5813 – Publishing of newspapers,0
Westmorland and Furness,Publishing,5814 – Publishing of journals and periodicals,5
Westmorland and Furness,Publishing,5819 – Other publishing activities,10
Westmorland and Furness,Publishing,7430 – Translation and interpretation activities,5
Wigan,Advertising and marketing,7021 – Public relations and communication activities,5
Wigan,Advertising and marketing,7311 – Advertising agencies,40
Wigan,Advertising and marketing,7312 – Media representation,5
Wigan,Architecture,7111 – Architectural activities,35
Wigan,Crafts,3212 – Manufacture of jewellery and related articles,5
Wigan,Design and designer fashion,7410 – Specialised design activities,65
Wigan,"Film, TV, video, radio and photography","5911 – Motion picture, video and television programme production activities",30
Wigan,"Film, TV, video, radio and photography","5912 – Motion picture, video and television programme post-production activities",5
Wigan,"Film, TV, video, radio and photography","5913 – Motion picture, video and television programme distribution activities",0
Wigan,"Film, TV, video, radio and photography",5914 – Motion picture projection activities,0
Wigan,"Film, TV, video, radio and photography",6010 – Radio broadcasting,0
Wigan,"Film, TV, video, radio and photography",6020 – Television programming and broadcasting activities,5
Wigan,"Film, TV, video, radio and photography",7420 – Photographic activities,15
Wigan,"IT, software and computer services",5821 – Publishing of computer games,0
Wigan,"IT, software and computer services",5829 – Other software publishing,5
Wigan,"IT, software and computer services",6201 – Computer programming activities,60
Wigan,"IT, software and computer services",6202 – Computer consultancy activities,145
Wigan,"Music, performing and visual arts",5920 – Sound recording and music publishing activities,5
Wigan,"Music, performing and visual arts",8552 – Cultural education,5
Wigan,"Music, performing and visual arts",9001 – Performing arts,30
Wigan,"Music, performing and visual arts",9002 – Support activities to performing arts,15
Wigan,"Music, performing and visual arts",9003 – Artistic creation,20
Wigan,"Music, performing and visual arts",9004 – Operation of arts facilities,5
Wigan,Publishing,5811 – Book publishing,0
Wigan,Publishing,5812 – Publishing of directories and mailing lists,0
Wigan,Publishing,5813 – Publishing of newspapers,0
Wigan,Publishing,5814 – Publishing of journals and periodicals,0
Wigan,Publishing,5819 – Other publishing activities,10
Wigan,Publishing,7430 – Translation and interpretation activities,0
Wirral,Advertising and marketing,7021 – Public relations and communication activities,10
Wirral,Advertising and marketing,7311 – Advertising agencies,40
Wirral,Advertising and marketing,7312 – Media representation,10
Wirral,Architecture,7111 – Architectural activities,40
Wirral,Crafts,3212 – Manufacture of jewellery and related articles,5
Wirral,Design and designer fashion,7410 – Specialised design activities,45
Wirral,"Film, TV, video, radio and photography","5911 – Motion picture, video and television programme production activities",45
Wirral,"Film, TV, video, radio and photography","5912 – Motion picture, video and television programme post-production activities",5
Wirral,"Film, TV, video, radio and photography","5913 – Motion picture, video and television programme distribution activities",0
Wirral,"Film, TV, video, radio and photography",5914 – Motion picture projection activities,0
Wirral,"Film, TV, video, radio and photography",6010 – Radio broadcasting,5
Wirral,"Film, TV, video, radio and photography",6020 – Television programming and broadcasting activities,0
Wirral,"Film, TV, video, radio and photography",7420 – Photographic activities,15
Wirral,"IT, software and computer services",5821 – Publishing of computer games,5
Wirral,"IT, software and computer services",5829 – Other software publishing,5
Wirral,"IT, software and computer services",6201 – Computer programming activities,75
Wirral,"IT, software and computer services",6202 – Computer consultancy activities,170
Wirral,"Music, performing and visual arts",5920 – Sound recording and music publishing activities,10
Wirral,"Music, performing and visual arts",8552 – Cultural education,10
Wirral,"Music, performing and visual arts",9001 – Performing arts,30
Wirral,"Music, performing and visual arts",9002 – Support activities to performing arts,10
Wirral,"Music, performing and visual arts",9003 – Artistic creation,30
Wirral,"Music, performing and visual arts",9004 – Operation of arts facilities,5
Wirral,Publishing,5811 – Book publishing,5
Wirral,Publishing,5812 – Publishing of directories and mailing lists,0
Wirral,Publishing,5813 – Publishing of newspapers,0
Wirral,Publishing,5814 – Publishing of journals and periodicals,5
Wirral,Publishing,5819 – Other publishing activities,10
Wirral,Publishing,7430 – Translation and interpretation activities,10
Wyre,Advertising and marketing,7021 – Public relations and communication activities,5
Wyre,Advertising and marketing,7311 – Advertising agencies,25
Wyre,Advertising and marketing,7312 – Media representation,5
Wyre,Architecture,7111 – Architectural activities,10
Wyre,Crafts,3212 – Manufacture of jewellery and related articles,0
Wyre,Design and designer fashion,7410 – Specialised design activities,25
Wyre,"Film, TV, video, radio and photography","5911 – Motion picture, video and television programme production activities",5
Wyre,"Film, TV, video, radio and photography","5912 – Motion picture, video and television programme post-production activities",0
Wyre,"Film, TV, video, radio and photography","5913 – Motion picture, video and television programme distribution activities",0
Wyre,"Film, TV, video, radio and photography",5914 – Motion picture projection activities,0
Wyre,"Film, TV, video, radio and photography",6010 – Radio broadcasting,0
Wyre,"Film, TV, video, radio and photography",6020 – Television programming and broadcasting activities,0
Wyre,"Film, TV, video, radio and photography",7420 – Photographic activities,10
Wyre,"IT, software and computer services",5821 – Publishing of computer games,0
Wyre,"IT, software and computer services",5829 – Other software publishing,0
Wyre,"IT, software and computer services",6201 – Computer programming activities,20
Wyre,"IT, software and computer services",6202 – Computer consultancy activities,60
Wyre,"Music, performing and visual arts",5920 – Sound recording and music publishing activities,5
Wyre,"Music, performing and visual arts",8552 – Cultural education,0
Wyre,"Music, performing and visual arts",9001 – Performing arts,15
Wyre,"Music, performing and visual arts",9002 – Support activities to performing arts,5
Wyre,"Music, performing and visual arts",9003 – Artistic creation,5
Wyre,"Music, performing and visual arts",9004 – Operation of arts facilities,0
Wyre,Publishing,5811 – Book publishing,0
Wyre,Publishing,5812 – Publishing of directories and mailing lists,0
Wyre,Publishing,5813 – Publishing of newspapers,0
Wyre,Publishing,5814 – Publishing of journals and periodicals,0
Wyre,Publishing,5819 – Other publishing activities,5
Wyre,Publishing,7430 – Translation and interpretation activities,0
Adur,Advertising and marketing,7021 – Public relations and communication activities,0
Adur,Advertising and marketing,7311 – Advertising agencies,15
Adur,Advertising and marketing,7312 – Media representation,5
Adur,Architecture,7111 – Architectural activities,15
Adur,Crafts,3212 – Manufacture of jewellery and related articles,0
Adur,Design and designer fashion,7410 – Specialised design activities,20
Adur,"Film, TV, video, radio and photography","5911 – Motion picture, video and television programme production activities",20
Adur,"Film, TV, video, radio and photography","5912 – Motion picture, video and television programme post-production activities",5
Adur,"Film, TV, video, radio and photography","5913 – Motion picture, video and television programme distribution activities",0
Adur,"Film, TV, video, radio and photography",5914 – Motion picture projection activities,0
Adur,"Film, TV, video, radio and photography",6010 – Radio broadcasting,0
Adur,"Film, TV, video, radio and photography",6020 – Television programming and broadcasting activities,0
Adur,"Film, TV, video, radio and photography",7420 – Photographic activities,5
Adur,"IT, software and computer services",5821 – Publishing of computer games,0
Adur,"IT, software and computer services",5829 – Other software publishing,0
Adur,"IT, software and computer services",6201 – Computer programming activities,30
Adur,"IT, software and computer services",6202 – Computer consultancy activities,70
Adur,"Music, performing and visual arts",5920 – Sound recording and music publishing activities,5
Adur,"Music, performing and visual arts",8552 – Cultural education,0
Adur,"Music, performing and visual arts",9001 – Performing arts,10
Adur,"Music, performing and visual arts",9002 – Support activities to performing arts,5
Adur,"Music, performing and visual arts",9003 – Artistic creation,15
Adur,"Music, performing and visual arts",9004 – Operation of arts facilities,0
Adur,Publishing,5811 – Book publishing,5
Adur,Publishing,5812 – Publishing of directories and mailing lists,0
Adur,Publishing,5813 – Publishing of newspapers,0
Adur,Publishing,5814 – Publishing of journals and periodicals,5
Adur,Publishing,5819 – Other publishing activities,5
Adur,Publishing,7430 – Translation and interpretation activities,0
Arun,Advertising and marketing,7021 – Public relations and communication activities,10
Arun,Advertising and marketing,7311 – Advertising agencies,25
Arun,Advertising and marketing,7312 – Media representation,10
Arun,Architecture,7111 – Architectural activities,30
Arun,Crafts,3212 – Manufacture of jewellery and related articles,5
Arun,Design and designer fashion,7410 – Specialised design activities,45
Arun,"Film, TV, video, radio and photography","5911 – Motion picture, video and television programme production activities",35
Arun,"Film, TV, video, radio and photography","5912 – Motion picture, video and television programme post-production activities",10
Arun,"Film, TV, video, radio and photography","5913 – Motion picture, video and television programme distribution activities",0
Arun,"Film, TV, video, radio and photography",5914 – Motion picture projection activities,0
Arun,"Film, TV, video, radio and photography",6010 – Radio broadcasting,0
Arun,"Film, TV, video, radio and photography",6020 – Television programming and broadcasting activities,5
Arun,"Film, TV, video, radio and photography",7420 – Photographic activities,10
Arun,"IT, software and computer services",5821 – Publishing of computer games,0
Arun,"IT, software and computer services",5829 – Other software publishing,5
Arun,"IT, software and computer services",6201 – Computer programming activities,50
Arun,"IT, software and computer services",6202 – Computer consultancy activities,115
Arun,"Music, performing and visual arts",5920 – Sound recording and music publishing activities,10
Arun,"Music, performing and visual arts",8552 – Cultural education,5
Arun,"Music, performing and visual arts",9001 – Performing arts,15
Arun,"Music, performing and visual arts",9002 – Support activities to performing arts,5
Arun,"Music, performing and visual arts",9003 – Artistic creation,20
Arun,"Music, performing and visual arts",9004 – Operation of arts facilities,5
Arun,Publishing,5811 – Book publishing,5
Arun,Publishing,5812 – Publishing of directories and mailing lists,0
Arun,Publishing,5813 – Publishing of newspapers,0
Arun,Publishing,5814 – Publishing of journals and periodicals,5
Arun,Publishing,5819 – Other publishing activities,5
Arun,Publishing,7430 – Translation and interpretation activities,0
Ashford,Advertising and marketing,7021 – Public relations and communication activities,15
Ashford,Advertising and marketing,7311 – Advertising agencies,35
Ashford,Advertising and marketing,7312 – Media representation,5
Ashford,Architecture,7111 – Architectural activities,45
Ashford,Crafts,3212 – Manufacture of jewellery and related articles,5
Ashford,Design and designer fashion,7410 – Specialised design activities,55
Ashford,"Film, TV, video, radio and photography","5911 – Motion picture, video and television programme production activities",40
Ashford,"Film, TV, video, radio and photography","5912 – Motion picture, video and television programme post-production activities",5
Ashford,"Film, TV, video, radio and photography","5913 – Motion picture, video and television programme distribution activities",0
Ashford,"Film, TV, video, radio and photography",5914 – Motion picture projection activities,0
Ashford,"Film, TV, video, radio and photography",6010 – Radio broadcasting,0
Ashford,"Film, TV, video, radio and photography",6020 – Television programming and broadcasting activities,5
Ashford,"Film, TV, video, radio and photography",7420 – Photographic activities,20
Ashford,"IT, software and computer services",5821 – Publishing of computer games,0
Ashford,"IT, software and computer services",5829 – Other software publishing,10
Ashford,"IT, software and computer services",6201 – Computer programming activities,70
Ashford,"IT, software and computer services",6202 – Computer consultancy activities,150
Ashford,"Music, performing and visual arts",5920 – Sound recording and music publishing activities,10
Ashford,"Music, performing and visual arts",8552 – Cultural education,5
Ashford,"Music, performing and visual arts",9001 – Performing arts,25
Ashford,"Music, performing and visual arts",9002 – Support activities to performing arts,15
Ashford,"Music, performing and visual arts",9003 – Artistic creation,35
Ashford,"Music, performing and visual arts",9004 – Operation of arts facilities,0
Ashford,Publishing,5811 – Book publishing,5
Ashford,Publishing,5812 – Publishing of directories and mailing lists,0
Ashford,Publishing,5813 – Publishing of newspapers,0
Ashford,Publishing,5814 – Publishing of journals and periodicals,5
Ashford,Publishing,5819 – Other publishing activities,10
Ashford,Publishing,7430 – Translation and interpretation activities,5
Basingstoke and Deane,Advertising and marketing,7021 – Public relations and communication activities,10
Basingstoke and Deane,Advertising and marketing,7311 – Advertising agencies,45
Basingstoke and Deane,Advertising and marketing,7312 – Media representation,5
Basingstoke and Deane,Architecture,7111 – Architectural activities,40
Basingstoke and Deane,Crafts,3212 – Manufacture of jewellery and related articles,5
Basingstoke and Deane,Design and designer fashion,7410 – Specialised design activities,75
Basingstoke and Deane,"Film, TV, video, radio and photography","5911 – Motion picture, video and television programme production activities",50
Basingstoke and Deane,"Film, TV, video, radio and photography","5912 – Motion picture, video and television programme post-production activities",5
Basingstoke and Deane,"Film, TV, video, radio and photography","5913 – Motion picture, video and television programme distribution activities",0
Basingstoke and Deane,"Film, TV, video, radio and photography",5914 – Motion picture projection activities,0
Basingstoke and Deane,"Film, TV, video, radio and photography",6010 – Radio broadcasting,0
Basingstoke and Deane,"Film, TV, video, radio and photography",6020 – Television programming and broadcasting activities,5
Basingstoke and Deane,"Film, TV, video, radio and photography",7420 – Photographic activities,20
Basingstoke and Deane,"IT, software and computer services",5821 – Publishing of computer games,0
Basingstoke and Deane,"IT, software and computer services",5829 – Other software publishing,10
Basingstoke and Deane,"IT, software and computer services",6201 – Computer programming activities,110
Basingstoke and Deane,"IT, software and computer services",6202 – Computer consultancy activities,405
Basingstoke and Deane,"Music, performing and visual arts",5920 – Sound recording and music publishing activities,10
Basingstoke and Deane,"Music, performing and visual arts",8552 – Cultural education,10
Basingstoke and Deane,"Music, performing and visual arts",9001 – Performing arts,20
Basingstoke and Deane,"Music, performing and visual arts",9002 – Support activities to performing arts,5
Basingstoke and Deane,"Music, performing and visual arts",9003 – Artistic creation,25
Basingstoke and Deane,"Music, performing and visual arts",9004 – Operation of arts facilities,0
Basingstoke and Deane,Publishing,5811 – Book publishing,5
Basingstoke and Deane,Publishing,5812 – Publishing of directories and mailing lists,0
Basingstoke and Deane,Publishing,5813 – Publishing of newspapers,0
Basingstoke and Deane,Publishing,5814 – Publishing of journals and periodicals,5
Basingstoke and Deane,Publishing,5819 – Other publishing activities,5
Basingstoke and Deane,Publishing,7430 – Translation and interpretation activities,5
Bracknell Forest,Advertising and marketing,7021 – Public relations and communication activities,10
Bracknell Forest,Advertising and marketing,7311 – Advertising agencies,30
Bracknell Forest,Advertising and marketing,7312 – Media representation,10
Bracknell Forest,Architecture,7111 – Architectural activities,20
Bracknell Forest,Crafts,3212 – Manufacture of jewellery and related articles,0
Bracknell Forest,Design and designer fashion,7410 – Specialised design activities,55
Bracknell Forest,"Film, TV, video, radio and photography","5911 – Motion picture, video and television programme production activities",60
Bracknell Forest,"Film, TV, video, radio and photography","5912 – Motion picture, video and television programme post-production activities",15
Bracknell Forest,"Film, TV, video, radio and photography","5913 – Motion picture, video and television programme distribution activities",0
Bracknell Forest,"Film, TV, video, radio and photography",5914 – Motion picture projection activities,0
Bracknell Forest,"Film, TV, video, radio and photography",6010 – Radio broadcasting,0
Bracknell Forest,"Film, TV, video, radio and photography",6020 – Television programming and broadcasting activities,5
Bracknell Forest,"Film, TV, video, radio and photography",7420 – Photographic activities,15
Bracknell Forest,"IT, software and computer services",5821 – Publishing of computer games,0
Bracknell Forest,"IT, software and computer services",5829 – Other software publishing,10
Bracknell Forest,"IT, software and computer services",6201 – Computer programming activities,80
Bracknell Forest,"IT, software and computer services",6202 – Computer consultancy activities,280
Bracknell Forest,"Music, performing and visual arts",5920 – Sound recording and music publishing activities,5
Bracknell Forest,"Music, performing and visual arts",8552 – Cultural education,5
Bracknell Forest,"Music, performing and visual arts",9001 – Performing arts,10
Bracknell Forest,"Music, performing and visual arts",9002 – Support activities to performing arts,10
Bracknell Forest,"Music, performing and visual arts",9003 – Artistic creation,15
Bracknell Forest,"Music, performing and visual arts",9004 – Operation of arts facilities,0
Bracknell Forest,Publishing,5811 – Book publishing,0
Bracknell Forest,Publishing,5812 – Publishing of directories and mailing lists,0
Bracknell Forest,Publishing,5813 – Publishing of newspapers,0
Bracknell Forest,Publishing,5814 – Publishing of journals and periodicals,0
Bracknell Forest,Publishing,5819 – Other publishing activities,5
Bracknell Forest,Publishing,7430 – Translation and interpretation activities,5
Brighton and Hove,Advertising and marketing,7021 – Public relations and communication activities,75
Brighton and Hove,Advertising and marketing,7311 – Advertising agencies,170
Brighton and Hove,Advertising and marketing,7312 – Media representation,45
Brighton and Hove,Architecture,7111 – Architectural activities,115
Brighton and Hove,Crafts,3212 – Manufacture of jewellery and related articles,15
Brighton and Hove,Design and designer fashion,7410 – Specialised design activities,265
Brighton and Hove,"Film, TV, video, radio and photography","5911 – Motion picture, video and television programme production activities",390
Brighton and Hove,"Film, TV, video, radio and photography","5912 – Motion picture, video and television programme post-production activities",50
Brighton and Hove,"Film, TV, video, radio and photography","5913 – Motion picture, video and television programme distribution activities",5
Brighton and Hove,"Film, TV, video, radio and photography",5914 – Motion picture projection activities,0
Brighton and Hove,"Film, TV, video, radio and photography",6010 – Radio broadcasting,10
Brighton and Hove,"Film, TV, video, radio and photography",6020 – Television programming and broadcasting activities,15
Brighton and Hove,"Film, TV, video, radio and photography",7420 – Photographic activities,100
Brighton and Hove,"IT, software and computer services",5821 – Publishing of computer games,5
Brighton and Hove,"IT, software and computer services",5829 – Other software publishing,25
Brighton and Hove,"IT, software and computer services",6201 – Computer programming activities,325
Brighton and Hove,"IT, software and computer services",6202 – Computer consultancy activities,485
Brighton and Hove,"Music, performing and visual arts",5920 – Sound recording and music publishing activities,75
Brighton and Hove,"Music, performing and visual arts",8552 – Cultural education,20
Brighton and Hove,"Music, performing and visual arts",9001 – Performing arts,150
Brighton and Hove,"Music, performing and visual arts",9002 – Support activities to performing arts,80
Brighton and Hove,"Music, performing and visual arts",9003 – Artistic creation,285
Brighton and Hove,"Music, performing and visual arts",9004 – Operation of arts facilities,10
Brighton and Hove,Publishing,5811 – Book publishing,25
Brighton and Hove,Publishing,5812 – Publishing of directories and mailing lists,0
Brighton and Hove,Publishing,5813 – Publishing of newspapers,0
Brighton and Hove,Publishing,5814 – Publishing of journals and periodicals,20
Brighton and Hove,Publishing,5819 – Other publishing activities,45
Brighton and Hove,Publishing,7430 – Translation and interpretation activities,20
Buckinghamshire,Advertising and marketing,7021 – Public relations and communication activities,85
Buckinghamshire,Advertising and marketing,7311 – Advertising agencies,225
Buckinghamshire,Advertising and marketing,7312 – Media representation,50
Buckinghamshire,Architecture,7111 – Architectural activities,195
Buckinghamshire,Crafts,3212 – Manufacture of jewellery and related articles,10
Buckinghamshire,Design and designer fashion,7410 – Specialised design activities,310
Buckinghamshire,"Film, TV, video, radio and photography","5911 – Motion picture, video and television programme production activities",565
Buckinghamshire,"Film, TV, video, radio and photography","5912 – Motion picture, video and television programme post-production activities",80
Buckinghamshire,"Film, TV, video, radio and photography","5913 – Motion picture, video and television programme distribution activities",15
Buckinghamshire,"Film, TV, video, radio and photography",5914 – Motion picture projection activities,5
Buckinghamshire,"Film, TV, video, radio and photography",6010 – Radio broadcasting,10
Buckinghamshire,"Film, TV, video, radio and photography",6020 – Television programming and broadcasting activities,30
Buckinghamshire,"Film, TV, video, radio and photography",7420 – Photographic activities,110
Buckinghamshire,"IT, software and computer services",5821 – Publishing of computer games,5
Buckinghamshire,"IT, software and computer services",5829 – Other software publishing,45
Buckinghamshire,"IT, software and computer services",6201 – Computer programming activities,395
Buckinghamshire,"IT, software and computer services",6202 – Computer consultancy activities,1420
Buckinghamshire,"Music, performing and visual arts",5920 – Sound recording and music publishing activities,60
Buckinghamshire,"Music, performing and visual arts",8552 – Cultural education,25
Buckinghamshire,"Music, performing and visual arts",9001 – Performing arts,145
Buckinghamshire,"Music, performing and visual arts",9002 – Support activities to performing arts,115
Buckinghamshire,"Music, performing and visual arts",9003 – Artistic creation,205
Buckinghamshire,"Music, performing and visual arts",9004 – Operation of arts facilities,5
Buckinghamshire,Publishing,5811 – Book publishing,25
Buckinghamshire,Publishing,5812 – Publishing of directories and mailing lists,5
Buckinghamshire,Publishing,5813 – Publishing of newspapers,0
Buckinghamshire,Publishing,5814 – Publishing of journals and periodicals,20
Buckinghamshire,Publishing,5819 – Other publishing activities,55
Buckinghamshire,Publishing,7430 – Translation and interpretation activities,10
Canterbury,Advertising and marketing,7021 – Public relations and communication activities,15
Canterbury,Advertising and marketing,7311 – Advertising agencies,40
Canterbury,Advertising and marketing,7312 – Media representation,5
Canterbury,Architecture,7111 – Architectural activities,50
Canterbury,Crafts,3212 – Manufacture of jewellery and related articles,10
Canterbury,Design and designer fashion,7410 – Specialised design activities,65
Canterbury,"Film, TV, video, radio and photography","5911 – Motion picture, video and television programme production activities",60
Canterbury,"Film, TV, video, radio and photography","5912 – Motion picture, video and television programme post-production activities",5
Canterbury,"Film, TV, video, radio and photography","5913 – Motion picture, video and television programme distribution activities",0
Canterbury,"Film, TV, video, radio and photography",5914 – Motion picture projection activities,0
Canterbury,"Film, TV, video, radio and photography",6010 – Radio broadcasting,0
Canterbury,"Film, TV, video, radio and photography",6020 – Television programming and broadcasting activities,5
Canterbury,"Film, TV, video, radio and photography",7420 – Photographic activities,30
Canterbury,"IT, software and computer services",5821 – Publishing of computer games,0
Canterbury,"IT, software and computer services",5829 – Other software publishing,0
Canterbury,"IT, software and computer services",6201 – Computer programming activities,65
Canterbury,"IT, software and computer services",6202 – Computer consultancy activities,135
Canterbury,"Music, performing and visual arts",5920 – Sound recording and music publishing activities,5
Canterbury,"Music, performing and visual arts",8552 – Cultural education,5
Canterbury,"Music, performing and visual arts",9001 – Performing arts,20
Canterbury,"Music, performing and visual arts",9002 – Support activities to performing arts,5
Canterbury,"Music, performing and visual arts",9003 – Artistic creation,30
Canterbury,"Music, performing and visual arts",9004 – Operation of arts facilities,0
Canterbury,Publishing,5811 – Book publishing,5
Canterbury,Publishing,5812 – Publishing of directories and mailing lists,0
Canterbury,Publishing,5813 – Publishing of newspapers,0
Canterbury,Publishing,5814 – Publishing of journals and periodicals,5
Canterbury,Publishing,5819 – Other publishing activities,10
Canterbury,Publishing,7430 – Translation and interpretation activities,10
Cherwell,Advertising and marketing,7021 – Public relations and communication activities,30
Cherwell,Advertising and marketing,7311 – Advertising agencies,45
Cherwell,Advertising and marketing,7312 – Media representation,5
Cherwell,Architecture,7111 – Architectural activities,35
Cherwell,Crafts,3212 – Manufacture of jewellery and related articles,0
Cherwell,Design and designer fashion,7410 – Specialised design activities,55
Cherwell,"Film, TV, video, radio and photography","5911 – Motion picture, video and television programme production activities",50
Cherwell,"Film, TV, video, radio and photography","5912 – Motion picture, video and television programme post-production activities",10
Cherwell,"Film, TV, video, radio and photography","5913 – Motion picture, video and television programme distribution activities",0
Cherwell,"Film, TV, video, radio and photography",5914 – Motion picture projection activities,0
Cherwell,"Film, TV, video, radio and photography",6010 – Radio broadcasting,0
Cherwell,"Film, TV, video, radio and photography",6020 – Television programming and broadcasting activities,0
Cherwell,"Film, TV, video, radio and photography",7420 – Photographic activities,20
Cherwell,"IT, software and computer services",5821 – Publishing of computer games,0
Cherwell,"IT, software and computer services",5829 – Other software publishing,15
Cherwell,"IT, software and computer services",6201 – Computer programming activities,80
Cherwell,"IT, software and computer services",6202 – Computer consultancy activities,225
Cherwell,"Music, performing and visual arts",5920 – Sound recording and music publishing activities,10
Cherwell,"Music, performing and visual arts",8552 – Cultural education,5
Cherwell,"Music, performing and visual arts",9001 – Performing arts,15
Cherwell,"Music, performing and visual arts",9002 – Support activities to performing arts,10
Cherwell,"Music, performing and visual arts",9003 – Artistic creation,30
Cherwell,"Music, performing and visual arts",9004 – Operation of arts facilities,5
Cherwell,Publishing,5811 – Book publishing,10
Cherwell,Publishing,5812 – Publishing of directories and mailing lists,0
Cherwell,Publishing,5813 – Publishing of newspapers,0
Cherwell,Publishing,5814 – Publishing of journals and periodicals,10
Cherwell,Publishing,5819 – Other publishing activities,10
Cherwell,Publishing,7430 – Translation and interpretation activities,5
Chichester,Advertising and marketing,7021 – Public relations and communication activities,25
Chichester,Advertising and marketing,7311 – Advertising agencies,50
Chichester,Advertising and marketing,7312 – Media representation,10
Chichester,Architecture,7111 – Architectural activities,70
Chichester,Crafts,3212 – Manufacture of jewellery and related articles,5
Chichester,Design and designer fashion,7410 – Specialised design activities,105
Chichester,"Film, TV, video, radio and photography","5911 – Motion picture, video and television programme production activities",60
Chichester,"Film, TV, video, radio and photography","5912 – Motion picture, video and television programme post-production activities",5
Chichester,"Film, TV, video, radio and photography","5913 – Motion picture, video and television programme distribution activities",0
Chichester,"Film, TV, video, radio and photography",5914 – Motion picture projection activities,0
Chichester,"Film, TV, video, radio and photography",6010 – Radio broadcasting,0
Chichester,"Film, TV, video, radio and photography",6020 – Television programming and broadcasting activities,0
Chichester,"Film, TV, video, radio and photography",7420 – Photographic activities,30
Chichester,"IT, software and computer services",5821 – Publishing of computer games,0
Chichester,"IT, software and computer services",5829 – Other software publishing,10
Chichester,"IT, software and computer services",6201 – Computer programming activities,50
Chichester,"IT, software and computer services",6202 – Computer consultancy activities,150
Chichester,"Music, performing and visual arts",5920 – Sound recording and music publishing activities,20
Chichester,"Music, performing and visual arts",8552 – Cultural education,5
Chichester,"Music, performing and visual arts",9001 – Performing arts,25
Chichester,"Music, performing and visual arts",9002 – Support activities to performing arts,15
Chichester,"Music, performing and visual arts",9003 – Artistic creation,60
Chichester,"Music, performing and visual arts",9004 – Operation of arts facilities,5
Chichester,Publishing,5811 – Book publishing,5
Chichester,Publishing,5812 – Publishing of directories and mailing lists,0
Chichester,Publishing,5813 – Publishing of newspapers,0
Chichester,Publishing,5814 – Publishing of journals and periodicals,5
Chichester,Publishing,5819 – Other publishing activities,10
Chichester,Publishing,7430 – Translation and interpretation activities,5
Crawley,Advertising and marketing,7021 – Public relations and communication activities,5
Crawley,Advertising and marketing,7311 – Advertising agencies,10
Crawley,Advertising and marketing,7312 – Media representation,5
Crawley,Architecture,7111 – Architectural activities,10
Crawley,Crafts,3212 – Manufacture of jewellery and related articles,0
Crawley,Design and designer fashion,7410 – Specialised design activities,15
Crawley,"Film, TV, video, radio and photography","5911 – Motion picture, video and television programme production activities",10
Crawley,"Film, TV, video, radio and photography","5912 – Motion picture, video and television programme post-production activities",0
Crawley,"Film, TV, video, radio and photography","5913 – Motion picture, video and television programme distribution activities",5
Crawley,"Film, TV, video, radio and photography",5914 – Motion picture projection activities,0
Crawley,"Film, TV, video, radio and photography",6010 – Radio broadcasting,0
Crawley,"Film, TV, video, radio and photography",6020 – Television programming and broadcasting activities,0
Crawley,"Film, TV, video, radio and photography",7420 – Photographic activities,10
Crawley,"IT, software and computer services",5821 – Publishing of computer games,0
Crawley,"IT, software and computer services",5829 – Other software publishing,5
Crawley,"IT, software and computer services",6201 – Computer programming activities,40
Crawley,"IT, software and computer services",6202 – Computer consultancy activities,135
Crawley,"Music, performing and visual arts",5920 – Sound recording and music publishing activities,5
Crawley,"Music, performing and visual arts",8552 – Cultural education,0
Crawley,"Music, performing and visual arts",9001 – Performing arts,10
Crawley,"Music, performing and visual arts",9002 – Support activities to performing arts,10
Crawley,"Music, performing and visual arts",9003 – Artistic creation,5
Crawley,"Music, performing and visual arts",9004 – Operation of arts facilities,0
Crawley,Publishing,5811 – Book publishing,0
Crawley,Publishing,5812 – Publishing of directories and mailing lists,0
Crawley,Publishing,5813 – Publishing of newspapers,0
Crawley,Publishing,5814 – Publishing of journals and periodicals,5
Crawley,Publishing,5819 – Other publishing activities,0
Crawley,Publishing,7430 – Translation and interpretation activities,0
Dartford,Advertising and marketing,7021 – Public relations and communication activities,10
Dartford,Advertising and marketing,7311 – Advertising agencies,20
Dartford,Advertising and marketing,7312 – Media representation,10
Dartford,Architecture,7111 – Architectural activities,20
Dartford,Crafts,3212 – Manufacture of jewellery and related articles,5
Dartford,Design and designer fashion,7410 – Specialised design activities,25
Dartford,"Film, TV, video, radio and photography","5911 – Motion picture, video and television programme production activities",30
Dartford,"Film, TV, video, radio and photography","5912 – Motion picture, video and television programme post-production activities",5
Dartford,"Film, TV, video, radio and photography","5913 – Motion picture, video and television programme distribution activities",0
Dartford,"Film, TV, video, radio and photography",5914 – Motion picture projection activities,0
Dartford,"Film, TV, video, radio and photography",6010 – Radio broadcasting,0
Dartford,"Film, TV, video, radio and photography",6020 – Television programming and broadcasting activities,5
Dartford,"Film, TV, video, radio and photography",7420 – Photographic activities,5
Dartford,"IT, software and computer services",5821 – Publishing of computer games,0
Dartford,"IT, software and computer services",5829 – Other software publishing,5
Dartford,"IT, software and computer services",6201 – Computer programming activities,50
Dartford,"IT, software and computer services",6202 – Computer consultancy activities,245
Dartford,"Music, performing and visual arts",5920 – Sound recording and music publishing activities,5
Dartford,"Music, performing and visual arts",8552 – Cultural education,0
Dartford,"Music, performing and visual arts",9001 – Performing arts,20
Dartford,"Music, performing and visual arts",9002 – Support activities to performing arts,5
Dartford,"Music, performing and visual arts",9003 – Artistic creation,5
Dartford,"Music, performing and visual arts",9004 – Operation of arts facilities,0
Dartford,Publishing,5811 – Book publishing,0
Dartford,Publishing,5812 – Publishing of directories and mailing lists,0
Dartford,Publishing,5813 – Publishing of newspapers,0
Dartford,Publishing,5814 – Publishing of journals and periodicals,5
Dartford,Publishing,5819 – Other publishing activities,5
Dartford,Publishing,7430 – Translation and interpretation activities,0
Dover,Advertising and marketing,7021 – Public relations and communication activities,5
Dover,Advertising and marketing,7311 – Advertising agencies,15
Dover,Advertising and marketing,7312 – Media representation,10
Dover,Architecture,7111 – Architectural activities,20
Dover,Crafts,3212 – Manufacture of jewellery and related articles,0
Dover,Design and designer fashion,7410 – Specialised design activities,25
Dover,"Film, TV, video, radio and photography","5911 – Motion picture, video and television programme production activities",20
Dover,"Film, TV, video, radio and photography","5912 – Motion picture, video and television programme post-production activities",5
Dover,"Film, TV, video, radio and photography","5913 – Motion picture, video and television programme distribution activities",5
Dover,"Film, TV, video, radio and photography",5914 – Motion picture projection activities,0
Dover,"Film, TV, video, radio and photography",6010 – Radio broadcasting,0
Dover,"Film, TV, video, radio and photography",6020 – Television programming and broadcasting activities,0
Dover,"Film, TV, video, radio and photography",7420 – Photographic activities,5
Dover,"IT, software and computer services",5821 – Publishing of computer games,0
Dover,"IT, software and computer services",5829 – Other software publishing,0
Dover,"IT, software and computer services",6201 – Computer programming activities,20
Dover,"IT, software and computer services",6202 – Computer consultancy activities,60
Dover,"Music, performing and visual arts",5920 – Sound recording and music publishing activities,5
Dover,"Music, performing and visual arts",8552 – Cultural education,5
Dover,"Music, performing and visual arts",9001 – Performing arts,5
Dover,"Music, performing and visual arts",9002 – Support activities to performing arts,5
Dover,"Music, performing and visual arts",9003 – Artistic creation,25
Dover,"Music, performing and visual arts",9004 – Operation of arts facilities,0
Dover,Publishing,5811 – Book publishing,5
Dover,Publishing,5812 – Publishing of directories and mailing lists,0
Dover,Publishing,5813 – Publishing of newspapers,0
Dover,Publishing,5814 – Publishing of journals and periodicals,5
Dover,Publishing,5819 – Other publishing activities,5
Dover,Publishing,7430 – Translation and interpretation activities,0
East Hampshire,Advertising and marketing,7021 – Public relations and communication activities,25
East Hampshire,Advertising and marketing,7311 – Advertising agencies,55
East Hampshire,Advertising and marketing,7312 – Media representation,5
East Hampshire,Architecture,7111 – Architectural activities,65
East Hampshire,Crafts,3212 – Manufacture of jewellery and related articles,5
East Hampshire,Design and designer fashion,7410 – Specialised design activities,75
East Hampshire,"Film, TV, video, radio and photography","5911 – Motion picture, video and television programme production activities",65
East Hampshire,"Film, TV, video, radio and photography","5912 – Motion picture, video and television programme post-production activities",10
East Hampshire,"Film, TV, video, radio and photography","5913 – Motion picture, video and television programme distribution activities",5
East Hampshire,"Film, TV, video, radio and photography",5914 – Motion picture projection activities,5
East Hampshire,"Film, TV, video, radio and photography",6010 – Radio broadcasting,0
East Hampshire,"Film, TV, video, radio and photography",6020 – Television programming and broadcasting activities,0
East Hampshire,"Film, TV, video, radio and photography",7420 – Photographic activities,20
East Hampshire,"IT, software and computer services",5821 – Publishing of computer games,0
East Hampshire,"IT, software and computer services",5829 – Other software publishing,5
East Hampshire,"IT, software and computer services",6201 – Computer programming activities,70
East Hampshire,"IT, software and computer services",6202 – Computer consultancy activities,230
East Hampshire,"Music, performing and visual arts",5920 – Sound recording and music publishing activities,10
East Hampshire,"Music, performing and visual arts",8552 – Cultural education,5
East Hampshire,"Music, performing and visual arts",9001 – Performing arts,15
East Hampshire,"Music, performing and visual arts",9002 – Support activities to performing arts,20
East Hampshire,"Music, performing and visual arts",9003 – Artistic creation,45
East Hampshire,"Music, performing and visual arts",9004 – Operation of arts facilities,0
East Hampshire,Publishing,5811 – Book publishing,5
East Hampshire,Publishing,5812 – Publishing of directories and mailing lists,0
East Hampshire,Publishing,5813 – Publishing of newspapers,0
East Hampshire,Publishing,5814 – Publishing of journals and periodicals,5
East Hampshire,Publishing,5819 – Other publishing activities,10
East Hampshire,Publishing,7430 – Translation and interpretation activities,0
Eastbourne,Advertising and marketing,7021 – Public relations and communication activities,10
Eastbourne,Advertising and marketing,7311 – Advertising agencies,15
Eastbourne,Advertising and marketing,7312 – Media representation,5
Eastbourne,Architecture,7111 – Architectural activities,25
Eastbourne,Crafts,3212 – Manufacture of jewellery and related articles,5
Eastbourne,Design and designer fashion,7410 – Specialised design activities,35
Eastbourne,"Film, TV, video, radio and photography","5911 – Motion picture, video and television programme production activities",20
Eastbourne,"Film, TV, video, radio and photography","5912 – Motion picture, video and television programme post-production activities",0
Eastbourne,"Film, TV, video, radio and photography","5913 – Motion picture, video and television programme distribution activities",0
Eastbourne,"Film, TV, video, radio and photography",5914 – Motion picture projection activities,0
Eastbourne,"Film, TV, video, radio and photography",6010 – Radio broadcasting,0
Eastbourne,"Film, TV, video, radio and photography",6020 – Television programming and broadcasting activities,0
Eastbourne,"Film, TV, video, radio and photography",7420 – Photographic activities,10
Eastbourne,"IT, software and computer services",5821 – Publishing of computer games,0
Eastbourne,"IT, software and computer services",5829 – Other software publishing,0
Eastbourne,"IT, software and computer services",6201 – Computer programming activities,30
Eastbourne,"IT, software and computer services",6202 – Computer consultancy activities,55
Eastbourne,"Music, performing and visual arts",5920 – Sound recording and music publishing activities,5
Eastbourne,"Music, performing and visual arts",8552 – Cultural education,5
Eastbourne,"Music, performing and visual arts",9001 – Performing arts,15
Eastbourne,"Music, performing and visual arts",9002 – Support activities to performing arts,5
Eastbourne,"Music, performing and visual arts",9003 – Artistic creation,30
Eastbourne,"Music, performing and visual arts",9004 – Operation of arts facilities,0
Eastbourne,Publishing,5811 – Book publishing,5
Eastbourne,Publishing,5812 – Publishing of directories and mailing lists,0
Eastbourne,Publishing,5813 – Publishing of newspapers,0
Eastbourne,Publishing,5814 – Publishing of journals and periodicals,5
Eastbourne,Publishing,5819 – Other publishing activities,5
Eastbourne,Publishing,7430 – Translation and interpretation activities,0
Eastleigh,Advertising and marketing,7021 – Public relations and communication activities,5
Eastleigh,Advertising and marketing,7311 – Advertising agencies,30
Eastleigh,Advertising and marketing,7312 – Media representation,5
Eastleigh,Architecture,7111 – Architectural activities,45
Eastleigh,Crafts,3212 – Manufacture of jewellery and related articles,5
Eastleigh,Design and designer fashion,7410 – Specialised design activities,45
Eastleigh,"Film, TV, video, radio and photography","5911 – Motion picture, video and television programme production activities",25
Eastleigh,"Film, TV, video, radio and photography","5912 – Motion picture, video and television programme post-production activities",5
Eastleigh,"Film, TV, video, radio and photography","5913 – Motion picture, video and television programme distribution activities",5
Eastleigh,"Film, TV, video, radio and photography",5914 – Motion picture projection activities,0
Eastleigh,"Film, TV, video, radio and photography",6010 – Radio broadcasting,0
Eastleigh,"Film, TV, video, radio and photography",6020 – Television programming and broadcasting activities,5
Eastleigh,"Film, TV, video, radio and photography",7420 – Photographic activities,10
Eastleigh,"IT, software and computer services",5821 – Publishing of computer games,0
Eastleigh,"IT, software and computer services",5829 – Other software publishing,10
Eastleigh,"IT, software and computer services",6201 – Computer programming activities,60
Eastleigh,"IT, software and computer services",6202 – Computer consultancy activities,165
Eastleigh,"Music, performing and visual arts",5920 – Sound recording and music publishing activities,0
Eastleigh,"Music, performing and visual arts",8552 – Cultural education,5
Eastleigh,"Music, performing and visual arts",9001 – Performing arts,10
Eastleigh,"Music, performing and visual arts",9002 – Support activities to performing arts,5
Eastleigh,"Music, performing and visual arts",9003 – Artistic creation,10
Eastleigh,"Music, performing and visual arts",9004 – Operation of arts facilities,0
Eastleigh,Publishing,5811 – Book publishing,0
Eastleigh,Publishing,5812 – Publishing of directories and mailing lists,0
Eastleigh,Publishing,5813 – Publishing of newspapers,0
Eastleigh,Publishing,5814 – Publishing of journals and periodicals,5
Eastleigh,Publishing,5819 – Other publishing activities,5
Eastleigh,Publishing,7430 – Translation and interpretation activities,5
Elmbridge,Advertising and marketing,7021 – Public relations and communication activities,45
Elmbridge,Advertising and marketing,7311 – Advertising agencies,105
Elmbridge,Advertising and marketing,7312 – Media representation,30
Elmbridge,Architecture,7111 – Architectural activities,70
Elmbridge,Crafts,3212 – Manufacture of jewellery and related articles,5
Elmbridge,Design and designer fashion,7410 – Specialised design activities,160
Elmbridge,"Film, TV, video, radio and photography","5911 – Motion picture, video and television programme production activities",195
Elmbridge,"Film, TV, video, radio and photography","5912 – Motion picture, video and television programme post-production activities",35
Elmbridge,"Film, TV, video, radio and photography","5913 – Motion picture, video and television programme distribution activities",10
Elmbridge,"Film, TV, video, radio and photography",5914 – Motion picture projection activities,0
Elmbridge,"Film, TV, video, radio and photography",6010 – Radio broadcasting,10
Elmbridge,"Film, TV, video, radio and photography",6020 – Television programming and broadcasting activities,15
Elmbridge,"Film, TV, video, radio and photography",7420 – Photographic activities,35
Elmbridge,"IT, software and computer services",5821 – Publishing of computer games,5
Elmbridge,"IT, software and computer services",5829 – Other software publishing,10
Elmbridge,"IT, software and computer services",6201 – Computer programming activities,115
Elmbridge,"IT, software and computer services",6202 – Computer consultancy activities,365
Elmbridge,"Music, performing and visual arts",5920 – Sound recording and music publishing activities,25
Elmbridge,"Music, performing and visual arts",8552 – Cultural education,5
Elmbridge,"Music, performing and visual arts",9001 – Performing arts,50
Elmbridge,"Music, performing and visual arts",9002 – Support activities to performing arts,25
Elmbridge,"Music, performing and visual arts",9003 – Artistic creation,85
Elmbridge,"Music, performing and visual arts",9004 – Operation of arts facilities,0
Elmbridge,Publishing,5811 – Book publishing,5
Elmbridge,Publishing,5812 – Publishing of directories and mailing lists,0
Elmbridge,Publishing,5813 – Publishing of newspapers,0
Elmbridge,Publishing,5814 – Publishing of journals and periodicals,5
Elmbridge,Publishing,5819 – Other publishing activities,20
Elmbridge,Publishing,7430 – Translation and interpretation activities,5
Epsom and Ewell,Advertising and marketing,7021 – Public relations and communication activities,15
Epsom and Ewell,Advertising and marketing,7311 – Advertising agencies,30
Epsom and Ewell,Advertising and marketing,7312 – Media representation,10
Epsom and Ewell,Architecture,7111 – Architectural activities,20
Epsom and Ewell,Crafts,3212 – Manufacture of jewellery and related articles,0
Epsom and Ewell,Design and designer fashion,7410 – Specialised design activities,45
Epsom and Ewell,"Film, TV, video, radio and photography","5911 – Motion picture, video and television programme production activities",45
Epsom and Ewell,"Film, TV, video, radio and photography","5912 – Motion picture, video and television programme post-production activities",10
Epsom and Ewell,"Film, TV, video, radio and photography","5913 – Motion picture, video and television programme distribution activities",0
Epsom and Ewell,"Film, TV, video, radio and photography",5914 – Motion picture projection activities,0
Epsom and Ewell,"Film, TV, video, radio and photography",6010 – Radio broadcasting,0
Epsom and Ewell,"Film, TV, video, radio and photography",6020 – Television programming and broadcasting activities,5
Epsom and Ewell,"Film, TV, video, radio and photography",7420 – Photographic activities,15
Epsom and Ewell,"IT, software and computer services",5821 – Publishing of computer games,0
Epsom and Ewell,"IT, software and computer services",5829 – Other software publishing,0
Epsom and Ewell,"IT, software and computer services",6201 – Computer programming activities,65
Epsom and Ewell,"IT, software and computer services",6202 – Computer consultancy activities,195
Epsom and Ewell,"Music, performing and visual arts",5920 – Sound recording and music publishing activities,10
Epsom and Ewell,"Music, performing and visual arts",8552 – Cultural education,5
Epsom and Ewell,"Music, performing and visual arts",9001 – Performing arts,20
Epsom and Ewell,"Music, performing and visual arts",9002 – Support activities to performing arts,5
Epsom and Ewell,"Music, performing and visual arts",9003 – Artistic creation,15
Epsom and Ewell,"Music, performing and visual arts",9004 – Operation of arts facilities,0
Epsom and Ewell,Publishing,5811 – Book publishing,5
Epsom and Ewell,Publishing,5812 – Publishing of directories and mailing lists,0
Epsom and Ewell,Publishing,5813 – Publishing of newspapers,0
Epsom and Ewell,Publishing,5814 – Publishing of journals and periodicals,5
Epsom and Ewell,Publishing,5819 – Other publishing activities,15
Epsom and Ewell,Publishing,7430 – Translation and interpretation activities,0
Fareham,Advertising and marketing,7021 – Public relations and communication activities,5
Fareham,Advertising and marketing,7311 – Advertising agencies,20
Fareham,Advertising and marketing,7312 – Media representation,5
Fareham,Architecture,7111 – Architectural activities,25
Fareham,Crafts,3212 – Manufacture of jewellery and related articles,0
Fareham,Design and designer fashion,7410 – Specialised design activities,25
Fareham,"Film, TV, video, radio and photography","5911 – Motion picture, video and television programme production activities",15
Fareham,"Film, TV, video, radio and photography","5912 – Motion picture, video and television programme post-production activities",0
Fareham,"Film, TV, video, radio and photography","5913 – Motion picture, video and television programme distribution activities",0
Fareham,"Film, TV, video, radio and photography",5914 – Motion picture projection activities,0
Fareham,"Film, TV, video, radio and photography",6010 – Radio broadcasting,0
Fareham,"Film, TV, video, radio and photography",6020 – Television programming and broadcasting activities,0
Fareham,"Film, TV, video, radio and photography",7420 – Photographic activities,10
Fareham,"IT, software and computer services",5821 – Publishing of computer games,0
Fareham,"IT, software and computer services",5829 – Other software publishing,0
Fareham,"IT, software and computer services",6201 – Computer programming activities,55
Fareham,"IT, software and computer services",6202 – Computer consultancy activities,135
Fareham,"Music, performing and visual arts",5920 – Sound recording and music publishing activities,5
Fareham,"Music, performing and visual arts",8552 – Cultural education,5
Fareham,"Music, performing and visual arts",9001 – Performing arts,10
Fareham,"Music, performing and visual arts",9002 – Support activities to performing arts,10
Fareham,"Music, performing and visual arts",9003 – Artistic creation,10
Fareham,"Music, performing and visual arts",9004 – Operation of arts facilities,0
Fareham,Publishing,5811 – Book publishing,5
Fareham,Publishing,5812 – Publishing of directories and mailing lists,0
Fareham,Publishing,5813 – Publishing of newspapers,0
Fareham,Publishing,5814 – Publishing of journals and periodicals,5
Fareham,Publishing,5819 – Other publishing activities,5
Fareham,Publishing,7430 – Translation and interpretation activities,5
Folkestone and Hythe,Advertising and marketing,7021 – Public relations and communication activities,5
Folkestone and Hythe,Advertising and marketing,7311 – Advertising agencies,25
Folkestone and Hythe,Advertising and marketing,7312 – Media representation,5
Folkestone and Hythe,Architecture,7111 – Architectural activities,30
Folkestone and Hythe,Crafts,3212 – Manufacture of jewellery and related articles,0
Folkestone and Hythe,Design and designer fashion,7410 – Specialised design activities,40
Folkestone and Hythe,"Film, TV, video, radio and photography","5911 – Motion picture, video and television programme production activities",30
Folkestone and Hythe,"Film, TV, video, radio and photography","5912 – Motion picture, video and television programme post-production activities",10
Folkestone and Hythe,"Film, TV, video, radio and photography","5913 – Motion picture, video and television programme distribution activities",0
Folkestone and Hythe,"Film, TV, video, radio and photography",5914 – Motion picture projection activities,0
Folkestone and Hythe,"Film, TV, video, radio and photography",6010 – Radio broadcasting,0
Folkestone and Hythe,"Film, TV, video, radio and photography",6020 – Television programming and broadcasting activities,5
Folkestone and Hythe,"Film, TV, video, radio and photography",7420 – Photographic activities,10
Folkestone and Hythe,"IT, software and computer services",5821 – Publishing of computer games,0
Folkestone and Hythe,"IT, software and computer services",5829 – Other software publishing,5
Folkestone and Hythe,"IT, software and computer services",6201 – Computer programming activities,25
Folkestone and Hythe,"IT, software and computer services",6202 – Computer consultancy activities,70
Folkestone and Hythe,"Music, performing and visual arts",5920 – Sound recording and music publishing activities,5
Folkestone and Hythe,"Music, performing and visual arts",8552 – Cultural education,5
Folkestone and Hythe,"Music, performing and visual arts",9001 – Performing arts,15
Folkestone and Hythe,"Music, performing and visual arts",9002 – Support activities to performing arts,5
Folkestone and Hythe,"Music, performing and visual arts",9003 – Artistic creation,40
Folkestone and Hythe,"Music, performing and visual arts",9004 – Operation of arts facilities,0
Folkestone and Hythe,Publishing,5811 – Book publishing,5
Folkestone and Hythe,Publishing,5812 – Publishing of directories and mailing lists,0
Folkestone and Hythe,Publishing,5813 – Publishing of newspapers,0
Folkestone and Hythe,Publishing,5814 – Publishing of journals and periodicals,5
Folkestone and Hythe,Publishing,5819 – Other publishing activities,5
Folkestone and Hythe,Publishing,7430 – Translation and interpretation activities,0
Gosport,Advertising and marketing,7021 – Public relations and communication activities,5
Gosport,Advertising and marketing,7311 – Advertising agencies,10
Gosport,Advertising and marketing,7312 – Media representation,0
Gosport,Architecture,7111 – Architectural activities,10
Gosport,Crafts,3212 – Manufacture of jewellery and related articles,0
Gosport,Design and designer fashion,7410 – Specialised design activities,10
Gosport,"Film, TV, video, radio and photography","5911 – Motion picture, video and television programme production activities",5
Gosport,"Film, TV, video, radio and photography","5912 – Motion picture, video and television programme post-production activities",0
Gosport,"Film, TV, video, radio and photography","5913 – Motion picture, video and television programme distribution activities",0
Gosport,"Film, TV, video, radio and photography",5914 – Motion picture projection activities,0
Gosport,"Film, TV, video, radio and photography",6010 – Radio broadcasting,0
Gosport,"Film, TV, video, radio and photography",6020 – Television programming and broadcasting activities,0
Gosport,"Film, TV, video, radio and photography",7420 – Photographic activities,5
Gosport,"IT, software and computer services",5821 – Publishing of computer games,0
Gosport,"IT, software and computer services",5829 – Other software publishing,0
Gosport,"IT, software and computer services",6201 – Computer programming activities,10
Gosport,"IT, software and computer services",6202 – Computer consultancy activities,35
Gosport,"Music, performing and visual arts",5920 – Sound recording and music publishing activities,0
Gosport,"Music, performing and visual arts",8552 – Cultural education,0
Gosport,"Music, performing and visual arts",9001 – Performing arts,5
Gosport,"Music, performing and visual arts",9002 – Support activities to performing arts,0
Gosport,"Music, performing and visual arts",9003 – Artistic creation,5
Gosport,"Music, performing and visual arts",9004 – Operation of arts facilities,0
Gosport,Publishing,5811 – Book publishing,0
Gosport,Publishing,5812 – Publishing of directories and mailing lists,0
Gosport,Publishing,5813 – Publishing of newspapers,0
Gosport,Publishing,5814 – Publishing of journals and periodicals,0
Gosport,Publishing,5819 – Other publishing activities,0
Gosport,Publishing,7430 – Translation and interpretation activities,0
Gravesham,Advertising and marketing,7021 – Public relations and communication activities,0
Gravesham,Advertising and marketing,7311 – Advertising agencies,15
Gravesham,Advertising and marketing,7312 – Media representation,5
Gravesham,Architecture,7111 – Architectural activities,15
Gravesham,Crafts,3212 – Manufacture of jewellery and related articles,5
Gravesham,Design and designer fashion,7410 – Specialised design activities,25
Gravesham,"Film, TV, video, radio and photography","5911 – Motion picture, video and television programme production activities",15
Gravesham,"Film, TV, video, radio and photography","5912 – Motion picture, video and television programme post-production activities",0
Gravesham,"Film, TV, video, radio and photography","5913 – Motion picture, video and television programme distribution activities",0
Gravesham,"Film, TV, video, radio and photography",5914 – Motion picture projection activities,0
Gravesham,"Film, TV, video, radio and photography",6010 – Radio broadcasting,0
Gravesham,"Film, TV, video, radio and photography",6020 – Television programming and broadcasting activities,0
Gravesham,"Film, TV, video, radio and photography",7420 – Photographic activities,10
Gravesham,"IT, software and computer services",5821 – Publishing of computer games,0
Gravesham,"IT, software and computer services",5829 – Other software publishing,0
Gravesham,"IT, software and computer services",6201 – Computer programming activities,30
Gravesham,"IT, software and computer services",6202 – Computer consultancy activities,95
Gravesham,"Music, performing and visual arts",5920 – Sound recording and music publishing activities,5
Gravesham,"Music, performing and visual arts",8552 – Cultural education,0
Gravesham,"Music, performing and visual arts",9001 – Performing arts,5
Gravesham,"Music, performing and visual arts",9002 – Support activities to performing arts,5
Gravesham,"Music, performing and visual arts",9003 – Artistic creation,10
Gravesham,"Music, performing and visual arts",9004 – Operation of arts facilities,0
Gravesham,Publishing,5811 – Book publishing,0
Gravesham,Publishing,5812 – Publishing of directories and mailing lists,0
Gravesham,Publishing,5813 – Publishing of newspapers,0
Gravesham,Publishing,5814 – Publishing of journals and periodicals,0
Gravesham,Publishing,5819 – Other publishing activities,0
Gravesham,Publishing,7430 – Translation and interpretation activities,5
Guildford,Advertising and marketing,7021 – Public relations and communication activities,35
Guildford,Advertising and marketing,7311 – Advertising agencies,60
Guildford,Advertising and marketing,7312 – Media representation,15
Guildford,Architecture,7111 – Architectural activities,55
Guildford,Crafts,3212 – Manufacture of jewellery and related articles,0
Guildford,Design and designer fashion,7410 – Specialised design activities,105
Guildford,"Film, TV, video, radio and photography","5911 – Motion picture, video and television programme production activities",75
Guildford,"Film, TV, video, radio and photography","5912 – Motion picture, video and television programme post-production activities",20
Guildford,"Film, TV, video, radio and photography","5913 – Motion picture, video and television programme distribution activities",0
Guildford,"Film, TV, video, radio and photography",5914 – Motion picture projection activities,0
Guildford,"Film, TV, video, radio and photography",6010 – Radio broadcasting,5
Guildford,"Film, TV, video, radio and photography",6020 – Television programming and broadcasting activities,5
Guildford,"Film, TV, video, radio and photography",7420 – Photographic activities,20
Guildford,"IT, software and computer services",5821 – Publishing of computer games,10
Guildford,"IT, software and computer services",5829 – Other software publishing,10
Guildford,"IT, software and computer services",6201 – Computer programming activities,165
Guildford,"IT, software and computer services",6202 – Computer consultancy activities,320
Guildford,"Music, performing and visual arts",5920 – Sound recording and music publishing activities,20
Guildford,"Music, performing and visual arts",8552 – Cultural education,5
Guildford,"Music, performing and visual arts",9001 – Performing arts,30
Guildford,"Music, performing and visual arts",9002 – Support activities to performing arts,15
Guildford,"Music, performing and visual arts",9003 – Artistic creation,50
Guildford,"Music, performing and visual arts",9004 – Operation of arts facilities,5
Guildford,Publishing,5811 – Book publishing,5
Guildford,Publishing,5812 – Publishing of directories and mailing lists,0
Guildford,Publishing,5813 – Publishing of newspapers,0
Guildford,Publishing,5814 – Publishing of journals and periodicals,10
Guildford,Publishing,5819 – Other publishing activities,15
Guildford,Publishing,7430 – Translation and interpretation activities,5
Hart,Advertising and marketing,7021 – Public relations and communication activities,20
Hart,Advertising and marketing,7311 – Advertising agencies,40
Hart,Advertising and marketing,7312 – Media representation,10
Hart,Architecture,7111 – Architectural activities,30
Hart,Crafts,3212 – Manufacture of jewellery and related articles,0
Hart,Design and designer fashion,7410 – Specialised design activities,55
Hart,"Film, TV, video, radio and photography","5911 – Motion picture, video and television programme production activities",45
Hart,"Film, TV, video, radio and photography","5912 – Motion picture, video and television programme post-production activities",5
Hart,"Film, TV, video, radio and photography","5913 – Motion picture, video and television programme distribution activities",0
Hart,"Film, TV, video, radio and photography",5914 – Motion picture projection activities,0
Hart,"Film, TV, video, radio and photography",6010 – Radio broadcasting,0
Hart,"Film, TV, video, radio and photography",6020 – Television programming and broadcasting activities,5
Hart,"Film, TV, video, radio and photography",7420 – Photographic activities,15
Hart,"IT, software and computer services",5821 – Publishing of computer games,5
Hart,"IT, software and computer services",5829 – Other software publishing,10
Hart,"IT, software and computer services",6201 – Computer programming activities,85
Hart,"IT, software and computer services",6202 – Computer consultancy activities,265
Hart,"Music, performing and visual arts",5920 – Sound recording and music publishing activities,5
Hart,"Music, performing and visual arts",8552 – Cultural education,5
Hart,"Music, performing and visual arts",9001 – Performing arts,15
Hart,"Music, performing and visual arts",9002 – Support activities to performing arts,5
Hart,"Music, performing and visual arts",9003 – Artistic creation,15
Hart,"Music, performing and visual arts",9004 – Operation of arts facilities,0
Hart,Publishing,5811 – Book publishing,0
Hart,Publishing,5812 – Publishing of directories and mailing lists,0
Hart,Publishing,5813 – Publishing of newspapers,0
Hart,Publishing,5814 – Publishing of journals and periodicals,5
Hart,Publishing,5819 – Other publishing activities,5
Hart,Publishing,7430 – Translation and interpretation activities,0
Hastings,Advertising and marketing,7021 – Public relations and communication activities,10
Hastings,Advertising and marketing,7311 – Advertising agencies,25
Hastings,Advertising and marketing,7312 – Media representation,10
Hastings,Architecture,7111 – Architectural activities,20
Hastings,Crafts,3212 – Manufacture of jewellery and related articles,0
Hastings,Design and designer fashion,7410 – Specialised design activities,60
Hastings,"Film, TV, video, radio and photography","5911 – Motion picture, video and television programme production activities",50
Hastings,"Film, TV, video, radio and photography","5912 – Motion picture, video and television programme post-production activities",5
Hastings,"Film, TV, video, radio and photography","5913 – Motion picture, video and television programme distribution activities",0
Hastings,"Film, TV, video, radio and photography",5914 – Motion picture projection activities,0
Hastings,"Film, TV, video, radio and photography",6010 – Radio broadcasting,0
Hastings,"Film, TV, video, radio and photography",6020 – Television programming and broadcasting activities,5
Hastings,"Film, TV, video, radio and photography",7420 – Photographic activities,30
Hastings,"IT, software and computer services",5821 – Publishing of computer games,0
Hastings,"IT, software and computer services",5829 – Other software publishing,5
Hastings,"IT, software and computer services",6201 – Computer programming activities,40
Hastings,"IT, software and computer services",6202 – Computer consultancy activities,50
Hastings,"Music, performing and visual arts",5920 – Sound recording and music publishing activities,15
Hastings,"Music, performing and visual arts",8552 – Cultural education,5
Hastings,"Music, performing and visual arts",9001 – Performing arts,15
Hastings,"Music, performing and visual arts",9002 – Support activities to performing arts,15
Hastings,"Music, performing and visual arts",9003 – Artistic creation,40
Hastings,"Music, performing and visual arts",9004 – Operation of arts facilities,5
Hastings,Publishing,5811 – Book publishing,0
Hastings,Publishing,5812 – Publishing of directories and mailing lists,0
Hastings,Publishing,5813 – Publishing of newspapers,0
Hastings,Publishing,5814 – Publishing of journals and periodicals,0
Hastings,Publishing,5819 – Other publishing activities,10
Hastings,Publishing,7430 – Translation and interpretation activities,0
Havant,Advertising and marketing,7021 – Public relations and communication activities,10
Havant,Advertising and marketing,7311 – Advertising agencies,25
Havant,Advertising and marketing,7312 – Media representation,5
Havant,Architecture,7111 – Architectural activities,25
Havant,Crafts,3212 – Manufacture of jewellery and related articles,0
Havant,Design and designer fashion,7410 – Specialised design activities,35
Havant,"Film, TV, video, radio and photography","5911 – Motion picture, video and television programme production activities",15
Havant,"Film, TV, video, radio and photography","5912 – Motion picture, video and television programme post-production activities",0
Havant,"Film, TV, video, radio and photography","5913 – Motion picture, video and television programme distribution activities",0
Havant,"Film, TV, video, radio and photography",5914 – Motion picture projection activities,0
Havant,"Film, TV, video, radio and photography",6010 – Radio broadcasting,0
Havant,"Film, TV, video, radio and photography",6020 – Television programming and broadcasting activities,0
Havant,"Film, TV, video, radio and photography",7420 – Photographic activities,10
Havant,"IT, software and computer services",5821 – Publishing of computer games,0
Havant,"IT, software and computer services",5829 – Other software publishing,5
Havant,"IT, software and computer services",6201 – Computer programming activities,55
Havant,"IT, software and computer services",6202 – Computer consultancy activities,90
Havant,"Music, performing and visual arts",5920 – Sound recording and music publishing activities,5
Havant,"Music, performing and visual arts",8552 – Cultural education,0
Havant,"Music, performing and visual arts",9001 – Performing arts,15
Havant,"Music, performing and visual arts",9002 – Support activities to performing arts,5
Havant,"Music, performing and visual arts",9003 – Artistic creation,10
Havant,"Music, performing and visual arts",9004 – Operation of arts facilities,0
Havant,Publishing,5811 – Book publishing,0
Havant,Publishing,5812 – Publishing of directories and mailing lists,0
Havant,Publishing,5813 – Publishing of newspapers,0
Havant,Publishing,5814 – Publishing of journals and periodicals,5
Havant,Publishing,5819 – Other publishing activities,5
Havant,Publishing,7430 – Translation and interpretation activities,0
Horsham,Advertising and marketing,7021 – Public relations and communication activities,25
Horsham,Advertising and marketing,7311 – Advertising agencies,40
Horsham,Advertising and marketing,7312 – Media representation,15
Horsham,Architecture,7111 – Architectural activities,35
Horsham,Crafts,3212 – Manufacture of jewellery and related articles,0
Horsham,Design and designer fashion,7410 – Specialised design activities,70
Horsham,"Film, TV, video, radio and photography","5911 – Motion picture, video and television programme production activities",70
Horsham,"Film, TV, video, radio and photography","5912 – Motion picture, video and television programme post-production activities",10
Horsham,"Film, TV, video, radio and photography","5913 – Motion picture, video and television programme distribution activities",5
Horsham,"Film, TV, video, radio and photography",5914 – Motion picture projection activities,0
Horsham,"Film, TV, video, radio and photography",6010 – Radio broadcasting,0
Horsham,"Film, TV, video, radio and photography",6020 – Television programming and broadcasting activities,5
Horsham,"Film, TV, video, radio and photography",7420 – Photographic activities,25
Horsham,"IT, software and computer services",5821 – Publishing of computer games,0
Horsham,"IT, software and computer services",5829 – Other software publishing,10
Horsham,"IT, software and computer services",6201 – Computer programming activities,85
Horsham,"IT, software and computer services",6202 – Computer consultancy activities,250
Horsham,"Music, performing and visual arts",5920 – Sound recording and music publishing activities,5
Horsham,"Music, performing and visual arts",8552 – Cultural education,5
Horsham,"Music, performing and visual arts",9001 – Performing arts,20
Horsham,"Music, performing and visual arts",9002 – Support activities to performing arts,15
Horsham,"Music, performing and visual arts",9003 – Artistic creation,55
Horsham,"Music, performing and visual arts",9004 – Operation of arts facilities,0
Horsham,Publishing,5811 – Book publishing,5
Horsham,Publishing,5812 – Publishing of directories and mailing lists,0
Horsham,Publishing,5813 – Publishing of newspapers,0
Horsham,Publishing,5814 – Publishing of journals and periodicals,10
Horsham,Publishing,5819 – Other publishing activities,15
Horsham,Publishing,7430 – Translation and interpretation activities,5
Isle of Wight,Advertising and marketing,7021 – Public relations and communication activities,10
Isle of Wight,Advertising and marketing,7311 – Advertising agencies,20
Isle of Wight,Advertising and marketing,7312 – Media representation,5
Isle of Wight,Architecture,7111 – Architectural activities,25
Isle of Wight,Crafts,3212 – Manufacture of jewellery and related articles,5
Isle of Wight,Design and designer fashion,7410 – Specialised design activities,30
Isle of Wight,"Film, TV, video, radio and photography","5911 – Motion picture, video and television programme production activities",20
Isle of Wight,"Film, TV, video, radio and photography","5912 – Motion picture, video and television programme post-production activities",5
Isle of Wight,"Film, TV, video, radio and photography","5913 – Motion picture, video and television programme distribution activities",0
Isle of Wight,"Film, TV, video, radio and photography",5914 – Motion picture projection activities,0
Isle of Wight,"Film, TV, video, radio and photography",6010 – Radio broadcasting,0
Isle of Wight,"Film, TV, video, radio and photography",6020 – Television programming and broadcasting activities,0
Isle of Wight,"Film, TV, video, radio and photography",7420 – Photographic activities,10
Isle of Wight,"IT, software and computer services",5821 – Publishing of computer games,0
Isle of Wight,"IT, software and computer services",5829 – Other software publishing,5
Isle of Wight,"IT, software and computer services",6201 – Computer programming activities,40
Isle of Wight,"IT, software and computer services",6202 – Computer consultancy activities,60
Isle of Wight,"Music, performing and visual arts",5920 – Sound recording and music publishing activities,0
Isle of Wight,"Music, performing and visual arts",8552 – Cultural education,5
Isle of Wight,"Music, performing and visual arts",9001 – Performing arts,15
Isle of Wight,"Music, performing and visual arts",9002 – Support activities to performing arts,10
Isle of Wight,"Music, performing and visual arts",9003 – Artistic creation,25
Isle of Wight,"Music, performing and visual arts",9004 – Operation of arts facilities,0
Isle of Wight,Publishing,5811 – Book publishing,5
Isle of Wight,Publishing,5812 – Publishing of directories and mailing lists,0
Isle of Wight,Publishing,5813 – Publishing of newspapers,0
Isle of Wight,Publishing,5814 – Publishing of journals and periodicals,5
Isle of Wight,Publishing,5819 – Other publishing activities,10
Isle of Wight,Publishing,7430 – Translation and interpretation activities,0
Lewes,Advertising and marketing,7021 – Public relations and communication activities,10
Lewes,Advertising and marketing,7311 – Advertising agencies,30
Lewes,Advertising and marketing,7312 – Media representation,5
Lewes,Architecture,7111 – Architectural activities,45
Lewes,Crafts,3212 – Manufacture of jewellery and related articles,10
Lewes,Design and designer fashion,7410 – Specialised design activities,70
Lewes,"Film, TV, video, radio and photography","5911 – Motion picture, video and television programme production activities",50
Lewes,"Film, TV, video, radio and photography","5912 – Motion picture, video and television programme post-production activities",10
Lewes,"Film, TV, video, radio and photography","5913 – Motion picture, video and television programme distribution activities",5
Lewes,"Film, TV, video, radio and photography",5914 – Motion picture projection activities,0
Lewes,"Film, TV, video, radio and photography",6010 – Radio broadcasting,5
Lewes,"Film, TV, video, radio and photography",6020 – Television programming and broadcasting activities,0
Lewes,"Film, TV, video, radio and photography",7420 – Photographic activities,25
Lewes,"IT, software and computer services",5821 – Publishing of computer games,0
Lewes,"IT, software and computer services",5829 – Other software publishing,5
Lewes,"IT, software and computer services",6201 – Computer programming activities,40
Lewes,"IT, software and computer services",6202 – Computer consultancy activities,85
Lewes,"Music, performing and visual arts",5920 – Sound recording and music publishing activities,10
Lewes,"Music, performing and visual arts",8552 – Cultural education,5
Lewes,"Music, performing and visual arts",9001 – Performing arts,25
Lewes,"Music, performing and visual arts",9002 – Support activities to performing arts,15
Lewes,"Music, performing and visual arts",9003 – Artistic creation,60
Lewes,"Music, performing and visual arts",9004 – Operation of arts facilities,0
Lewes,Publishing,5811 – Book publishing,5
Lewes,Publishing,5812 – Publishing of directories and mailing lists,0
Lewes,Publishing,5813 – Publishing of newspapers,0
Lewes,Publishing,5814 – Publishing of journals and periodicals,5
Lewes,Publishing,5819 – Other publishing activities,20
Lewes,Publishing,7430 – Translation and interpretation activities,0
Maidstone,Advertising and marketing,7021 – Public relations and communication activities,20
Maidstone,Advertising and marketing,7311 – Advertising agencies,40
Maidstone,Advertising and marketing,7312 – Media representation,15
Maidstone,Architecture,7111 – Architectural activities,45
Maidstone,Crafts,3212 – Manufacture of jewellery and related articles,5
Maidstone,Design and designer fashion,7410 – Specialised design activities,55
Maidstone,"Film, TV, video, radio and photography","5911 – Motion picture, video and television programme production activities",45
Maidstone,"Film, TV, video, radio and photography","5912 – Motion picture, video and television programme post-production activities",10
Maidstone,"Film, TV, video, radio and photography","5913 – Motion picture, video and television programme distribution activities",5
Maidstone,"Film, TV, video, radio and photography",5914 – Motion picture projection activities,0
Maidstone,"Film, TV, video, radio and photography",6010 – Radio broadcasting,0
Maidstone,"Film, TV, video, radio and photography",6020 – Television programming and broadcasting activities,5
Maidstone,"Film, TV, video, radio and photography",7420 – Photographic activities,20
Maidstone,"IT, software and computer services",5821 – Publishing of computer games,5
Maidstone,"IT, software and computer services",5829 – Other software publishing,5
Maidstone,"IT, software and computer services",6201 – Computer programming activities,75
Maidstone,"IT, software and computer services",6202 – Computer consultancy activities,165
Maidstone,"Music, performing and visual arts",5920 – Sound recording and music publishing activities,5
Maidstone,"Music, performing and visual arts",8552 – Cultural education,5
Maidstone,"Music, performing and visual arts",9001 – Performing arts,25
Maidstone,"Music, performing and visual arts",9002 – Support activities to performing arts,20
Maidstone,"Music, performing and visual arts",9003 – Artistic creation,20
Maidstone,"Music, performing and visual arts",9004 – Operation of arts facilities,0
Maidstone,Publishing,5811 – Book publishing,5
Maidstone,Publishing,5812 – Publishing of directories and mailing lists,0
Maidstone,Publishing,5813 – Publishing of newspapers,0
Maidstone,Publishing,5814 – Publishing of journals and periodicals,10
Maidstone,Publishing,5819 – Other publishing activities,10
Maidstone,Publishing,7430 – Translation and interpretation activities,0
Medway,Advertising and marketing,7021 – Public relations and communication activities,5
Medway,Advertising and marketing,7311 – Advertising agencies,30
Medway,Advertising and marketing,7312 – Media representation,10
Medway,Architecture,7111 – Architectural activities,40
Medway,Crafts,3212 – Manufacture of jewellery and related articles,5
Medway,Design and designer fashion,7410 – Specialised design activities,60
Medway,"Film, TV, video, radio and photography","5911 – Motion picture, video and television programme production activities",30
Medway,"Film, TV, video, radio and photography","5912 – Motion picture, video and television programme post-production activities",10
Medway,"Film, TV, video, radio and photography","5913 – Motion picture, video and television programme distribution activities",0
Medway,"Film, TV, video, radio and photography",5914 – Motion picture projection activities,0
Medway,"Film, TV, video, radio and photography",6010 – Radio broadcasting,0
Medway,"Film, TV, video, radio and photography",6020 – Television programming and broadcasting activities,5
Medway,"Film, TV, video, radio and photography",7420 – Photographic activities,10
Medway,"IT, software and computer services",5821 – Publishing of computer games,0
Medway,"IT, software and computer services",5829 – Other software publishing,5
Medway,"IT, software and computer services",6201 – Computer programming activities,75
Medway,"IT, software and computer services",6202 – Computer consultancy activities,235
Medway,"Music, performing and visual arts",5920 – Sound recording and music publishing activities,10
Medway,"Music, performing and visual arts",8552 – Cultural education,5
Medway,"Music, performing and visual arts",9001 – Performing arts,30
Medway,"Music, performing and visual arts",9002 – Support activities to performing arts,5
Medway,"Music, performing and visual arts",9003 – Artistic creation,25
Medway,"Music, performing and visual arts",9004 – Operation of arts facilities,0
Medway,Publishing,5811 – Book publishing,5
Medway,Publishing,5812 – Publishing of directories and mailing lists,0
Medway,Publishing,5813 – Publishing of newspapers,0
Medway,Publishing,5814 – Publishing of journals and periodicals,10
Medway,Publishing,5819 – Other publishing activities,5
Medway,Publishing,7430 – Translation and interpretation activities,0
Mid Sussex,Advertising and marketing,7021 – Public relations and communication activities,25
Mid Sussex,Advertising and marketing,7311 – Advertising agencies,60
Mid Sussex,Advertising and marketing,7312 – Media representation,15
Mid Sussex,Architecture,7111 – Architectural activities,60
Mid Sussex,Crafts,3212 – Manufacture of jewellery and related articles,0
Mid Sussex,Design and designer fashion,7410 – Specialised design activities,90
Mid Sussex,"Film, TV, video, radio and photography","5911 – Motion picture, video and television programme production activities",75
Mid Sussex,"Film, TV, video, radio and photography","5912 – Motion picture, video and television programme post-production activities",15
Mid Sussex,"Film, TV, video, radio and photography","5913 – Motion picture, video and television programme distribution activities",5
Mid Sussex,"Film, TV, video, radio and photography",5914 – Motion picture projection activities,0
Mid Sussex,"Film, TV, video, radio and photography",6010 – Radio broadcasting,5
Mid Sussex,"Film, TV, video, radio and photography",6020 – Television programming and broadcasting activities,5
Mid Sussex,"Film, TV, video, radio and photography",7420 – Photographic activities,30
Mid Sussex,"IT, software and computer services",5821 – Publishing of computer games,0
Mid Sussex,"IT, software and computer services",5829 – Other software publishing,10
Mid Sussex,"IT, software and computer services",6201 – Computer programming activities,95
Mid Sussex,"IT, software and computer services",6202 – Computer consultancy activities,215
Mid Sussex,"Music, performing and visual arts",5920 – Sound recording and music publishing activities,15
Mid Sussex,"Music, performing and visual arts",8552 – Cultural education,5
Mid Sussex,"Music, performing and visual arts",9001 – Performing arts,35
Mid Sussex,"Music, performing and visual arts",9002 – Support activities to performing arts,15
Mid Sussex,"Music, performing and visual arts",9003 – Artistic creation,50
Mid Sussex,"Music, performing and visual arts",9004 – Operation of arts facilities,0
Mid Sussex,Publishing,5811 – Book publishing,15
Mid Sussex,Publishing,5812 – Publishing of directories and mailing lists,0
Mid Sussex,Publishing,5813 – Publishing of newspapers,0
Mid Sussex,Publishing,5814 – Publishing of journals and periodicals,10
Mid Sussex,Publishing,5819 – Other publishing activities,15
Mid Sussex,Publishing,7430 – Translation and interpretation activities,5
Milton Keynes,Advertising and marketing,7021 – Public relations and communication activities,15
Milton Keynes,Advertising and marketing,7311 – Advertising agencies,65
Milton Keynes,Advertising and marketing,7312 – Media representation,20
Milton Keynes,Architecture,7111 – Architectural activities,35
Milton Keynes,Crafts,3212 – Manufacture of jewellery and related articles,5
Milton Keynes,Design and designer fashion,7410 – Specialised design activities,95
Milton Keynes,"Film, TV, video, radio and photography","5911 – Motion picture, video and television programme production activities",70
Milton Keynes,"Film, TV, video, radio and photography","5912 – Motion picture, video and television programme post-production activities",10
Milton Keynes,"Film, TV, video, radio and photography","5913 – Motion picture, video and television programme distribution activities",5
Milton Keynes,"Film, TV, video, radio and photography",5914 – Motion picture projection activities,0
Milton Keynes,"Film, TV, video, radio and photography",6010 – Radio broadcasting,5
Milton Keynes,"Film, TV, video, radio and photography",6020 – Television programming and broadcasting activities,5
Milton Keynes,"Film, TV, video, radio and photography",7420 – Photographic activities,40
Milton Keynes,"IT, software and computer services",5821 – Publishing of computer games,0
Milton Keynes,"IT, software and computer services",5829 – Other software publishing,20
Milton Keynes,"IT, software and computer services",6201 – Computer programming activities,270
Milton Keynes,"IT, software and computer services",6202 – Computer consultancy activities,1040
Milton Keynes,"Music, performing and visual arts",5920 – Sound recording and music publishing activities,15
Milton Keynes,"Music, performing and visual arts",8552 – Cultural education,15
Milton Keynes,"Music, performing and visual arts",9001 – Performing arts,35
Milton Keynes,"Music, performing and visual arts",9002 – Support activities to performing arts,15
Milton Keynes,"Music, performing and visual arts",9003 – Artistic creation,35
Milton Keynes,"Music, performing and visual arts",9004 – Operation of arts facilities,0
Milton Keynes,Publishing,5811 – Book publishing,10
Milton Keynes,Publishing,5812 – Publishing of directories and mailing lists,5
Milton Keynes,Publishing,5813 – Publishing of newspapers,0
Milton Keynes,Publishing,5814 – Publishing of journals and periodicals,5
Milton Keynes,Publishing,5819 – Other publishing activities,20
Milton Keynes,Publishing,7430 – Translation and interpretation activities,10
Mole Valley,Advertising and marketing,7021 – Public relations and communication activities,15
Mole Valley,Advertising and marketing,7311 – Advertising agencies,40
Mole Valley,Advertising and marketing,7312 – Media representation,90
Mole Valley,Architecture,7111 – Architectural activities,45
Mole Valley,Crafts,3212 – Manufacture of jewellery and related articles,5
Mole Valley,Design and designer fashion,7410 – Specialised design activities,70
Mole Valley,"Film, TV, video, radio and photography","5911 – Motion picture, video and television programme production activities",50
Mole Valley,"Film, TV, video, radio and photography","5912 – Motion picture, video and television programme post-production activities",15
Mole Valley,"Film, TV, video, radio and photography","5913 – Motion picture, video and television programme distribution activities",0
Mole Valley,"Film, TV, video, radio and photography",5914 – Motion picture projection activities,0
Mole Valley,"Film, TV, video, radio and photography",6010 – Radio broadcasting,0
Mole Valley,"Film, TV, video, radio and photography",6020 – Television programming and broadcasting activities,0
Mole Valley,"Film, TV, video, radio and photography",7420 – Photographic activities,30
Mole Valley,"IT, software and computer services",5821 – Publishing of computer games,5
Mole Valley,"IT, software and computer services",5829 – Other software publishing,5
Mole Valley,"IT, software and computer services",6201 – Computer programming activities,50
Mole Valley,"IT, software and computer services",6202 – Computer consultancy activities,175
Mole Valley,"Music, performing and visual arts",5920 – Sound recording and music publishing activities,5
Mole Valley,"Music, performing and visual arts",8552 – Cultural education,5
Mole Valley,"Music, performing and visual arts",9001 – Performing arts,25
Mole Valley,"Music, performing and visual arts",9002 – Support activities to performing arts,5
Mole Valley,"Music, performing and visual arts",9003 – Artistic creation,35
Mole Valley,"Music, performing and visual arts",9004 – Operation of arts facilities,5
Mole Valley,Publishing,5811 – Book publishing,5
Mole Valley,Publishing,5812 – Publishing of directories and mailing lists,0
Mole Valley,Publishing,5813 – Publishing of newspapers,0
Mole Valley,Publishing,5814 – Publishing of journals and periodicals,10
Mole Valley,Publishing,5819 – Other publishing activities,10
Mole Valley,Publishing,7430 – Translation and interpretation activities,5
New Forest,Advertising and marketing,7021 – Public relations and communication activities,15
New Forest,Advertising and marketing,7311 – Advertising agencies,60
New Forest,Advertising and marketing,7312 – Media representation,5
New Forest,Architecture,7111 – Architectural activities,60
New Forest,Crafts,3212 – Manufacture of jewellery and related articles,0
New Forest,Design and designer fashion,7410 – Specialised design activities,80
New Forest,"Film, TV, video, radio and photography","5911 – Motion picture, video and television programme production activities",65
New Forest,"Film, TV, video, radio and photography","5912 – Motion picture, video and television programme post-production activities",10
New Forest,"Film, TV, video, radio and photography","5913 – Motion picture, video and television programme distribution activities",0
New Forest,"Film, TV, video, radio and photography",5914 – Motion picture projection activities,0
New Forest,"Film, TV, video, radio and photography",6010 – Radio broadcasting,0
New Forest,"Film, TV, video, radio and photography",6020 – Television programming and broadcasting activities,5
New Forest,"Film, TV, video, radio and photography",7420 – Photographic activities,20
New Forest,"IT, software and computer services",5821 – Publishing of computer games,0
New Forest,"IT, software and computer services",5829 – Other software publishing,5
New Forest,"IT, software and computer services",6201 – Computer programming activities,75
New Forest,"IT, software and computer services",6202 – Computer consultancy activities,185
New Forest,"Music, performing and visual arts",5920 – Sound recording and music publishing activities,10
New Forest,"Music, performing and visual arts",8552 – Cultural education,5
New Forest,"Music, performing and visual arts",9001 – Performing arts,20
New Forest,"Music, performing and visual arts",9002 – Support activities to performing arts,10
New Forest,"Music, performing and visual arts",9003 – Artistic creation,30
New Forest,"Music, performing and visual arts",9004 – Operation of arts facilities,0
New Forest,Publishing,5811 – Book publishing,5
New Forest,Publishing,5812 – Publishing of directories and mailing lists,0
New Forest,Publishing,5813 – Publishing of newspapers,0
New Forest,Publishing,5814 – Publishing of journals and periodicals,5
New Forest,Publishing,5819 – Other publishing activities,10
New Forest,Publishing,7430 – Translation and interpretation activities,0
Oxford,Advertising and marketing,7021 – Public relations and communication activities,20
Oxford,Advertising and marketing,7311 – Advertising agencies,25
Oxford,Advertising and marketing,7312 – Media representation,5
Oxford,Architecture,7111 – Architectural activities,35
Oxford,Crafts,3212 – Manufacture of jewellery and related articles,0
Oxford,Design and designer fashion,7410 – Specialised design activities,30
Oxford,"Film, TV, video, radio and photography","5911 – Motion picture, video and television programme production activities",70
Oxford,"Film, TV, video, radio and photography","5912 – Motion picture, video and television programme post-production activities",5
Oxford,"Film, TV, video, radio and photography","5913 – Motion picture, video and television programme distribution activities",0
Oxford,"Film, TV, video, radio and photography",5914 – Motion picture projection activities,0
Oxford,"Film, TV, video, radio and photography",6010 – Radio broadcasting,0
Oxford,"Film, TV, video, radio and photography",6020 – Television programming and broadcasting activities,0
Oxford,"Film, TV, video, radio and photography",7420 – Photographic activities,20
Oxford,"IT, software and computer services",5821 – Publishing of computer games,0
Oxford,"IT, software and computer services",5829 – Other software publishing,10
Oxford,"IT, software and computer services",6201 – Computer programming activities,110
Oxford,"IT, software and computer services",6202 – Computer consultancy activities,170
Oxford,"Music, performing and visual arts",5920 – Sound recording and music publishing activities,5
Oxford,"Music, performing and visual arts",8552 – Cultural education,10
Oxford,"Music, performing and visual arts",9001 – Performing arts,20
Oxford,"Music, performing and visual arts",9002 – Support activities to performing arts,10
Oxford,"Music, performing and visual arts",9003 – Artistic creation,70
Oxford,"Music, performing and visual arts",9004 – Operation of arts facilities,0
Oxford,Publishing,5811 – Book publishing,35
Oxford,Publishing,5812 – Publishing of directories and mailing lists,0
Oxford,Publishing,5813 – Publishing of newspapers,0
Oxford,Publishing,5814 – Publishing of journals and periodicals,10
Oxford,Publishing,5819 – Other publishing activities,20
Oxford,Publishing,7430 – Translation and interpretation activities,5
Portsmouth,Advertising and marketing,7021 – Public relations and communication activities,15
Portsmouth,Advertising and marketing,7311 – Advertising agencies,35
Portsmouth,Advertising and marketing,7312 – Media representation,10
Portsmouth,Architecture,7111 – Architectural activities,30
Portsmouth,Crafts,3212 – Manufacture of jewellery and related articles,0
Portsmouth,Design and designer fashion,7410 – Specialised design activities,45
Portsmouth,"Film, TV, video, radio and photography","5911 – Motion picture, video and television programme production activities",25
Portsmouth,"Film, TV, video, radio and photography","5912 – Motion picture, video and television programme post-production activities",5
Portsmouth,"Film, TV, video, radio and photography","5913 – Motion picture, video and television programme distribution activities",0
Portsmouth,"Film, TV, video, radio and photography",5914 – Motion picture projection activities,0
Portsmouth,"Film, TV, video, radio and photography",6010 – Radio broadcasting,5
Portsmouth,"Film, TV, video, radio and photography",6020 – Television programming and broadcasting activities,5
Portsmouth,"Film, TV, video, radio and photography",7420 – Photographic activities,10
Portsmouth,"IT, software and computer services",5821 – Publishing of computer games,0
Portsmouth,"IT, software and computer services",5829 – Other software publishing,5
Portsmouth,"IT, software and computer services",6201 – Computer programming activities,60
Portsmouth,"IT, software and computer services",6202 – Computer consultancy activities,150
Portsmouth,"Music, performing and visual arts",5920 – Sound recording and music publishing activities,5
Portsmouth,"Music, performing and visual arts",8552 – Cultural education,0
Portsmouth,"Music, performing and visual arts",9001 – Performing arts,10
Portsmouth,"Music, performing and visual arts",9002 – Support activities to performing arts,5
Portsmouth,"Music, performing and visual arts",9003 – Artistic creation,15
Portsmouth,"Music, performing and visual arts",9004 – Operation of arts facilities,5
Portsmouth,Publishing,5811 – Book publishing,5
Portsmouth,Publishing,5812 – Publishing of directories and mailing lists,0
Portsmouth,Publishing,5813 – Publishing of newspapers,0
Portsmouth,Publishing,5814 – Publishing of journals and periodicals,5
Portsmouth,Publishing,5819 – Other publishing activities,5
Portsmouth,Publishing,7430 – Translation and interpretation activities,5
Reading,Advertising and marketing,7021 – Public relations and communication activities,20
Reading,Advertising and marketing,7311 – Advertising agencies,40
Reading,Advertising and marketing,7312 – Media representation,10
Reading,Architecture,7111 – Architectural activities,25
Reading,Crafts,3212 – Manufacture of jewellery and related articles,0
Reading,Design and designer fashion,7410 – Specialised design activities,40
Reading,"Film, TV, video, radio and photography","5911 – Motion picture, video and television programme production activities",35
Reading,"Film, TV, video, radio and photography","5912 – Motion picture, video and television programme post-production activities",10
Reading,"Film, TV, video, radio and photography","5913 – Motion picture, video and television programme distribution activities",0
Reading,"Film, TV, video, radio and photography",5914 – Motion picture projection activities,0
Reading,"Film, TV, video, radio and photography",6010 – Radio broadcasting,0
Reading,"Film, TV, video, radio and photography",6020 – Television programming and broadcasting activities,5
Reading,"Film, TV, video, radio and photography",7420 – Photographic activities,15
Reading,"IT, software and computer services",5821 – Publishing of computer games,0
Reading,"IT, software and computer services",5829 – Other software publishing,15
Reading,"IT, software and computer services",6201 – Computer programming activities,170
Reading,"IT, software and computer services",6202 – Computer consultancy activities,580
Reading,"Music, performing and visual arts",5920 – Sound recording and music publishing activities,5
Reading,"Music, performing and visual arts",8552 – Cultural education,5
Reading,"Music, performing and visual arts",9001 – Performing arts,15
Reading,"Music, performing and visual arts",9002 – Support activities to performing arts,10
Reading,"Music, performing and visual arts",9003 – Artistic creation,15
Reading,"Music, performing and visual arts",9004 – Operation of arts facilities,5
Reading,Publishing,5811 – Book publishing,5
Reading,Publishing,5812 – Publishing of directories and mailing lists,0
Reading,Publishing,5813 – Publishing of newspapers,0
Reading,Publishing,5814 – Publishing of journals and periodicals,5
Reading,Publishing,5819 – Other publishing activities,10
Reading,Publishing,7430 – Translation and interpretation activities,5
Reigate and Banstead,Advertising and marketing,7021 – Public relations and communication activities,20
Reigate and Banstead,Advertising and marketing,7311 – Advertising agencies,65
Reigate and Banstead,Advertising and marketing,7312 – Media representation,15
Reigate and Banstead,Architecture,7111 – Architectural activities,55
Reigate and Banstead,Crafts,3212 – Manufacture of jewellery and related articles,0
Reigate and Banstead,Design and designer fashion,7410 – Specialised design activities,80
Reigate and Banstead,"Film, TV, video, radio and photography","5911 – Motion picture, video and television programme production activities",80
Reigate and Banstead,"Film, TV, video, radio and photography","5912 – Motion picture, video and television programme post-production activities",15
Reigate and Banstead,"Film, TV, video, radio and photography","5913 – Motion picture, video and television programme distribution activities",0
Reigate and Banstead,"Film, TV, video, radio and photography",5914 – Motion picture projection activities,0
Reigate and Banstead,"Film, TV, video, radio and photography",6010 – Radio broadcasting,0
Reigate and Banstead,"Film, TV, video, radio and photography",6020 – Television programming and broadcasting activities,0
Reigate and Banstead,"Film, TV, video, radio and photography",7420 – Photographic activities,15
Reigate and Banstead,"IT, software and computer services",5821 – Publishing of computer games,0
Reigate and Banstead,"IT, software and computer services",5829 – Other software publishing,10
Reigate and Banstead,"IT, software and computer services",6201 – Computer programming activities,85
Reigate and Banstead,"IT, software and computer services",6202 – Computer consultancy activities,300
Reigate and Banstead,"Music, performing and visual arts",5920 – Sound recording and music publishing activities,10
Reigate and Banstead,"Music, performing and visual arts",8552 – Cultural education,5
Reigate and Banstead,"Music, performing and visual arts",9001 – Performing arts,25
Reigate and Banstead,"Music, performing and visual arts",9002 – Support activities to performing arts,20
Reigate and Banstead,"Music, performing and visual arts",9003 – Artistic creation,45
Reigate and Banstead,"Music, performing and visual arts",9004 – Operation of arts facilities,0
Reigate and Banstead,Publishing,5811 – Book publishing,5
Reigate and Banstead,Publishing,5812 – Publishing of directories and mailing lists,0
Reigate and Banstead,Publishing,5813 – Publishing of newspapers,0
Reigate and Banstead,Publishing,5814 – Publishing of journals and periodicals,10
Reigate and Banstead,Publishing,5819 – Other publishing activities,10
Reigate and Banstead,Publishing,7430 – Translation and interpretation activities,5
Rother,Advertising and marketing,7021 – Public relations and communication activities,10
Rother,Advertising and marketing,7311 – Advertising agencies,25
Rother,Advertising and marketing,7312 – Media representation,5
Rother,Architecture,7111 – Architectural activities,35
Rother,Crafts,3212 – Manufacture of jewellery and related articles,0
Rother,Design and designer fashion,7410 – Specialised design activities,35
Rother,"Film, TV, video, radio and photography","5911 – Motion picture, video and television programme production activities",25
Rother,"Film, TV, video, radio and photography","5912 – Motion picture, video and television programme post-production activities",5
Rother,"Film, TV, video, radio and photography","5913 – Motion picture, video and television programme distribution activities",0
Rother,"Film, TV, video, radio and photography",5914 – Motion picture projection activities,0
Rother,"Film, TV, video, radio and photography",6010 – Radio broadcasting,0
Rother,"Film, TV, video, radio and photography",6020 – Television programming and broadcasting activities,0
Rother,"Film, TV, video, radio and photography",7420 – Photographic activities,10
Rother,"IT, software and computer services",5821 – Publishing of computer games,0
Rother,"IT, software and computer services",5829 – Other software publishing,5
Rother,"IT, software and computer services",6201 – Computer programming activities,30
Rother,"IT, software and computer services",6202 – Computer consultancy activities,75
Rother,"Music, performing and visual arts",5920 – Sound recording and music publishing activities,10
Rother,"Music, performing and visual arts",8552 – Cultural education,5
Rother,"Music, performing and visual arts",9001 – Performing arts,20
Rother,"Music, performing and visual arts",9002 – Support activities to performing arts,10
Rother,"Music, performing and visual arts",9003 – Artistic creation,45
Rother,"Music, performing and visual arts",9004 – Operation of arts facilities,5
Rother,Publishing,5811 – Book publishing,0
Rother,Publishing,5812 – Publishing of directories and mailing lists,0
Rother,Publishing,5813 – Publishing of newspapers,0
Rother,Publishing,5814 – Publishing of journals and periodicals,10
Rother,Publishing,5819 – Other publishing activities,5
Rother,Publishing,7430 – Translation and interpretation activities,0
Runnymede,Advertising and marketing,7021 – Public relations and communication activities,5
Runnymede,Advertising and marketing,7311 – Advertising agencies,30
Runnymede,Advertising and marketing,7312 – Media representation,5
Runnymede,Architecture,7111 – Architectural activities,15
Runnymede,Crafts,3212 – Manufacture of jewellery and related articles,0
Runnymede,Design and designer fashion,7410 – Specialised design activities,45
Runnymede,"Film, TV, video, radio and photography","5911 – Motion picture, video and television programme production activities",100
Runnymede,"Film, TV, video, radio and photography","5912 – Motion picture, video and television programme post-production activities",15
Runnymede,"Film, TV, video, radio and photography","5913 – Motion picture, video and television programme distribution activities",0
Runnymede,"Film, TV, video, radio and photography",5914 – Motion picture projection activities,0
Runnymede,"Film, TV, video, radio and photography",6010 – Radio broadcasting,0
Runnymede,"Film, TV, video, radio and photography",6020 – Television programming and broadcasting activities,5
Runnymede,"Film, TV, video, radio and photography",7420 – Photographic activities,20
Runnymede,"IT, software and computer services",5821 – Publishing of computer games,0
Runnymede,"IT, software and computer services",5829 – Other software publishing,0
Runnymede,"IT, software and computer services",6201 – Computer programming activities,60
Runnymede,"IT, software and computer services",6202 – Computer consultancy activities,185
Runnymede,"Music, performing and visual arts",5920 – Sound recording and music publishing activities,5
Runnymede,"Music, performing and visual arts",8552 – Cultural education,0
Runnymede,"Music, performing and visual arts",9001 – Performing arts,15
Runnymede,"Music, performing and visual arts",9002 – Support activities to performing arts,15
Runnymede,"Music, performing and visual arts",9003 – Artistic creation,15
Runnymede,"Music, performing and visual arts",9004 – Operation of arts facilities,0
Runnymede,Publishing,5811 – Book publishing,5
Runnymede,Publishing,5812 – Publishing of directories and mailing lists,0
Runnymede,Publishing,5813 – Publishing of newspapers,5
Runnymede,Publishing,5814 – Publishing of journals and periodicals,0
Runnymede,Publishing,5819 – Other publishing activities,5
Runnymede,Publishing,7430 – Translation and interpretation activities,0
Rushmoor,Advertising and marketing,7021 – Public relations and communication activities,5
Rushmoor,Advertising and marketing,7311 – Advertising agencies,20
Rushmoor,Advertising and marketing,7312 – Media representation,5
Rushmoor,Architecture,7111 – Architectural activities,15
Rushmoor,Crafts,3212 – Manufacture of jewellery and related articles,0
Rushmoor,Design and designer fashion,7410 – Specialised design activities,20
Rushmoor,"Film, TV, video, radio and photography","5911 – Motion picture, video and television programme production activities",15
Rushmoor,"Film, TV, video, radio and photography","5912 – Motion picture, video and television programme post-production activities",5
Rushmoor,"Film, TV, video, radio and photography","5913 – Motion picture, video and television programme distribution activities",0
Rushmoor,"Film, TV, video, radio and photography",5914 – Motion picture projection activities,0
Rushmoor,"Film, TV, video, radio and photography",6010 – Radio broadcasting,0
Rushmoor,"Film, TV, video, radio and photography",6020 – Television programming and broadcasting activities,0
Rushmoor,"Film, TV, video, radio and photography",7420 – Photographic activities,5
Rushmoor,"IT, software and computer services",5821 – Publishing of computer games,5
Rushmoor,"IT, software and computer services",5829 – Other software publishing,10
Rushmoor,"IT, software and computer services",6201 – Computer programming activities,60
Rushmoor,"IT, software and computer services",6202 – Computer consultancy activities,165
Rushmoor,"Music, performing and visual arts",5920 – Sound recording and music publishing activities,5
Rushmoor,"Music, performing and visual arts",8552 – Cultural education,5
Rushmoor,"Music, performing and visual arts",9001 – Performing arts,10
Rushmoor,"Music, performing and visual arts",9002 – Support activities to performing arts,10
Rushmoor,"Music, performing and visual arts",9003 – Artistic creation,10
Rushmoor,"Music, performing and visual arts",9004 – Operation of arts facilities,0
Rushmoor,Publishing,5811 – Book publishing,0
Rushmoor,Publishing,5812 – Publishing of directories and mailing lists,0
Rushmoor,Publishing,5813 – Publishing of newspapers,0
Rushmoor,Publishing,5814 – Publishing of journals and periodicals,5
Rushmoor,Publishing,5819 – Other publishing activities,0
Rushmoor,Publishing,7430 – Translation and interpretation activities,5
Sevenoaks,Advertising and marketing,7021 – Public relations and communication activities,20
Sevenoaks,Advertising and marketing,7311 – Advertising agencies,60
Sevenoaks,Advertising and marketing,7312 – Media representation,10
Sevenoaks,Architecture,7111 – Architectural activities,50
Sevenoaks,Crafts,3212 – Manufacture of jewellery and related articles,5
Sevenoaks,Design and designer fashion,7410 – Specialised design activities,70
Sevenoaks,"Film, TV, video, radio and photography","5911 – Motion picture, video and television programme production activities",65
Sevenoaks,"Film, TV, video, radio and photography","5912 – Motion picture, video and television programme post-production activities",15
Sevenoaks,"Film, TV, video, radio and photography","5913 – Motion picture, video and television programme distribution activities",5
Sevenoaks,"Film, TV, video, radio and photography",5914 – Motion picture projection activities,0
Sevenoaks,"Film, TV, video, radio and photography",6010 – Radio broadcasting,0
Sevenoaks,"Film, TV, video, radio and photography",6020 – Television programming and broadcasting activities,0
Sevenoaks,"Film, TV, video, radio and photography",7420 – Photographic activities,25
Sevenoaks,"IT, software and computer services",5821 – Publishing of computer games,0
Sevenoaks,"IT, software and computer services",5829 – Other software publishing,10
Sevenoaks,"IT, software and computer services",6201 – Computer programming activities,70
Sevenoaks,"IT, software and computer services",6202 – Computer consultancy activities,200
Sevenoaks,"Music, performing and visual arts",5920 – Sound recording and music publishing activities,15
Sevenoaks,"Music, performing and visual arts",8552 – Cultural education,5
Sevenoaks,"Music, performing and visual arts",9001 – Performing arts,35
Sevenoaks,"Music, performing and visual arts",9002 – Support activities to performing arts,10
Sevenoaks,"Music, performing and visual arts",9003 – Artistic creation,35
Sevenoaks,"Music, performing and visual arts",9004 – Operation of arts facilities,5
Sevenoaks,Publishing,5811 – Book publishing,5
Sevenoaks,Publishing,5812 – Publishing of directories and mailing lists,0
Sevenoaks,Publishing,5813 – Publishing of newspapers,0
Sevenoaks,Publishing,5814 – Publishing of journals and periodicals,10
Sevenoaks,Publishing,5819 – Other publishing activities,15
Sevenoaks,Publishing,7430 – Translation and interpretation activities,0
Slough,Advertising and marketing,7021 – Public relations and communication activities,5
Slough,Advertising and marketing,7311 – Advertising agencies,25
Slough,Advertising and marketing,7312 – Media representation,5
Slough,Architecture,7111 – Architectural activities,15
Slough,Crafts,3212 – Manufacture of jewellery and related articles,5
Slough,Design and designer fashion,7410 – Specialised design activities,30
Slough,"Film, TV, video, radio and photography","5911 – Motion picture, video and television programme production activities",40
Slough,"Film, TV, video, radio and photography","5912 – Motion picture, video and television programme post-production activities",5
Slough,"Film, TV, video, radio and photography","5913 – Motion picture, video and television programme distribution activities",0
Slough,"Film, TV, video, radio and photography",5914 – Motion picture projection activities,0
Slough,"Film, TV, video, radio and photography",6010 – Radio broadcasting,0
Slough,"Film, TV, video, radio and photography",6020 – Television programming and broadcasting activities,0
Slough,"Film, TV, video, radio and photography",7420 – Photographic activities,20
Slough,"IT, software and computer services",5821 – Publishing of computer games,0
Slough,"IT, software and computer services",5829 – Other software publishing,10
Slough,"IT, software and computer services",6201 – Computer programming activities,130
Slough,"IT, software and computer services",6202 – Computer consultancy activities,545
Slough,"Music, performing and visual arts",5920 – Sound recording and music publishing activities,5
Slough,"Music, performing and visual arts",8552 – Cultural education,5
Slough,"Music, performing and visual arts",9001 – Performing arts,5
Slough,"Music, performing and visual arts",9002 – Support activities to performing arts,0
Slough,"Music, performing and visual arts",9003 – Artistic creation,10
Slough,"Music, performing and visual arts",9004 – Operation of arts facilities,5
Slough,Publishing,5811 – Book publishing,0
Slough,Publishing,5812 – Publishing of directories and mailing lists,0
Slough,Publishing,5813 – Publishing of newspapers,0
Slough,Publishing,5814 – Publishing of journals and periodicals,5
Slough,Publishing,5819 – Other publishing activities,5
Slough,Publishing,7430 – Translation and interpretation activities,5
South Oxfordshire,Advertising and marketing,7021 – Public relations and communication activities,45
South Oxfordshire,Advertising and marketing,7311 – Advertising agencies,70
South Oxfordshire,Advertising and marketing,7312 – Media representation,15
South Oxfordshire,Architecture,7111 – Architectural activities,75
South Oxfordshire,Crafts,3212 – Manufacture of jewellery and related articles,5
South Oxfordshire,Design and designer fashion,7410 – Specialised design activities,95
South Oxfordshire,"Film, TV, video, radio and photography","5911 – Motion picture, video and television programme production activities",100
South Oxfordshire,"Film, TV, video, radio and photography","5912 – Motion picture, video and television programme post-production activities",20
South Oxfordshire,"Film, TV, video, radio and photography","5913 – Motion picture, video and television programme distribution activities",5
South Oxfordshire,"Film, TV, video, radio and photography",5914 – Motion picture projection activities,0
South Oxfordshire,"Film, TV, video, radio and photography",6010 – Radio broadcasting,0
South Oxfordshire,"Film, TV, video, radio and photography",6020 – Television programming and broadcasting activities,5
South Oxfordshire,"Film, TV, video, radio and photography",7420 – Photographic activities,35
South Oxfordshire,"IT, software and computer services",5821 – Publishing of computer games,0
South Oxfordshire,"IT, software and computer services",5829 – Other software publishing,15
South Oxfordshire,"IT, software and computer services",6201 – Computer programming activities,100
South Oxfordshire,"IT, software and computer services",6202 – Computer consultancy activities,275
South Oxfordshire,"Music, performing and visual arts",5920 – Sound recording and music publishing activities,15
South Oxfordshire,"Music, performing and visual arts",8552 – Cultural education,5
South Oxfordshire,"Music, performing and visual arts",9001 – Performing arts,30
South Oxfordshire,"Music, performing and visual arts",9002 – Support activities to performing arts,25
South Oxfordshire,"Music, performing and visual arts",9003 – Artistic creation,75
South Oxfordshire,"Music, performing and visual arts",9004 – Operation of arts facilities,5
South Oxfordshire,Publishing,5811 – Book publishing,10
South Oxfordshire,Publishing,5812 – Publishing of directories and mailing lists,0
South Oxfordshire,Publishing,5813 – Publishing of newspapers,0
South Oxfordshire,Publishing,5814 – Publishing of journals and periodicals,15
South Oxfordshire,Publishing,5819 – Other publishing activities,15
South Oxfordshire,Publishing,7430 – Translation and interpretation activities,5
Southampton,Advertising and marketing,7021 – Public relations and communication activities,10
Southampton,Advertising and marketing,7311 – Advertising agencies,30
Southampton,Advertising and marketing,7312 – Media representation,10
Southampton,Architecture,7111 – Architectural activities,30
Southampton,Crafts,3212 – Manufacture of jewellery and related articles,5
Southampton,Design and designer fashion,7410 – Specialised design activities,45
Southampton,"Film, TV, video, radio and photography","5911 – Motion picture, video and television programme production activities",30
Southampton,"Film, TV, video, radio and photography","5912 – Motion picture, video and television programme post-production activities",0
Southampton,"Film, TV, video, radio and photography","5913 – Motion picture, video and television programme distribution activities",0
Southampton,"Film, TV, video, radio and photography",5914 – Motion picture projection activities,0
Southampton,"Film, TV, video, radio and photography",6010 – Radio broadcasting,5
Southampton,"Film, TV, video, radio and photography",6020 – Television programming and broadcasting activities,5
Southampton,"Film, TV, video, radio and photography",7420 – Photographic activities,25
Southampton,"IT, software and computer services",5821 – Publishing of computer games,0
Southampton,"IT, software and computer services",5829 – Other software publishing,10
Southampton,"IT, software and computer services",6201 – Computer programming activities,75
Southampton,"IT, software and computer services",6202 – Computer consultancy activities,145
Southampton,"Music, performing and visual arts",5920 – Sound recording and music publishing activities,10
Southampton,"Music, performing and visual arts",8552 – Cultural education,5
Southampton,"Music, performing and visual arts",9001 – Performing arts,5
Southampton,"Music, performing and visual arts",9002 – Support activities to performing arts,15
Southampton,"Music, performing and visual arts",9003 – Artistic creation,15
Southampton,"Music, performing and visual arts",9004 – Operation of arts facilities,0
Southampton,Publishing,5811 – Book publishing,5
Southampton,Publishing,5812 – Publishing of directories and mailing lists,0
Southampton,Publishing,5813 – Publishing of newspapers,5
Southampton,Publishing,5814 – Publishing of journals and periodicals,0
Southampton,Publishing,5819 – Other publishing activities,10
Southampton,Publishing,7430 – Translation and interpretation activities,0
Spelthorne,Advertising and marketing,7021 – Public relations and communication activities,10
Spelthorne,Advertising and marketing,7311 – Advertising agencies,20
Spelthorne,Advertising and marketing,7312 – Media representation,5
Spelthorne,Architecture,7111 – Architectural activities,25
Spelthorne,Crafts,3212 – Manufacture of jewellery and related articles,0
Spelthorne,Design and designer fashion,7410 – Specialised design activities,40
Spelthorne,"Film, TV, video, radio and photography","5911 – Motion picture, video and television programme production activities",95
Spelthorne,"Film, TV, video, radio and photography","5912 – Motion picture, video and television programme post-production activities",15
Spelthorne,"Film, TV, video, radio and photography","5913 – Motion picture, video and television programme distribution activities",5
Spelthorne,"Film, TV, video, radio and photography",5914 – Motion picture projection activities,0
Spelthorne,"Film, TV, video, radio and photography",6010 – Radio broadcasting,0
Spelthorne,"Film, TV, video, radio and photography",6020 – Television programming and broadcasting activities,10
Spelthorne,"Film, TV, video, radio and photography",7420 – Photographic activities,10
Spelthorne,"IT, software and computer services",5821 – Publishing of computer games,0
Spelthorne,"IT, software and computer services",5829 – Other software publishing,0
Spelthorne,"IT, software and computer services",6201 – Computer programming activities,60
Spelthorne,"IT, software and computer services",6202 – Computer consultancy activities,255
Spelthorne,"Music, performing and visual arts",5920 – Sound recording and music publishing activities,10
Spelthorne,"Music, performing and visual arts",8552 – Cultural education,0
Spelthorne,"Music, performing and visual arts",9001 – Performing arts,20
Spelthorne,"Music, performing and visual arts",9002 – Support activities to performing arts,15
Spelthorne,"Music, performing and visual arts",9003 – Artistic creation,20
Spelthorne,"Music, performing and visual arts",9004 – Operation of arts facilities,0
Spelthorne,Publishing,5811 – Book publishing,5
Spelthorne,Publishing,5812 – Publishing of directories and mailing lists,0
Spelthorne,Publishing,5813 – Publishing of newspapers,0
Spelthorne,Publishing,5814 – Publishing of journals and periodicals,5
Spelthorne,Publishing,5819 – Other publishing activities,10
Spelthorne,Publishing,7430 – Translation and interpretation activities,0
Surrey Heath,Advertising and marketing,7021 – Public relations and communication activities,10
Surrey Heath,Advertising and marketing,7311 – Advertising agencies,30
Surrey Heath,Advertising and marketing,7312 – Media representation,10
Surrey Heath,Architecture,7111 – Architectural activities,30
Surrey Heath,Crafts,3212 – Manufacture of jewellery and related articles,0
Surrey Heath,Design and designer fashion,7410 – Specialised design activities,40
Surrey Heath,"Film, TV, video, radio and photography","5911 – Motion picture, video and television programme production activities",50
Surrey Heath,"Film, TV, video, radio and photography","5912 – Motion picture, video and television programme post-production activities",10
Surrey Heath,"Film, TV, video, radio and photography","5913 – Motion picture, video and television programme distribution activities",0
Surrey Heath,"Film, TV, video, radio and photography",5914 – Motion picture projection activities,0
Surrey Heath,"Film, TV, video, radio and photography",6010 – Radio broadcasting,0
Surrey Heath,"Film, TV, video, radio and photography",6020 – Television programming and broadcasting activities,5
Surrey Heath,"Film, TV, video, radio and photography",7420 – Photographic activities,15
Surrey Heath,"IT, software and computer services",5821 – Publishing of computer games,0
Surrey Heath,"IT, software and computer services",5829 – Other software publishing,5
Surrey Heath,"IT, software and computer services",6201 – Computer programming activities,60
Surrey Heath,"IT, software and computer services",6202 – Computer consultancy activities,235
Surrey Heath,"Music, performing and visual arts",5920 – Sound recording and music publishing activities,10
Surrey Heath,"Music, performing and visual arts",8552 – Cultural education,5
Surrey Heath,"Music, performing and visual arts",9001 – Performing arts,10
Surrey Heath,"Music, performing and visual arts",9002 – Support activities to performing arts,15
Surrey Heath,"Music, performing and visual arts",9003 – Artistic creation,20
Surrey Heath,"Music, performing and visual arts",9004 – Operation of arts facilities,0
Surrey Heath,Publishing,5811 – Book publishing,0
Surrey Heath,Publishing,5812 – Publishing of directories and mailing lists,0
Surrey Heath,Publishing,5813 – Publishing of newspapers,0
Surrey Heath,Publishing,5814 – Publishing of journals and periodicals,0
Surrey Heath,Publishing,5819 – Other publishing activities,5
Surrey Heath,Publishing,7430 – Translation and interpretation activities,0
Swale,Advertising and marketing,7021 – Public relations and communication activities,5
Swale,Advertising and marketing,7311 – Advertising agencies,15
Swale,Advertising and marketing,7312 – Media representation,5
Swale,Architecture,7111 – Architectural activities,35
Swale,Crafts,3212 – Manufacture of jewellery and related articles,5
Swale,Design and designer fashion,7410 – Specialised design activities,40
Swale,"Film, TV, video, radio and photography","5911 – Motion picture, video and television programme production activities",20
Swale,"Film, TV, video, radio and photography","5912 – Motion picture, video and television programme post-production activities",5
Swale,"Film, TV, video, radio and photography","5913 – Motion picture, video and television programme distribution activities",0
Swale,"Film, TV, video, radio and photography",5914 – Motion picture projection activities,0
Swale,"Film, TV, video, radio and photography",6010 – Radio broadcasting,5
Swale,"Film, TV, video, radio and photography",6020 – Television programming and broadcasting activities,5
Swale,"Film, TV, video, radio and photography",7420 – Photographic activities,10
Swale,"IT, software and computer services",5821 – Publishing of computer games,0
Swale,"IT, software and computer services",5829 – Other software publishing,0
Swale,"IT, software and computer services",6201 – Computer programming activities,35
Swale,"IT, software and computer services",6202 – Computer consultancy activities,100
Swale,"Music, performing and visual arts",5920 – Sound recording and music publishing activities,5
Swale,"Music, performing and visual arts",8552 – Cultural education,0
Swale,"Music, performing and visual arts",9001 – Performing arts,10
Swale,"Music, performing and visual arts",9002 – Support activities to performing arts,10
Swale,"Music, performing and visual arts",9003 – Artistic creation,20
Swale,"Music, performing and visual arts",9004 – Operation of arts facilities,0
Swale,Publishing,5811 – Book publishing,0
Swale,Publishing,5812 – Publishing of directories and mailing lists,0
Swale,Publishing,5813 – Publishing of newspapers,0
Swale,Publishing,5814 – Publishing of journals and periodicals,0
Swale,Publishing,5819 – Other publishing activities,0
Swale,Publishing,7430 – Translation and interpretation activities,5
Tandridge,Advertising and marketing,7021 – Public relations and communication activities,15
Tandridge,Advertising and marketing,7311 – Advertising agencies,35
Tandridge,Advertising and marketing,7312 – Media representation,10
Tandridge,Architecture,7111 – Architectural activities,35
Tandridge,Crafts,3212 – Manufacture of jewellery and related articles,5
Tandridge,Design and designer fashion,7410 – Specialised design activities,35
Tandridge,"Film, TV, video, radio and photography","5911 – Motion picture, video and television programme production activities",45
Tandridge,"Film, TV, video, radio and photography","5912 – Motion picture, video and television programme post-production activities",10
Tandridge,"Film, TV, video, radio and photography","5913 – Motion picture, video and television programme distribution activities",0
Tandridge,"Film, TV, video, radio and photography",5914 – Motion picture projection activities,0
Tandridge,"Film, TV, video, radio and photography",6010 – Radio broadcasting,0
Tandridge,"Film, TV, video, radio and photography",6020 – Television programming and broadcasting activities,5
Tandridge,"Film, TV, video, radio and photography",7420 – Photographic activities,15
Tandridge,"IT, software and computer services",5821 – Publishing of computer games,0
Tandridge,"IT, software and computer services",5829 – Other software publishing,5
Tandridge,"IT, software and computer services",6201 – Computer programming activities,55
Tandridge,"IT, software and computer services",6202 – Computer consultancy activities,150
Tandridge,"Music, performing and visual arts",5920 – Sound recording and music publishing activities,20
Tandridge,"Music, performing and visual arts",8552 – Cultural education,5
Tandridge,"Music, performing and visual arts",9001 – Performing arts,25
Tandridge,"Music, performing and visual arts",9002 – Support activities to performing arts,10
Tandridge,"Music, performing and visual arts",9003 – Artistic creation,25
Tandridge,"Music, performing and visual arts",9004 – Operation of arts facilities,0
Tandridge,Publishing,5811 – Book publishing,5
Tandridge,Publishing,5812 – Publishing of directories and mailing lists,0
Tandridge,Publishing,5813 – Publishing of newspapers,0
Tandridge,Publishing,5814 – Publishing of journals and periodicals,10
Tandridge,Publishing,5819 – Other publishing activities,5
Tandridge,Publishing,7430 – Translation and interpretation activities,0
Test Valley,Advertising and marketing,7021 – Public relations and communication activities,20
Test Valley,Advertising and marketing,7311 – Advertising agencies,30
Test Valley,Advertising and marketing,7312 – Media representation,5
Test Valley,Architecture,7111 – Architectural activities,20
Test Valley,Crafts,3212 – Manufacture of jewellery and related articles,0
Test Valley,Design and designer fashion,7410 – Specialised design activities,60
Test Valley,"Film, TV, video, radio and photography","5911 – Motion picture, video and television programme production activities",35
Test Valley,"Film, TV, video, radio and photography","5912 – Motion picture, video and television programme post-production activities",5
Test Valley,"Film, TV, video, radio and photography","5913 – Motion picture, video and television programme distribution activities",0
Test Valley,"Film, TV, video, radio and photography",5914 – Motion picture projection activities,0
Test Valley,"Film, TV, video, radio and photography",6010 – Radio broadcasting,0
Test Valley,"Film, TV, video, radio and photography",6020 – Television programming and broadcasting activities,5
Test Valley,"Film, TV, video, radio and photography",7420 – Photographic activities,15
Test Valley,"IT, software and computer services",5821 – Publishing of computer games,5
Test Valley,"IT, software and computer services",5829 – Other software publishing,10
Test Valley,"IT, software and computer services",6201 – Computer programming activities,70
Test Valley,"IT, software and computer services",6202 – Computer consultancy activities,165
Test Valley,"Music, performing and visual arts",5920 – Sound recording and music publishing activities,5
Test Valley,"Music, performing and visual arts",8552 – Cultural education,5
Test Valley,"Music, performing and visual arts",9001 – Performing arts,10
Test Valley,"Music, performing and visual arts",9002 – Support activities to performing arts,15
Test Valley,"Music, performing and visual arts",9003 – Artistic creation,35
Test Valley,"Music, performing and visual arts",9004 – Operation of arts facilities,0
Test Valley,Publishing,5811 – Book publishing,5
Test Valley,Publishing,5812 – Publishing of directories and mailing lists,0
Test Valley,Publishing,5813 – Publishing of newspapers,0
Test Valley,Publishing,5814 – Publishing of journals and periodicals,0
Test Valley,Publishing,5819 – Other publishing activities,5
Test Valley,Publishing,7430 – Translation and interpretation activities,5
Thanet,Advertising and marketing,7021 – Public relations and communication activities,10
Thanet,Advertising and marketing,7311 – Advertising agencies,25
Thanet,Advertising and marketing,7312 – Media representation,15
Thanet,Architecture,7111 – Architectural activities,25
Thanet,Crafts,3212 – Manufacture of jewellery and related articles,0
Thanet,Design and designer fashion,7410 – Specialised design activities,80
Thanet,"Film, TV, video, radio and photography","5911 – Motion picture, video and television programme production activities",80
Thanet,"Film, TV, video, radio and photography","5912 – Motion picture, video and television programme post-production activities",5
Thanet,"Film, TV, video, radio and photography","5913 – Motion picture, video and television programme distribution activities",0
Thanet,"Film, TV, video, radio and photography",5914 – Motion picture projection activities,0
Thanet,"Film, TV, video, radio and photography",6010 – Radio broadcasting,5
Thanet,"Film, TV, video, radio and photography",6020 – Television programming and broadcasting activities,5
Thanet,"Film, TV, video, radio and photography",7420 – Photographic activities,20
Thanet,"IT, software and computer services",5821 – Publishing of computer games,5
Thanet,"IT, software and computer services",5829 – Other software publishing,0
Thanet,"IT, software and computer services",6201 – Computer programming activities,50
Thanet,"IT, software and computer services",6202 – Computer consultancy activities,65
Thanet,"Music, performing and visual arts",5920 – Sound recording and music publishing activities,20
Thanet,"Music, performing and visual arts",8552 – Cultural education,5
Thanet,"Music, performing and visual arts",9001 – Performing arts,25
Thanet,"Music, performing and visual arts",9002 – Support activities to performing arts,25
Thanet,"Music, performing and visual arts",9003 – Artistic creation,60
Thanet,"Music, performing and visual arts",9004 – Operation of arts facilities,5
Thanet,Publishing,5811 – Book publishing,0
Thanet,Publishing,5812 – Publishing of directories and mailing lists,0
Thanet,Publishing,5813 – Publishing of newspapers,0
Thanet,Publishing,5814 – Publishing of journals and periodicals,10
Thanet,Publishing,5819 – Other publishing activities,15
Thanet,Publishing,7430 – Translation and interpretation activities,5
Tonbridge and Malling,Advertising and marketing,7021 – Public relations and communication activities,30
Tonbridge and Malling,Advertising and marketing,7311 – Advertising agencies,60
Tonbridge and Malling,Advertising and marketing,7312 – Media representation,10
Tonbridge and Malling,Architecture,7111 – Architectural activities,40
Tonbridge and Malling,Crafts,3212 – Manufacture of jewellery and related articles,5
Tonbridge and Malling,Design and designer fashion,7410 – Specialised design activities,70
Tonbridge and Malling,"Film, TV, video, radio and photography","5911 – Motion picture, video and television programme production activities",45
Tonbridge and Malling,"Film, TV, video, radio and photography","5912 – Motion picture, video and television programme post-production activities",5
Tonbridge and Malling,"Film, TV, video, radio and photography","5913 – Motion picture, video and television programme distribution activities",0
Tonbridge and Malling,"Film, TV, video, radio and photography",5914 – Motion picture projection activities,0
Tonbridge and Malling,"Film, TV, video, radio and photography",6010 – Radio broadcasting,0
Tonbridge and Malling,"Film, TV, video, radio and photography",6020 – Television programming and broadcasting activities,0
Tonbridge and Malling,"Film, TV, video, radio and photography",7420 – Photographic activities,20
Tonbridge and Malling,"IT, software and computer services",5821 – Publishing of computer games,0
Tonbridge and Malling,"IT, software and computer services",5829 – Other software publishing,5
Tonbridge and Malling,"IT, software and computer services",6201 – Computer programming activities,60
Tonbridge and Malling,"IT, software and computer services",6202 – Computer consultancy activities,195
Tonbridge and Malling,"Music, performing and visual arts",5920 – Sound recording and music publishing activities,5
Tonbridge and Malling,"Music, performing and visual arts",8552 – Cultural education,5
Tonbridge and Malling,"Music, performing and visual arts",9001 – Performing arts,20
Tonbridge and Malling,"Music, performing and visual arts",9002 – Support activities to performing arts,10
Tonbridge and Malling,"Music, performing and visual arts",9003 – Artistic creation,30
Tonbridge and Malling,"Music, performing and visual arts",9004 – Operation of arts facilities,0
Tonbridge and Malling,Publishing,5811 – Book publishing,10
Tonbridge and Malling,Publishing,5812 – Publishing of directories and mailing lists,0
Tonbridge and Malling,Publishing,5813 – Publishing of newspapers,0
Tonbridge and Malling,Publishing,5814 – Publishing of journals and periodicals,15
Tonbridge and Malling,Publishing,5819 – Other publishing activities,10
Tonbridge and Malling,Publishing,7430 – Translation and interpretation activities,5
Tunbridge Wells,Advertising and marketing,7021 – Public relations and communication activities,25
Tunbridge Wells,Advertising and marketing,7311 – Advertising agencies,70
Tunbridge Wells,Advertising and marketing,7312 – Media representation,20
Tunbridge Wells,Architecture,7111 – Architectural activities,65
Tunbridge Wells,Crafts,3212 – Manufacture of jewellery and related articles,10
Tunbridge Wells,Design and designer fashion,7410 – Specialised design activities,110
Tunbridge Wells,"Film, TV, video, radio and photography","5911 – Motion picture, video and television programme production activities",95
Tunbridge Wells,"Film, TV, video, radio and photography","5912 – Motion picture, video and television programme post-production activities",20
Tunbridge Wells,"Film, TV, video, radio and photography","5913 – Motion picture, video and television programme distribution activities",0
Tunbridge Wells,"Film, TV, video, radio and photography",5914 – Motion picture projection activities,0
Tunbridge Wells,"Film, TV, video, radio and photography",6010 – Radio broadcasting,0
Tunbridge Wells,"Film, TV, video, radio and photography",6020 – Television programming and broadcasting activities,10
Tunbridge Wells,"Film, TV, video, radio and photography",7420 – Photographic activities,25
Tunbridge Wells,"IT, software and computer services",5821 – Publishing of computer games,0
Tunbridge Wells,"IT, software and computer services",5829 – Other software publishing,10
Tunbridge Wells,"IT, software and computer services",6201 – Computer programming activities,100
Tunbridge Wells,"IT, software and computer services",6202 – Computer consultancy activities,185
Tunbridge Wells,"Music, performing and visual arts",5920 – Sound recording and music publishing activities,10
Tunbridge Wells,"Music, performing and visual arts",8552 – Cultural education,5
Tunbridge Wells,"Music, performing and visual arts",9001 – Performing arts,25
Tunbridge Wells,"Music, performing and visual arts",9002 – Support activities to performing arts,15
Tunbridge Wells,"Music, performing and visual arts",9003 – Artistic creation,50
Tunbridge Wells,"Music, performing and visual arts",9004 – Operation of arts facilities,0
Tunbridge Wells,Publishing,5811 – Book publishing,10
Tunbridge Wells,Publishing,5812 – Publishing of directories and mailing lists,5
Tunbridge Wells,Publishing,5813 – Publishing of newspapers,0
Tunbridge Wells,Publishing,5814 – Publishing of journals and periodicals,20
Tunbridge Wells,Publishing,5819 – Other publishing activities,15
Tunbridge Wells,Publishing,7430 – Translation and interpretation activities,5
Vale of White Horse,Advertising and marketing,7021 – Public relations and communication activities,15
Vale of White Horse,Advertising and marketing,7311 – Advertising agencies,35
Vale of White Horse,Advertising and marketing,7312 – Media representation,5
Vale of White Horse,Architecture,7111 – Architectural activities,40
Vale of White Horse,Crafts,3212 – Manufacture of jewellery and related articles,0
Vale of White Horse,Design and designer fashion,7410 – Specialised design activities,35
Vale of White Horse,"Film, TV, video, radio and photography","5911 – Motion picture, video and television programme production activities",35
Vale of White Horse,"Film, TV, video, radio and photography","5912 – Motion picture, video and television programme post-production activities",10
Vale of White Horse,"Film, TV, video, radio and photography","5913 – Motion picture, video and television programme distribution activities",0
Vale of White Horse,"Film, TV, video, radio and photography",5914 – Motion picture projection activities,0
Vale of White Horse,"Film, TV, video, radio and photography",6010 – Radio broadcasting,5
Vale of White Horse,"Film, TV, video, radio and photography",6020 – Television programming and broadcasting activities,0
Vale of White Horse,"Film, TV, video, radio and photography",7420 – Photographic activities,15
Vale of White Horse,"IT, software and computer services",5821 – Publishing of computer games,0
Vale of White Horse,"IT, software and computer services",5829 – Other software publishing,10
Vale of White Horse,"IT, software and computer services",6201 – Computer programming activities,90
Vale of White Horse,"IT, software and computer services",6202 – Computer consultancy activities,205
Vale of White Horse,"Music, performing and visual arts",5920 – Sound recording and music publishing activities,5
Vale of White Horse,"Music, performing and visual arts",8552 – Cultural education,10
Vale of White Horse,"Music, performing and visual arts",9001 – Performing arts,35
Vale of White Horse,"Music, performing and visual arts",9002 – Support activities to performing arts,20
Vale of White Horse,"Music, performing and visual arts",9003 – Artistic creation,30
Vale of White Horse,"Music, performing and visual arts",9004 – Operation of arts facilities,0
Vale of White Horse,Publishing,5811 – Book publishing,10
Vale of White Horse,Publishing,5812 – Publishing of directories and mailing lists,0
Vale of White Horse,Publishing,5813 – Publishing of newspapers,0
Vale of White Horse,Publishing,5814 – Publishing of journals and periodicals,5
Vale of White Horse,Publishing,5819 – Other publishing activities,10
Vale of White Horse,Publishing,7430 – Translation and interpretation activities,5
Waverley,Advertising and marketing,7021 – Public relations and communication activities,50
Waverley,Advertising and marketing,7311 – Advertising agencies,75
Waverley,Advertising and marketing,7312 – Media representation,15
Waverley,Architecture,7111 – Architectural activities,70
Waverley,Crafts,3212 – Manufacture of jewellery and related articles,5
Waverley,Design and designer fashion,7410 – Specialised design activities,105
Waverley,"Film, TV, video, radio and photography","5911 – Motion picture, video and television programme production activities",110
Waverley,"Film, TV, video, radio and photography","5912 – Motion picture, video and television programme post-production activities",15
Waverley,"Film, TV, video, radio and photography","5913 – Motion picture, video and television programme distribution activities",5
Waverley,"Film, TV, video, radio and photography",5914 – Motion picture projection activities,0
Waverley,"Film, TV, video, radio and photography",6010 – Radio broadcasting,5
Waverley,"Film, TV, video, radio and photography",6020 – Television programming and broadcasting activities,5
Waverley,"Film, TV, video, radio and photography",7420 – Photographic activities,40
Waverley,"IT, software and computer services",5821 – Publishing of computer games,0
Waverley,"IT, software and computer services",5829 – Other software publishing,10
Waverley,"IT, software and computer services",6201 – Computer programming activities,115
Waverley,"IT, software and computer services",6202 – Computer consultancy activities,335
Waverley,"Music, performing and visual arts",5920 – Sound recording and music publishing activities,20
Waverley,"Music, performing and visual arts",8552 – Cultural education,5
Waverley,"Music, performing and visual arts",9001 – Performing arts,40
Waverley,"Music, performing and visual arts",9002 – Support activities to performing arts,20
Waverley,"Music, performing and visual arts",9003 – Artistic creation,65
Waverley,"Music, performing and visual arts",9004 – Operation of arts facilities,5
Waverley,Publishing,5811 – Book publishing,10
Waverley,Publishing,5812 – Publishing of directories and mailing lists,0
Waverley,Publishing,5813 – Publishing of newspapers,5
Waverley,Publishing,5814 – Publishing of journals and periodicals,10
Waverley,Publishing,5819 – Other publishing activities,10
Waverley,Publishing,7430 – Translation and interpretation activities,10
Wealden,Advertising and marketing,7021 – Public relations and communication activities,30
Wealden,Advertising and marketing,7311 – Advertising agencies,60
Wealden,Advertising and marketing,7312 – Media representation,10
Wealden,Architecture,7111 – Architectural activities,65
Wealden,Crafts,3212 – Manufacture of jewellery and related articles,5
Wealden,Design and designer fashion,7410 – Specialised design activities,90
Wealden,"Film, TV, video, radio and photography","5911 – Motion picture, video and television programme production activities",80
Wealden,"Film, TV, video, radio and photography","5912 – Motion picture, video and television programme post-production activities",10
Wealden,"Film, TV, video, radio and photography","5913 – Motion picture, video and television programme distribution activities",0
Wealden,"Film, TV, video, radio and photography",5914 – Motion picture projection activities,0
Wealden,"Film, TV, video, radio and photography",6010 – Radio broadcasting,5
Wealden,"Film, TV, video, radio and photography",6020 – Television programming and broadcasting activities,5
Wealden,"Film, TV, video, radio and photography",7420 – Photographic activities,35
Wealden,"IT, software and computer services",5821 – Publishing of computer games,5
Wealden,"IT, software and computer services",5829 – Other software publishing,10
Wealden,"IT, software and computer services",6201 – Computer programming activities,85
Wealden,"IT, software and computer services",6202 – Computer consultancy activities,205
Wealden,"Music, performing and visual arts",5920 – Sound recording and music publishing activities,10
Wealden,"Music, performing and visual arts",8552 – Cultural education,10
Wealden,"Music, performing and visual arts",9001 – Performing arts,40
Wealden,"Music, performing and visual arts",9002 – Support activities to performing arts,15
Wealden,"Music, performing and visual arts",9003 – Artistic creation,55
Wealden,"Music, performing and visual arts",9004 – Operation of arts facilities,5
Wealden,Publishing,5811 – Book publishing,10
Wealden,Publishing,5812 – Publishing of directories and mailing lists,0
Wealden,Publishing,5813 – Publishing of newspapers,5
Wealden,Publishing,5814 – Publishing of journals and periodicals,20
Wealden,Publishing,5819 – Other publishing activities,25
Wealden,Publishing,7430 – Translation and interpretation activities,5
West Berkshire,Advertising and marketing,7021 – Public relations and communication activities,20
West Berkshire,Advertising and marketing,7311 – Advertising agencies,50
West Berkshire,Advertising and marketing,7312 – Media representation,10
West Berkshire,Architecture,7111 – Architectural activities,45
West Berkshire,Crafts,3212 – Manufacture of jewellery and related articles,5
West Berkshire,Design and designer fashion,7410 – Specialised design activities,100
West Berkshire,"Film, TV, video, radio and photography","5911 – Motion picture, video and television programme production activities",40
West Berkshire,"Film, TV, video, radio and photography","5912 – Motion picture, video and television programme post-production activities",10
West Berkshire,"Film, TV, video, radio and photography","5913 – Motion picture, video and television programme distribution activities",5
West Berkshire,"Film, TV, video, radio and photography",5914 – Motion picture projection activities,0
West Berkshire,"Film, TV, video, radio and photography",6010 – Radio broadcasting,5
West Berkshire,"Film, TV, video, radio and photography",6020 – Television programming and broadcasting activities,5
West Berkshire,"Film, TV, video, radio and photography",7420 – Photographic activities,20
West Berkshire,"IT, software and computer services",5821 – Publishing of computer games,0
West Berkshire,"IT, software and computer services",5829 – Other software publishing,20
West Berkshire,"IT, software and computer services",6201 – Computer programming activities,125
West Berkshire,"IT, software and computer services",6202 – Computer consultancy activities,430
West Berkshire,"Music, performing and visual arts",5920 – Sound recording and music publishing activities,10
West Berkshire,"Music, performing and visual arts",8552 – Cultural education,5
West Berkshire,"Music, performing and visual arts",9001 – Performing arts,25
West Berkshire,"Music, performing and visual arts",9002 – Support activities to performing arts,10
West Berkshire,"Music, performing and visual arts",9003 – Artistic creation,40
West Berkshire,"Music, performing and visual arts",9004 – Operation of arts facilities,0
West Berkshire,Publishing,5811 – Book publishing,10
West Berkshire,Publishing,5812 – Publishing of directories and mailing lists,0
West Berkshire,Publishing,5813 – Publishing of newspapers,0
West Berkshire,Publishing,5814 – Publishing of journals and periodicals,10
West Berkshire,Publishing,5819 – Other publishing activities,15
West Berkshire,Publishing,7430 – Translation and interpretation activities,5
West Oxfordshire,Advertising and marketing,7021 – Public relations and communication activities,30
West Oxfordshire,Advertising and marketing,7311 – Advertising agencies,50
West Oxfordshire,Advertising and marketing,7312 – Media representation,5
West Oxfordshire,Architecture,7111 – Architectural activities,50
West Oxfordshire,Crafts,3212 – Manufacture of jewellery and related articles,5
West Oxfordshire,Design and designer fashion,7410 – Specialised design activities,80
West Oxfordshire,"Film, TV, video, radio and photography","5911 – Motion picture, video and television programme production activities",60
West Oxfordshire,"Film, TV, video, radio and photography","5912 – Motion picture, video and television programme post-production activities",5
West Oxfordshire,"Film, TV, video, radio and photography","5913 – Motion picture, video and television programme distribution activities",0
West Oxfordshire,"Film, TV, video, radio and photography",5914 – Motion picture projection activities,0
West Oxfordshire,"Film, TV, video, radio and photography",6010 – Radio broadcasting,0
West Oxfordshire,"Film, TV, video, radio and photography",6020 – Television programming and broadcasting activities,5
West Oxfordshire,"Film, TV, video, radio and photography",7420 – Photographic activities,20
West Oxfordshire,"IT, software and computer services",5821 – Publishing of computer games,0
West Oxfordshire,"IT, software and computer services",5829 – Other software publishing,5
West Oxfordshire,"IT, software and computer services",6201 – Computer programming activities,80
West Oxfordshire,"IT, software and computer services",6202 – Computer consultancy activities,180
West Oxfordshire,"Music, performing and visual arts",5920 – Sound recording and music publishing activities,10
West Oxfordshire,"Music, performing and visual arts",8552 – Cultural education,0
West Oxfordshire,"Music, performing and visual arts",9001 – Performing arts,20
West Oxfordshire,"Music, performing and visual arts",9002 – Support activities to performing arts,5
West Oxfordshire,"Music, performing and visual arts",9003 – Artistic creation,75
West Oxfordshire,"Music, performing and visual arts",9004 – Operation of arts facilities,0
West Oxfordshire,Publishing,5811 – Book publishing,15
West Oxfordshire,Publishing,5812 – Publishing of directories and mailing lists,0
West Oxfordshire,Publishing,5813 – Publishing of newspapers,0
West Oxfordshire,Publishing,5814 – Publishing of journals and periodicals,10
West Oxfordshire,Publishing,5819 – Other publishing activities,20
West Oxfordshire,Publishing,7430 – Translation and interpretation activities,0
Winchester,Advertising and marketing,7021 – Public relations and communication activities,25
Winchester,Advertising and marketing,7311 – Advertising agencies,60
Winchester,Advertising and marketing,7312 – Media representation,10
Winchester,Architecture,7111 – Architectural activities,85
Winchester,Crafts,3212 – Manufacture of jewellery and related articles,5
Winchester,Design and designer fashion,7410 – Specialised design activities,70
Winchester,"Film, TV, video, radio and photography","5911 – Motion picture, video and television programme production activities",60
Winchester,"Film, TV, video, radio and photography","5912 – Motion picture, video and television programme post-production activities",10
Winchester,"Film, TV, video, radio and photography","5913 – Motion picture, video and television programme distribution activities",0
Winchester,"Film, TV, video, radio and photography",5914 – Motion picture projection activities,0
Winchester,"Film, TV, video, radio and photography",6010 – Radio broadcasting,5
Winchester,"Film, TV, video, radio and photography",6020 – Television programming and broadcasting activities,5
Winchester,"Film, TV, video, radio and photography",7420 – Photographic activities,20
Winchester,"IT, software and computer services",5821 – Publishing of computer games,0
Winchester,"IT, software and computer services",5829 – Other software publishing,10
Winchester,"IT, software and computer services",6201 – Computer programming activities,110
Winchester,"IT, software and computer services",6202 – Computer consultancy activities,235
Winchester,"Music, performing and visual arts",5920 – Sound recording and music publishing activities,5
Winchester,"Music, performing and visual arts",8552 – Cultural education,5
Winchester,"Music, performing and visual arts",9001 – Performing arts,25
Winchester,"Music, performing and visual arts",9002 – Support activities to performing arts,10
Winchester,"Music, performing and visual arts",9003 – Artistic creation,55
Winchester,"Music, performing and visual arts",9004 – Operation of arts facilities,0
Winchester,Publishing,5811 – Book publishing,5
Winchester,Publishing,5812 – Publishing of directories and mailing lists,0
Winchester,Publishing,5813 – Publishing of newspapers,0
Winchester,Publishing,5814 – Publishing of journals and periodicals,5
Winchester,Publishing,5819 – Other publishing activities,5
Winchester,Publishing,7430 – Translation and interpretation activities,0
Windsor and Maidenhead,Advertising and marketing,7021 – Public relations and communication activities,45
Windsor and Maidenhead,Advertising and marketing,7311 – Advertising agencies,90
Windsor and Maidenhead,Advertising and marketing,7312 – Media representation,15
Windsor and Maidenhead,Architecture,7111 – Architectural activities,60
Windsor and Maidenhead,Crafts,3212 – Manufacture of jewellery and related articles,0
Windsor and Maidenhead,Design and designer fashion,7410 – Specialised design activities,120
Windsor and Maidenhead,"Film, TV, video, radio and photography","5911 – Motion picture, video and television programme production activities",150
Windsor and Maidenhead,"Film, TV, video, radio and photography","5912 – Motion picture, video and television programme post-production activities",15
Windsor and Maidenhead,"Film, TV, video, radio and photography","5913 – Motion picture, video and television programme distribution activities",5
Windsor and Maidenhead,"Film, TV, video, radio and photography",5914 – Motion picture projection activities,0
Windsor and Maidenhead,"Film, TV, video, radio and photography",6010 – Radio broadcasting,5
Windsor and Maidenhead,"Film, TV, video, radio and photography",6020 – Television programming and broadcasting activities,10
Windsor and Maidenhead,"Film, TV, video, radio and photography",7420 – Photographic activities,25
Windsor and Maidenhead,"IT, software and computer services",5821 – Publishing of computer games,0
Windsor and Maidenhead,"IT, software and computer services",5829 – Other software publishing,20
Windsor and Maidenhead,"IT, software and computer services",6201 – Computer programming activities,135
Windsor and Maidenhead,"IT, software and computer services",6202 – Computer consultancy activities,505
Windsor and Maidenhead,"Music, performing and visual arts",5920 – Sound recording and music publishing activities,10
Windsor and Maidenhead,"Music, performing and visual arts",8552 – Cultural education,5
Windsor and Maidenhead,"Music, performing and visual arts",9001 – Performing arts,35
Windsor and Maidenhead,"Music, performing and visual arts",9002 – Support activities to performing arts,35
Windsor and Maidenhead,"Music, performing and visual arts",9003 – Artistic creation,50
Windsor and Maidenhead,"Music, performing and visual arts",9004 – Operation of arts facilities,5
Windsor and Maidenhead,Publishing,5811 – Book publishing,5
Windsor and Maidenhead,Publishing,5812 – Publishing of directories and mailing lists,0
Windsor and Maidenhead,Publishing,5813 – Publishing of newspapers,0
Windsor and Maidenhead,Publishing,5814 – Publishing of journals and periodicals,5
Windsor and Maidenhead,Publishing,5819 – Other publishing activities,10
Windsor and Maidenhead,Publishing,7430 – Translation and interpretation activities,5
Woking,Advertising and marketing,7021 – Public relations and communication activities,10
Woking,Advertising and marketing,7311 – Advertising agencies,45
Woking,Advertising and marketing,7312 – Media representation,5
Woking,Architecture,7111 – Architectural activities,30
Woking,Crafts,3212 – Manufacture of jewellery and related articles,0
Woking,Design and designer fashion,7410 – Specialised design activities,55
Woking,"Film, TV, video, radio and photography","5911 – Motion picture, video and television programme production activities",90
Woking,"Film, TV, video, radio and photography","5912 – Motion picture, video and television programme post-production activities",10
Woking,"Film, TV, video, radio and photography","5913 – Motion picture, video and television programme distribution activities",5
Woking,"Film, TV, video, radio and photography",5914 – Motion picture projection activities,0
Woking,"Film, TV, video, radio and photography",6010 – Radio broadcasting,0
Woking,"Film, TV, video, radio and photography",6020 – Television programming and broadcasting activities,5
Woking,"Film, TV, video, radio and photography",7420 – Photographic activities,20
Woking,"IT, software and computer services",5821 – Publishing of computer games,0
Woking,"IT, software and computer services",5829 – Other software publishing,10
Woking,"IT, software and computer services",6201 – Computer programming activities,85
Woking,"IT, software and computer services",6202 – Computer consultancy activities,275
Woking,"Music, performing and visual arts",5920 – Sound recording and music publishing activities,10
Woking,"Music, performing and visual arts",8552 – Cultural education,5
Woking,"Music, performing and visual arts",9001 – Performing arts,20
Woking,"Music, performing and visual arts",9002 – Support activities to performing arts,15
Woking,"Music, performing and visual arts",9003 – Artistic creation,25
Woking,"Music, performing and visual arts",9004 – Operation of arts facilities,0
Woking,Publishing,5811 – Book publishing,0
Woking,Publishing,5812 – Publishing of directories and mailing lists,0
Woking,Publishing,5813 – Publishing of newspapers,0
Woking,Publishing,5814 – Publishing of journals and periodicals,0
Woking,Publishing,5819 – Other publishing activities,5
Woking,Publishing,7430 – Translation and interpretation activities,0
Wokingham,Advertising and marketing,7021 – Public relations and communication activities,20
Wokingham,Advertising and marketing,7311 – Advertising agencies,50
Wokingham,Advertising and marketing,7312 – Media representation,15
Wokingham,Architecture,7111 – Architectural activities,45
Wokingham,Crafts,3212 – Manufacture of jewellery and related articles,0
Wokingham,Design and designer fashion,7410 – Specialised design activities,80
Wokingham,"Film, TV, video, radio and photography","5911 – Motion picture, video and television programme production activities",110
Wokingham,"Film, TV, video, radio and photography","5912 – Motion picture, video and television programme post-production activities",10
Wokingham,"Film, TV, video, radio and photography","5913 – Motion picture, video and television programme distribution activities",0
Wokingham,"Film, TV, video, radio and photography",5914 – Motion picture projection activities,0
Wokingham,"Film, TV, video, radio and photography",6010 – Radio broadcasting,0
Wokingham,"Film, TV, video, radio and photography",6020 – Television programming and broadcasting activities,5
Wokingham,"Film, TV, video, radio and photography",7420 – Photographic activities,30
Wokingham,"IT, software and computer services",5821 – Publishing of computer games,5
Wokingham,"IT, software and computer services",5829 – Other software publishing,20
Wokingham,"IT, software and computer services",6201 – Computer programming activities,220
Wokingham,"IT, software and computer services",6202 – Computer consultancy activities,950
Wokingham,"Music, performing and visual arts",5920 – Sound recording and music publishing activities,10
Wokingham,"Music, performing and visual arts",8552 – Cultural education,10
Wokingham,"Music, performing and visual arts",9001 – Performing arts,20
Wokingham,"Music, performing and visual arts",9002 – Support activities to performing arts,15
Wokingham,"Music, performing and visual arts",9003 – Artistic creation,20
Wokingham,"Music, performing and visual arts",9004 – Operation of arts facilities,0
Wokingham,Publishing,5811 – Book publishing,5
Wokingham,Publishing,5812 – Publishing of directories and mailing lists,0
Wokingham,Publishing,5813 – Publishing of newspapers,0
Wokingham,Publishing,5814 – Publishing of journals and periodicals,5
Wokingham,Publishing,5819 – Other publishing activities,5
Wokingham,Publishing,7430 – Translation and interpretation activities,5
Worthing,Advertising and marketing,7021 – Public relations and communication activities,10
Worthing,Advertising and marketing,7311 – Advertising agencies,30
Worthing,Advertising and marketing,7312 – Media representation,10
Worthing,Architecture,7111 – Architectural activities,25
Worthing,Crafts,3212 – Manufacture of jewellery and related articles,0
Worthing,Design and designer fashion,7410 – Specialised design activities,50
Worthing,"Film, TV, video, radio and photography","5911 – Motion picture, video and television programme production activities",150
Worthing,"Film, TV, video, radio and photography","5912 – Motion picture, video and television programme post-production activities",10
Worthing,"Film, TV, video, radio and photography","5913 – Motion picture, video and television programme distribution activities",0
Worthing,"Film, TV, video, radio and photography",5914 – Motion picture projection activities,0
Worthing,"Film, TV, video, radio and photography",6010 – Radio broadcasting,0
Worthing,"Film, TV, video, radio and photography",6020 – Television programming and broadcasting activities,0
Worthing,"Film, TV, video, radio and photography",7420 – Photographic activities,15
Worthing,"IT, software and computer services",5821 – Publishing of computer games,0
Worthing,"IT, software and computer services",5829 – Other software publishing,5
Worthing,"IT, software and computer services",6201 – Computer programming activities,55
Worthing,"IT, software and computer services",6202 – Computer consultancy activities,110
Worthing,"Music, performing and visual arts",5920 – Sound recording and music publishing activities,15
Worthing,"Music, performing and visual arts",8552 – Cultural education,0
Worthing,"Music, performing and visual arts",9001 – Performing arts,15
Worthing,"Music, performing and visual arts",9002 – Support activities to performing arts,15
Worthing,"Music, performing and visual arts",9003 – Artistic creation,15
Worthing,"Music, performing and visual arts",9004 – Operation of arts facilities,0
Worthing,Publishing,5811 – Book publishing,5
Worthing,Publishing,5812 – Publishing of directories and mailing lists,0
Worthing,Publishing,5813 – Publishing of newspapers,0
Worthing,Publishing,5814 – Publishing of journals and periodicals,5
Worthing,Publishing,5819 – Other publishing activities,5
Worthing,Publishing,7430 – Translation and interpretation activities,0
Bath and North East Somerset,Advertising and marketing,7021 – Public relations and communication activities,30
Bath and North East Somerset,Advertising and marketing,7311 – Advertising agencies,65
Bath and North East Somerset,Advertising and marketing,7312 – Media representation,15
Bath and North East Somerset,Architecture,7111 – Architectural activities,105
Bath and North East Somerset,Crafts,3212 – Manufacture of jewellery and related articles,5
Bath and North East Somerset,Design and designer fashion,7410 – Specialised design activities,135
Bath and North East Somerset,"Film, TV, video, radio and photography","5911 – Motion picture, video and television programme production activities",90
Bath and North East Somerset,"Film, TV, video, radio and photography","5912 – Motion picture, video and television programme post-production activities",5
Bath and North East Somerset,"Film, TV, video, radio and photography","5913 – Motion picture, video and television programme distribution activities",5
Bath and North East Somerset,"Film, TV, video, radio and photography",5914 – Motion picture projection activities,0
Bath and North East Somerset,"Film, TV, video, radio and photography",6010 – Radio broadcasting,5
Bath and North East Somerset,"Film, TV, video, radio and photography",6020 – Television programming and broadcasting activities,5
Bath and North East Somerset,"Film, TV, video, radio and photography",7420 – Photographic activities,35
Bath and North East Somerset,"IT, software and computer services",5821 – Publishing of computer games,0
Bath and North East Somerset,"IT, software and computer services",5829 – Other software publishing,10
Bath and North East Somerset,"IT, software and computer services",6201 – Computer programming activities,130
Bath and North East Somerset,"IT, software and computer services",6202 – Computer consultancy activities,250
Bath and North East Somerset,"Music, performing and visual arts",5920 – Sound recording and music publishing activities,20
Bath and North East Somerset,"Music, performing and visual arts",8552 – Cultural education,10
Bath and North East Somerset,"Music, performing and visual arts",9001 – Performing arts,40
Bath and North East Somerset,"Music, performing and visual arts",9002 – Support activities to performing arts,25
Bath and North East Somerset,"Music, performing and visual arts",9003 – Artistic creation,100
Bath and North East Somerset,"Music, performing and visual arts",9004 – Operation of arts facilities,0
Bath and North East Somerset,Publishing,5811 – Book publishing,30
Bath and North East Somerset,Publishing,5812 – Publishing of directories and mailing lists,5
Bath and North East Somerset,Publishing,5813 – Publishing of newspapers,5
Bath and North East Somerset,Publishing,5814 – Publishing of journals and periodicals,10
Bath and North East Somerset,Publishing,5819 – Other publishing activities,25
Bath and North East Somerset,Publishing,7430 – Translation and interpretation activities,5
"Bournemouth, Christchurch and Poole",Advertising and marketing,7021 – Public relations and communication activities,30
"Bournemouth, Christchurch and Poole",Advertising and marketing,7311 – Advertising agencies,130
"Bournemouth, Christchurch and Poole",Advertising and marketing,7312 – Media representation,30
"Bournemouth, Christchurch and Poole",Architecture,7111 – Architectural activities,95
"Bournemouth, Christchurch and Poole",Crafts,3212 – Manufacture of jewellery and related articles,5
"Bournemouth, Christchurch and Poole",Design and designer fashion,7410 – Specialised design activities,150
"Bournemouth, Christchurch and Poole","Film, TV, video, radio and photography","5911 – Motion picture, video and television programme production activities",90
"Bournemouth, Christchurch and Poole","Film, TV, video, radio and photography","5912 – Motion picture, video and television programme post-production activities",10
"Bournemouth, Christchurch and Poole","Film, TV, video, radio and photography","5913 – Motion picture, video and television programme distribution activities",0
"Bournemouth, Christchurch and Poole","Film, TV, video, radio and photography",5914 – Motion picture projection activities,0
"Bournemouth, Christchurch and Poole","Film, TV, video, radio and photography",6010 – Radio broadcasting,5
"Bournemouth, Christchurch and Poole","Film, TV, video, radio and photography",6020 – Television programming and broadcasting activities,5
"Bournemouth, Christchurch and Poole","Film, TV, video, radio and photography",7420 – Photographic activities,45
"Bournemouth, Christchurch and Poole","IT, software and computer services",5821 – Publishing of computer games,5
"Bournemouth, Christchurch and Poole","IT, software and computer services",5829 – Other software publishing,15
"Bournemouth, Christchurch and Poole","IT, software and computer services",6201 – Computer programming activities,225
"Bournemouth, Christchurch and Poole","IT, software and computer services",6202 – Computer consultancy activities,405
"Bournemouth, Christchurch and Poole","Music, performing and visual arts",5920 – Sound recording and music publishing activities,15
"Bournemouth, Christchurch and Poole","Music, performing and visual arts",8552 – Cultural education,10
"Bournemouth, Christchurch and Poole","Music, performing and visual arts",9001 – Performing arts,35
"Bournemouth, Christchurch and Poole","Music, performing and visual arts",9002 – Support activities to performing arts,30
"Bournemouth, Christchurch and Poole","Music, performing and visual arts",9003 – Artistic creation,55
"Bournemouth, Christchurch and Poole","Music, performing and visual arts",9004 – Operation of arts facilities,5
"Bournemouth, Christchurch and Poole",Publishing,5811 – Book publishing,15
"Bournemouth, Christchurch and Poole",Publishing,5812 – Publishing of directories and mailing lists,0
"Bournemouth, Christchurch and Poole",Publishing,5813 – Publishing of newspapers,0
"Bournemouth, Christchurch and Poole",Publishing,5814 – Publishing of journals and periodicals,5
"Bournemouth, Christchurch and Poole",Publishing,5819 – Other publishing activities,20
"Bournemouth, Christchurch and Poole",Publishing,7430 – Translation and interpretation activities,10
"Bristol, City of",Advertising and marketing,7021 – Public relations and communication activities,50
"Bristol, City of",Advertising and marketing,7311 – Advertising agencies,175
"Bristol, City of",Advertising and marketing,7312 – Media representation,25
"Bristol, City of",Architecture,7111 – Architectural activities,140
"Bristol, City of",Crafts,3212 – Manufacture of jewellery and related articles,5
"Bristol, City of",Design and designer fashion,7410 – Specialised design activities,240
"Bristol, City of","Film, TV, video, radio and photography","5911 – Motion picture, video and television programme production activities",405
"Bristol, City of","Film, TV, video, radio and photography","5912 – Motion picture, video and television programme post-production activities",65
"Bristol, City of","Film, TV, video, radio and photography","5913 – Motion picture, video and television programme distribution activities",5
"Bristol, City of","Film, TV, video, radio and photography",5914 – Motion picture projection activities,5
"Bristol, City of","Film, TV, video, radio and photography",6010 – Radio broadcasting,10
"Bristol, City of","Film, TV, video, radio and photography",6020 – Television programming and broadcasting activities,15
"Bristol, City of","Film, TV, video, radio and photography",7420 – Photographic activities,70
"Bristol, City of","IT, software and computer services",5821 – Publishing of computer games,10
"Bristol, City of","IT, software and computer services",5829 – Other software publishing,35
"Bristol, City of","IT, software and computer services",6201 – Computer programming activities,340
"Bristol, City of","IT, software and computer services",6202 – Computer consultancy activities,580
"Bristol, City of","Music, performing and visual arts",5920 – Sound recording and music publishing activities,60
"Bristol, City of","Music, performing and visual arts",8552 – Cultural education,15
"Bristol, City of","Music, performing and visual arts",9001 – Performing arts,90
"Bristol, City of","Music, performing and visual arts",9002 – Support activities to performing arts,75
"Bristol, City of","Music, performing and visual arts",9003 – Artistic creation,150
"Bristol, City of","Music, performing and visual arts",9004 – Operation of arts facilities,20
"Bristol, City of",Publishing,5811 – Book publishing,20
"Bristol, City of",Publishing,5812 – Publishing of directories and mailing lists,0
"Bristol, City of",Publishing,5813 – Publishing of newspapers,0
"Bristol, City of",Publishing,5814 – Publishing of journals and periodicals,15
"Bristol, City of",Publishing,5819 – Other publishing activities,40
"Bristol, City of",Publishing,7430 – Translation and interpretation activities,20
Cheltenham,Advertising and marketing,7021 – Public relations and communication activities,30
Cheltenham,Advertising and marketing,7311 – Advertising agencies,50
Cheltenham,Advertising and marketing,7312 – Media representation,15
Cheltenham,Architecture,7111 – Architectural activities,45
Cheltenham,Crafts,3212 – Manufacture of jewellery and related articles,5
Cheltenham,Design and designer fashion,7410 – Specialised design activities,50
Cheltenham,"Film, TV, video, radio and photography","5911 – Motion picture, video and television programme production activities",35
Cheltenham,"Film, TV, video, radio and photography","5912 – Motion picture, video and television programme post-production activities",5
Cheltenham,"Film, TV, video, radio and photography","5913 – Motion picture, video and television programme distribution activities",0
Cheltenham,"Film, TV, video, radio and photography",5914 – Motion picture projection activities,0
Cheltenham,"Film, TV, video, radio and photography",6010 – Radio broadcasting,0
Cheltenham,"Film, TV, video, radio and photography",6020 – Television programming and broadcasting activities,0
Cheltenham,"Film, TV, video, radio and photography",7420 – Photographic activities,25
Cheltenham,"IT, software and computer services",5821 – Publishing of computer games,0
Cheltenham,"IT, software and computer services",5829 – Other software publishing,5
Cheltenham,"IT, software and computer services",6201 – Computer programming activities,90
Cheltenham,"IT, software and computer services",6202 – Computer consultancy activities,205
Cheltenham,"Music, performing and visual arts",5920 – Sound recording and music publishing activities,5
Cheltenham,"Music, performing and visual arts",8552 – Cultural education,5
Cheltenham,"Music, performing and visual arts",9001 – Performing arts,20
Cheltenham,"Music, performing and visual arts",9002 – Support activities to performing arts,15
Cheltenham,"Music, performing and visual arts",9003 – Artistic creation,40
Cheltenham,"Music, performing and visual arts",9004 – Operation of arts facilities,0
Cheltenham,Publishing,5811 – Book publishing,10
Cheltenham,Publishing,5812 – Publishing of directories and mailing lists,0
Cheltenham,Publishing,5813 – Publishing of newspapers,0
Cheltenham,Publishing,5814 – Publishing of journals and periodicals,5
Cheltenham,Publishing,5819 – Other publishing activities,15
Cheltenham,Publishing,7430 – Translation and interpretation activities,5
Cornwall,Advertising and marketing,7021 – Public relations and communication activities,35
Cornwall,Advertising and marketing,7311 – Advertising agencies,120
Cornwall,Advertising and marketing,7312 – Media representation,20
Cornwall,Architecture,7111 – Architectural activities,160
Cornwall,Crafts,3212 – Manufacture of jewellery and related articles,20
Cornwall,Design and designer fashion,7410 – Specialised design activities,180
Cornwall,"Film, TV, video, radio and photography","5911 – Motion picture, video and television programme production activities",105
Cornwall,"Film, TV, video, radio and photography","5912 – Motion picture, video and television programme post-production activities",10
Cornwall,"Film, TV, video, radio and photography","5913 – Motion picture, video and television programme distribution activities",5
Cornwall,"Film, TV, video, radio and photography",5914 – Motion picture projection activities,5
Cornwall,"Film, TV, video, radio and photography",6010 – Radio broadcasting,0
Cornwall,"Film, TV, video, radio and photography",6020 – Television programming and broadcasting activities,5
Cornwall,"Film, TV, video, radio and photography",7420 – Photographic activities,70
Cornwall,"IT, software and computer services",5821 – Publishing of computer games,5
Cornwall,"IT, software and computer services",5829 – Other software publishing,15
Cornwall,"IT, software and computer services",6201 – Computer programming activities,135
Cornwall,"IT, software and computer services",6202 – Computer consultancy activities,265
Cornwall,"Music, performing and visual arts",5920 – Sound recording and music publishing activities,20
Cornwall,"Music, performing and visual arts",8552 – Cultural education,15
Cornwall,"Music, performing and visual arts",9001 – Performing arts,55
Cornwall,"Music, performing and visual arts",9002 – Support activities to performing arts,45
Cornwall,"Music, performing and visual arts",9003 – Artistic creation,140
Cornwall,"Music, performing and visual arts",9004 – Operation of arts facilities,15
Cornwall,Publishing,5811 – Book publishing,20
Cornwall,Publishing,5812 – Publishing of directories and mailing lists,0
Cornwall,Publishing,5813 – Publishing of newspapers,5
Cornwall,Publishing,5814 – Publishing of journals and periodicals,20
Cornwall,Publishing,5819 – Other publishing activities,25
Cornwall,Publishing,7430 – Translation and interpretation activities,10
Cotswold,Advertising and marketing,7021 – Public relations and communication activities,20
Cotswold,Advertising and marketing,7311 – Advertising agencies,45
Cotswold,Advertising and marketing,7312 – Media representation,5
Cotswold,Architecture,7111 – Architectural activities,55
Cotswold,Crafts,3212 – Manufacture of jewellery and related articles,5
Cotswold,Design and designer fashion,7410 – Specialised design activities,80
Cotswold,"Film, TV, video, radio and photography","5911 – Motion picture, video and television programme production activities",40
Cotswold,"Film, TV, video, radio and photography","5912 – Motion picture, video and television programme post-production activities",5
Cotswold,"Film, TV, video, radio and photography","5913 – Motion picture, video and television programme distribution activities",0
Cotswold,"Film, TV, video, radio and photography",5914 – Motion picture projection activities,0
Cotswold,"Film, TV, video, radio and photography",6010 – Radio broadcasting,0
Cotswold,"Film, TV, video, radio and photography",6020 – Television programming and broadcasting activities,5
Cotswold,"Film, TV, video, radio and photography",7420 – Photographic activities,20
Cotswold,"IT, software and computer services",5821 – Publishing of computer games,0
Cotswold,"IT, software and computer services",5829 – Other software publishing,0
Cotswold,"IT, software and computer services",6201 – Computer programming activities,60
Cotswold,"IT, software and computer services",6202 – Computer consultancy activities,140
Cotswold,"Music, performing and visual arts",5920 – Sound recording and music publishing activities,5
Cotswold,"Music, performing and visual arts",8552 – Cultural education,5
Cotswold,"Music, performing and visual arts",9001 – Performing arts,10
Cotswold,"Music, performing and visual arts",9002 – Support activities to performing arts,10
Cotswold,"Music, performing and visual arts",9003 – Artistic creation,45
Cotswold,"Music, performing and visual arts",9004 – Operation of arts facilities,0
Cotswold,Publishing,5811 – Book publishing,5
Cotswold,Publishing,5812 – Publishing of directories and mailing lists,0
Cotswold,Publishing,5813 – Publishing of newspapers,0
Cotswold,Publishing,5814 – Publishing of journals and periodicals,10
Cotswold,Publishing,5819 – Other publishing activities,10
Cotswold,Publishing,7430 – Translation and interpretation activities,0
Dorset,Advertising and marketing,7021 – Public relations and communication activities,25
Dorset,Advertising and marketing,7311 – Advertising agencies,85
Dorset,Advertising and marketing,7312 – Media representation,20
Dorset,Architecture,7111 – Architectural activities,105
Dorset,Crafts,3212 – Manufacture of jewellery and related articles,5
Dorset,Design and designer fashion,7410 – Specialised design activities,140
Dorset,"Film, TV, video, radio and photography","5911 – Motion picture, video and television programme production activities",105
Dorset,"Film, TV, video, radio and photography","5912 – Motion picture, video and television programme post-production activities",15
Dorset,"Film, TV, video, radio and photography","5913 – Motion picture, video and television programme distribution activities",5
Dorset,"Film, TV, video, radio and photography",5914 – Motion picture projection activities,0
Dorset,"Film, TV, video, radio and photography",6010 – Radio broadcasting,0
Dorset,"Film, TV, video, radio and photography",6020 – Television programming and broadcasting activities,0
Dorset,"Film, TV, video, radio and photography",7420 – Photographic activities,45
Dorset,"IT, software and computer services",5821 – Publishing of computer games,5
Dorset,"IT, software and computer services",5829 – Other software publishing,15
Dorset,"IT, software and computer services",6201 – Computer programming activities,150
Dorset,"IT, software and computer services",6202 – Computer consultancy activities,380
Dorset,"Music, performing and visual arts",5920 – Sound recording and music publishing activities,25
Dorset,"Music, performing and visual arts",8552 – Cultural education,5
Dorset,"Music, performing and visual arts",9001 – Performing arts,40
Dorset,"Music, performing and visual arts",9002 – Support activities to performing arts,25
Dorset,"Music, performing and visual arts",9003 – Artistic creation,105
Dorset,"Music, performing and visual arts",9004 – Operation of arts facilities,15
Dorset,Publishing,5811 – Book publishing,25
Dorset,Publishing,5812 – Publishing of directories and mailing lists,0
Dorset,Publishing,5813 – Publishing of newspapers,5
Dorset,Publishing,5814 – Publishing of journals and periodicals,15
Dorset,Publishing,5819 – Other publishing activities,20
Dorset,Publishing,7430 – Translation and interpretation activities,5
East Devon,Advertising and marketing,7021 – Public relations and communication activities,10
East Devon,Advertising and marketing,7311 – Advertising agencies,25
East Devon,Advertising and marketing,7312 – Media representation,0
East Devon,Architecture,7111 – Architectural activities,50
East Devon,Crafts,3212 – Manufacture of jewellery and related articles,0
East Devon,Design and designer fashion,7410 – Specialised design activities,30
East Devon,"Film, TV, video, radio and photography","5911 – Motion picture, video and television programme production activities",30
East Devon,"Film, TV, video, radio and photography","5912 – Motion picture, video and television programme post-production activities",0
East Devon,"Film, TV, video, radio and photography","5913 – Motion picture, video and television programme distribution activities",0
East Devon,"Film, TV, video, radio and photography",5914 – Motion picture projection activities,0
East Devon,"Film, TV, video, radio and photography",6010 – Radio broadcasting,0
East Devon,"Film, TV, video, radio and photography",6020 – Television programming and broadcasting activities,0
East Devon,"Film, TV, video, radio and photography",7420 – Photographic activities,15
East Devon,"IT, software and computer services",5821 – Publishing of computer games,0
East Devon,"IT, software and computer services",5829 – Other software publishing,10
East Devon,"IT, software and computer services",6201 – Computer programming activities,50
East Devon,"IT, software and computer services",6202 – Computer consultancy activities,110
East Devon,"Music, performing and visual arts",5920 – Sound recording and music publishing activities,5
East Devon,"Music, performing and visual arts",8552 – Cultural education,0
East Devon,"Music, performing and visual arts",9001 – Performing arts,10
East Devon,"Music, performing and visual arts",9002 – Support activities to performing arts,5
East Devon,"Music, performing and visual arts",9003 – Artistic creation,30
East Devon,"Music, performing and visual arts",9004 – Operation of arts facilities,0
East Devon,Publishing,5811 – Book publishing,5
East Devon,Publishing,5812 – Publishing of directories and mailing lists,0
East Devon,Publishing,5813 – Publishing of newspapers,0
East Devon,Publishing,5814 – Publishing of journals and periodicals,5
East Devon,Publishing,5819 – Other publishing activities,10
East Devon,Publishing,7430 – Translation and interpretation activities,0
Exeter,Advertising and marketing,7021 – Public relations and communication activities,10
Exeter,Advertising and marketing,7311 – Advertising agencies,35
Exeter,Advertising and marketing,7312 – Media representation,5
Exeter,Architecture,7111 – Architectural activities,40
Exeter,Crafts,3212 – Manufacture of jewellery and related articles,0
Exeter,Design and designer fashion,7410 – Specialised design activities,35
Exeter,"Film, TV, video, radio and photography","5911 – Motion picture, video and television programme production activities",20
Exeter,"Film, TV, video, radio and photography","5912 – Motion picture, video and television programme post-production activities",0
Exeter,"Film, TV, video, radio and photography","5913 – Motion picture, video and television programme distribution activities",0
Exeter,"Film, TV, video, radio and photography",5914 – Motion picture projection activities,0
Exeter,"Film, TV, video, radio and photography",6010 – Radio broadcasting,0
Exeter,"Film, TV, video, radio and photography",6020 – Television programming and broadcasting activities,0
Exeter,"Film, TV, video, radio and photography",7420 – Photographic activities,10
Exeter,"IT, software and computer services",5821 – Publishing of computer games,5
Exeter,"IT, software and computer services",5829 – Other software publishing,5
Exeter,"IT, software and computer services",6201 – Computer programming activities,60
Exeter,"IT, software and computer services",6202 – Computer consultancy activities,95
Exeter,"Music, performing and visual arts",5920 – Sound recording and music publishing activities,5
Exeter,"Music, performing and visual arts",8552 – Cultural education,5
Exeter,"Music, performing and visual arts",9001 – Performing arts,10
Exeter,"Music, performing and visual arts",9002 – Support activities to performing arts,10
Exeter,"Music, performing and visual arts",9003 – Artistic creation,20
Exeter,"Music, performing and visual arts",9004 – Operation of arts facilities,5
Exeter,Publishing,5811 – Book publishing,10
Exeter,Publishing,5812 – Publishing of directories and mailing lists,0
Exeter,Publishing,5813 – Publishing of newspapers,0
Exeter,Publishing,5814 – Publishing of journals and periodicals,10
Exeter,Publishing,5819 – Other publishing activities,10
Exeter,Publishing,7430 – Translation and interpretation activities,5
Forest of Dean,Advertising and marketing,7021 – Public relations and communication activities,5
Forest of Dean,Advertising and marketing,7311 – Advertising agencies,10
Forest of Dean,Advertising and marketing,7312 – Media representation,5
Forest of Dean,Architecture,7111 – Architectural activities,25
Forest of Dean,Crafts,3212 – Manufacture of jewellery and related articles,0
Forest of Dean,Design and designer fashion,7410 – Specialised design activities,25
Forest of Dean,"Film, TV, video, radio and photography","5911 – Motion picture, video and television programme production activities",15
Forest of Dean,"Film, TV, video, radio and photography","5912 – Motion picture, video and television programme post-production activities",0
Forest of Dean,"Film, TV, video, radio and photography","5913 – Motion picture, video and television programme distribution activities",0
Forest of Dean,"Film, TV, video, radio and photography",5914 – Motion picture projection activities,0
Forest of Dean,"Film, TV, video, radio and photography",6010 – Radio broadcasting,0
Forest of Dean,"Film, TV, video, radio and photography",6020 – Television programming and broadcasting activities,0
Forest of Dean,"Film, TV, video, radio and photography",7420 – Photographic activities,10
Forest of Dean,"IT, software and computer services",5821 – Publishing of computer games,0
Forest of Dean,"IT, software and computer services",5829 – Other software publishing,0
Forest of Dean,"IT, software and computer services",6201 – Computer programming activities,20
Forest of Dean,"IT, software and computer services",6202 – Computer consultancy activities,65
Forest of Dean,"Music, performing and visual arts",5920 – Sound recording and music publishing activities,5
Forest of Dean,"Music, performing and visual arts",8552 – Cultural education,0
Forest of Dean,"Music, performing and visual arts",9001 – Performing arts,5
Forest of Dean,"Music, performing and visual arts",9002 – Support activities to performing arts,5
Forest of Dean,"Music, performing and visual arts",9003 – Artistic creation,15
Forest of Dean,"Music, performing and visual arts",9004 – Operation of arts facilities,0
Forest of Dean,Publishing,5811 – Book publishing,5
Forest of Dean,Publishing,5812 – Publishing of directories and mailing lists,0
Forest of Dean,Publishing,5813 – Publishing of newspapers,0
Forest of Dean,Publishing,5814 – Publishing of journals and periodicals,0
Forest of Dean,Publishing,5819 – Other publishing activities,5
Forest of Dean,Publishing,7430 – Translation and interpretation activities,0
Gloucester,Advertising and marketing,7021 – Public relations and communication activities,0
Gloucester,Advertising and marketing,7311 – Advertising agencies,15
Gloucester,Advertising and marketing,7312 – Media representation,0
Gloucester,Architecture,7111 – Architectural activities,15
Gloucester,Crafts,3212 – Manufacture of jewellery and related articles,0
Gloucester,Design and designer fashion,7410 – Specialised design activities,15
Gloucester,"Film, TV, video, radio and photography","5911 – Motion picture, video and television programme production activities",5
Gloucester,"Film, TV, video, radio and photography","5912 – Motion picture, video and television programme post-production activities",0
Gloucester,"Film, TV, video, radio and photography","5913 – Motion picture, video and television programme distribution activities",0
Gloucester,"Film, TV, video, radio and photography",5914 – Motion picture projection activities,0
Gloucester,"Film, TV, video, radio and photography",6010 – Radio broadcasting,0
Gloucester,"Film, TV, video, radio and photography",6020 – Television programming and broadcasting activities,0
Gloucester,"Film, TV, video, radio and photography",7420 – Photographic activities,5
Gloucester,"IT, software and computer services",5821 – Publishing of computer games,0
Gloucester,"IT, software and computer services",5829 – Other software publishing,5
Gloucester,"IT, software and computer services",6201 – Computer programming activities,40
Gloucester,"IT, software and computer services",6202 – Computer consultancy activities,105
Gloucester,"Music, performing and visual arts",5920 – Sound recording and music publishing activities,5
Gloucester,"Music, performing and visual arts",8552 – Cultural education,5
Gloucester,"Music, performing and visual arts",9001 – Performing arts,5
Gloucester,"Music, performing and visual arts",9002 – Support activities to performing arts,0
Gloucester,"Music, performing and visual arts",9003 – Artistic creation,10
Gloucester,"Music, performing and visual arts",9004 – Operation of arts facilities,0
Gloucester,Publishing,5811 – Book publishing,0
Gloucester,Publishing,5812 – Publishing of directories and mailing lists,0
Gloucester,Publishing,5813 – Publishing of newspapers,0
Gloucester,Publishing,5814 – Publishing of journals and periodicals,0
Gloucester,Publishing,5819 – Other publishing activities,5
Gloucester,Publishing,7430 – Translation and interpretation activities,0
Isles of Scilly,Advertising and marketing,7021 – Public relations and communication activities,0
Isles of Scilly,Advertising and marketing,7311 – Advertising agencies,0
Isles of Scilly,Advertising and marketing,7312 – Media representation,0
Isles of Scilly,Architecture,7111 – Architectural activities,0
Isles of Scilly,Crafts,3212 – Manufacture of jewellery and related articles,0
Isles of Scilly,Design and designer fashion,7410 – Specialised design activities,0
Isles of Scilly,"Film, TV, video, radio and photography","5911 – Motion picture, video and television programme production activities",0
Isles of Scilly,"Film, TV, video, radio and photography","5912 – Motion picture, video and television programme post-production activities",0
Isles of Scilly,"Film, TV, video, radio and photography","5913 – Motion picture, video and television programme distribution activities",0
Isles of Scilly,"Film, TV, video, radio and photography",5914 – Motion picture projection activities,0
Isles of Scilly,"Film, TV, video, radio and photography",6010 – Radio broadcasting,0
Isles of Scilly,"Film, TV, video, radio and photography",6020 – Television programming and broadcasting activities,0
Isles of Scilly,"Film, TV, video, radio and photography",7420 – Photographic activities,0
Isles of Scilly,"IT, software and computer services",5821 – Publishing of computer games,0
Isles of Scilly,"IT, software and computer services",5829 – Other software publishing,0
Isles of Scilly,"IT, software and computer services",6201 – Computer programming activities,0
Isles of Scilly,"IT, software and computer services",6202 – Computer consultancy activities,0
Isles of Scilly,"Music, performing and visual arts",5920 – Sound recording and music publishing activities,0
Isles of Scilly,"Music, performing and visual arts",8552 – Cultural education,0
Isles of Scilly,"Music, performing and visual arts",9001 – Performing arts,0
Isles of Scilly,"Music, performing and visual arts",9002 – Support activities to performing arts,0
Isles of Scilly,"Music, performing and visual arts",9003 – Artistic creation,0
Isles of Scilly,"Music, performing and visual arts",9004 – Operation of arts facilities,0
Isles of Scilly,Publishing,5811 – Book publishing,0
Isles of Scilly,Publishing,5812 – Publishing of directories and mailing lists,0
Isles of Scilly,Publishing,5813 – Publishing of newspapers,0
Isles of Scilly,Publishing,5814 – Publishing of journals and periodicals,0
Isles of Scilly,Publishing,5819 – Other publishing activities,0
Isles of Scilly,Publishing,7430 – Translation and interpretation activities,0
Mid Devon,Advertising and marketing,7021 – Public relations and communication activities,5
Mid Devon,Advertising and marketing,7311 – Advertising agencies,15
Mid Devon,Advertising and marketing,7312 – Media representation,5
Mid Devon,Architecture,7111 – Architectural activities,15
Mid Devon,Crafts,3212 – Manufacture of jewellery and related articles,5
Mid Devon,Design and designer fashion,7410 – Specialised design activities,20
Mid Devon,"Film, TV, video, radio and photography","5911 – Motion picture, video and television programme production activities",20
Mid Devon,"Film, TV, video, radio and photography","5912 – Motion picture, video and television programme post-production activities",0
Mid Devon,"Film, TV, video, radio and photography","5913 – Motion picture, video and television programme distribution activities",0
Mid Devon,"Film, TV, video, radio and photography",5914 – Motion picture projection activities,0
Mid Devon,"Film, TV, video, radio and photography",6010 – Radio broadcasting,0
Mid Devon,"Film, TV, video, radio and photography",6020 – Television programming and broadcasting activities,0
Mid Devon,"Film, TV, video, radio and photography",7420 – Photographic activities,10
Mid Devon,"IT, software and computer services",5821 – Publishing of computer games,0
Mid Devon,"IT, software and computer services",5829 – Other software publishing,0
Mid Devon,"IT, software and computer services",6201 – Computer programming activities,25
Mid Devon,"IT, software and computer services",6202 – Computer consultancy activities,50
Mid Devon,"Music, performing and visual arts",5920 – Sound recording and music publishing activities,5
Mid Devon,"Music, performing and visual arts",8552 – Cultural education,0
Mid Devon,"Music, performing and visual arts",9001 – Performing arts,5
Mid Devon,"Music, performing and visual arts",9002 – Support activities to performing arts,5
Mid Devon,"Music, performing and visual arts",9003 – Artistic creation,20
Mid Devon,"Music, performing and visual arts",9004 – Operation of arts facilities,0
Mid Devon,Publishing,5811 – Book publishing,0
Mid Devon,Publishing,5812 – Publishing of directories and mailing lists,0
Mid Devon,Publishing,5813 – Publishing of newspapers,0
Mid Devon,Publishing,5814 – Publishing of journals and periodicals,0
Mid Devon,Publishing,5819 – Other publishing activities,0
Mid Devon,Publishing,7430 – Translation and interpretation activities,0
North Devon,Advertising and marketing,7021 – Public relations and communication activities,5
North Devon,Advertising and marketing,7311 – Advertising agencies,25
North Devon,Advertising and marketing,7312 – Media representation,5
North Devon,Architecture,7111 – Architectural activities,25
North Devon,Crafts,3212 – Manufacture of jewellery and related articles,0
North Devon,Design and designer fashion,7410 – Specialised design activities,30
North Devon,"Film, TV, video, radio and photography","5911 – Motion picture, video and television programme production activities",30
North Devon,"Film, TV, video, radio and photography","5912 – Motion picture, video and television programme post-production activities",0
North Devon,"Film, TV, video, radio and photography","5913 – Motion picture, video and television programme distribution activities",0
North Devon,"Film, TV, video, radio and photography",5914 – Motion picture projection activities,0
North Devon,"Film, TV, video, radio and photography",6010 – Radio broadcasting,0
North Devon,"Film, TV, video, radio and photography",6020 – Television programming and broadcasting activities,0
North Devon,"Film, TV, video, radio and photography",7420 – Photographic activities,10
North Devon,"IT, software and computer services",5821 – Publishing of computer games,0
North Devon,"IT, software and computer services",5829 – Other software publishing,0
North Devon,"IT, software and computer services",6201 – Computer programming activities,30
North Devon,"IT, software and computer services",6202 – Computer consultancy activities,50
North Devon,"Music, performing and visual arts",5920 – Sound recording and music publishing activities,5
North Devon,"Music, performing and visual arts",8552 – Cultural education,0
North Devon,"Music, performing and visual arts",9001 – Performing arts,0
North Devon,"Music, performing and visual arts",9002 – Support activities to performing arts,5
North Devon,"Music, performing and visual arts",9003 – Artistic creation,15
North Devon,"Music, performing and visual arts",9004 – Operation of arts facilities,0
North Devon,Publishing,5811 – Book publishing,5
North Devon,Publishing,5812 – Publishing of directories and mailing lists,0
North Devon,Publishing,5813 – Publishing of newspapers,0
North Devon,Publishing,5814 – Publishing of journals and periodicals,5
North Devon,Publishing,5819 – Other publishing activities,5
North Devon,Publishing,7430 – Translation and interpretation activities,0
North Somerset,Advertising and marketing,7021 – Public relations and communication activities,20
North Somerset,Advertising and marketing,7311 – Advertising agencies,60
North Somerset,Advertising and marketing,7312 – Media representation,5
North Somerset,Architecture,7111 – Architectural activities,50
North Somerset,Crafts,3212 – Manufacture of jewellery and related articles,5
North Somerset,Design and designer fashion,7410 – Specialised design activities,70
North Somerset,"Film, TV, video, radio and photography","5911 – Motion picture, video and television programme production activities",85
North Somerset,"Film, TV, video, radio and photography","5912 – Motion picture, video and television programme post-production activities",10
North Somerset,"Film, TV, video, radio and photography","5913 – Motion picture, video and television programme distribution activities",0
North Somerset,"Film, TV, video, radio and photography",5914 – Motion picture projection activities,0
North Somerset,"Film, TV, video, radio and photography",6010 – Radio broadcasting,0
North Somerset,"Film, TV, video, radio and photography",6020 – Television programming and broadcasting activities,5
North Somerset,"Film, TV, video, radio and photography",7420 – Photographic activities,20
North Somerset,"IT, software and computer services",5821 – Publishing of computer games,0
North Somerset,"IT, software and computer services",5829 – Other software publishing,10
North Somerset,"IT, software and computer services",6201 – Computer programming activities,90
North Somerset,"IT, software and computer services",6202 – Computer consultancy activities,250
North Somerset,"Music, performing and visual arts",5920 – Sound recording and music publishing activities,10
North Somerset,"Music, performing and visual arts",8552 – Cultural education,5
North Somerset,"Music, performing and visual arts",9001 – Performing arts,40
North Somerset,"Music, performing and visual arts",9002 – Support activities to performing arts,20
North Somerset,"Music, performing and visual arts",9003 – Artistic creation,25
North Somerset,"Music, performing and visual arts",9004 – Operation of arts facilities,0
North Somerset,Publishing,5811 – Book publishing,5
North Somerset,Publishing,5812 – Publishing of directories and mailing lists,0
North Somerset,Publishing,5813 – Publishing of newspapers,0
North Somerset,Publishing,5814 – Publishing of journals and periodicals,0
North Somerset,Publishing,5819 – Other publishing activities,15
North Somerset,Publishing,7430 – Translation and interpretation activities,0
Plymouth,Advertising and marketing,7021 – Public relations and communication activities,5
Plymouth,Advertising and marketing,7311 – Advertising agencies,30
Plymouth,Advertising and marketing,7312 – Media representation,5
Plymouth,Architecture,7111 – Architectural activities,40
Plymouth,Crafts,3212 – Manufacture of jewellery and related articles,5
Plymouth,Design and designer fashion,7410 – Specialised design activities,45
Plymouth,"Film, TV, video, radio and photography","5911 – Motion picture, video and television programme production activities",35
Plymouth,"Film, TV, video, radio and photography","5912 – Motion picture, video and television programme post-production activities",5
Plymouth,"Film, TV, video, radio and photography","5913 – Motion picture, video and television programme distribution activities",0
Plymouth,"Film, TV, video, radio and photography",5914 – Motion picture projection activities,0
Plymouth,"Film, TV, video, radio and photography",6010 – Radio broadcasting,0
Plymouth,"Film, TV, video, radio and photography",6020 – Television programming and broadcasting activities,0
Plymouth,"Film, TV, video, radio and photography",7420 – Photographic activities,10
Plymouth,"IT, software and computer services",5821 – Publishing of computer games,0
Plymouth,"IT, software and computer services",5829 – Other software publishing,10
Plymouth,"IT, software and computer services",6201 – Computer programming activities,55
Plymouth,"IT, software and computer services",6202 – Computer consultancy activities,85
Plymouth,"Music, performing and visual arts",5920 – Sound recording and music publishing activities,0
Plymouth,"Music, performing and visual arts",8552 – Cultural education,5
Plymouth,"Music, performing and visual arts",9001 – Performing arts,10
Plymouth,"Music, performing and visual arts",9002 – Support activities to performing arts,10
Plymouth,"Music, performing and visual arts",9003 – Artistic creation,10
Plymouth,"Music, performing and visual arts",9004 – Operation of arts facilities,0
Plymouth,Publishing,5811 – Book publishing,5
Plymouth,Publishing,5812 – Publishing of directories and mailing lists,0
Plymouth,Publishing,5813 – Publishing of newspapers,0
Plymouth,Publishing,5814 – Publishing of journals and periodicals,0
Plymouth,Publishing,5819 – Other publishing activities,5
Plymouth,Publishing,7430 – Translation and interpretation activities,5
Somerset,Advertising and marketing,7021 – Public relations and communication activities,30
Somerset,Advertising and marketing,7311 – Advertising agencies,90
Somerset,Advertising and marketing,7312 – Media representation,30
Somerset,Architecture,7111 – Architectural activities,150
Somerset,Crafts,3212 – Manufacture of jewellery and related articles,15
Somerset,Design and designer fashion,7410 – Specialised design activities,180
Somerset,"Film, TV, video, radio and photography","5911 – Motion picture, video and television programme production activities",140
Somerset,"Film, TV, video, radio and photography","5912 – Motion picture, video and television programme post-production activities",15
Somerset,"Film, TV, video, radio and photography","5913 – Motion picture, video and television programme distribution activities",5
Somerset,"Film, TV, video, radio and photography",5914 – Motion picture projection activities,0
Somerset,"Film, TV, video, radio and photography",6010 – Radio broadcasting,5
Somerset,"Film, TV, video, radio and photography",6020 – Television programming and broadcasting activities,5
Somerset,"Film, TV, video, radio and photography",7420 – Photographic activities,55
Somerset,"IT, software and computer services",5821 – Publishing of computer games,0
Somerset,"IT, software and computer services",5829 – Other software publishing,20
Somerset,"IT, software and computer services",6201 – Computer programming activities,180
Somerset,"IT, software and computer services",6202 – Computer consultancy activities,420
Somerset,"Music, performing and visual arts",5920 – Sound recording and music publishing activities,25
Somerset,"Music, performing and visual arts",8552 – Cultural education,10
Somerset,"Music, performing and visual arts",9001 – Performing arts,60
Somerset,"Music, performing and visual arts",9002 – Support activities to performing arts,45
Somerset,"Music, performing and visual arts",9003 – Artistic creation,140
Somerset,"Music, performing and visual arts",9004 – Operation of arts facilities,10
Somerset,Publishing,5811 – Book publishing,15
Somerset,Publishing,5812 – Publishing of directories and mailing lists,0
Somerset,Publishing,5813 – Publishing of newspapers,0
Somerset,Publishing,5814 – Publishing of journals and periodicals,25
Somerset,Publishing,5819 – Other publishing activities,30
Somerset,Publishing,7430 – Translation and interpretation activities,10
South Gloucestershire,Advertising and marketing,7021 – Public relations and communication activities,15
South Gloucestershire,Advertising and marketing,7311 – Advertising agencies,40
South Gloucestershire,Advertising and marketing,7312 – Media representation,5
South Gloucestershire,Architecture,7111 – Architectural activities,55
South Gloucestershire,Crafts,3212 – Manufacture of jewellery and related articles,0
South Gloucestershire,Design and designer fashion,7410 – Specialised design activities,70
South Gloucestershire,"Film, TV, video, radio and photography","5911 – Motion picture, video and television programme production activities",65
South Gloucestershire,"Film, TV, video, radio and photography","5912 – Motion picture, video and television programme post-production activities",10
South Gloucestershire,"Film, TV, video, radio and photography","5913 – Motion picture, video and television programme distribution activities",5
South Gloucestershire,"Film, TV, video, radio and photography",5914 – Motion picture projection activities,0
South Gloucestershire,"Film, TV, video, radio and photography",6010 – Radio broadcasting,5
South Gloucestershire,"Film, TV, video, radio and photography",6020 – Television programming and broadcasting activities,0
South Gloucestershire,"Film, TV, video, radio and photography",7420 – Photographic activities,20
South Gloucestershire,"IT, software and computer services",5821 – Publishing of computer games,0
South Gloucestershire,"IT, software and computer services",5829 – Other software publishing,15
South Gloucestershire,"IT, software and computer services",6201 – Computer programming activities,120
South Gloucestershire,"IT, software and computer services",6202 – Computer consultancy activities,340
South Gloucestershire,"Music, performing and visual arts",5920 – Sound recording and music publishing activities,5
South Gloucestershire,"Music, performing and visual arts",8552 – Cultural education,0
South Gloucestershire,"Music, performing and visual arts",9001 – Performing arts,10
South Gloucestershire,"Music, performing and visual arts",9002 – Support activities to performing arts,15
South Gloucestershire,"Music, performing and visual arts",9003 – Artistic creation,30
South Gloucestershire,"Music, performing and visual arts",9004 – Operation of arts facilities,0
South Gloucestershire,Publishing,5811 – Book publishing,0
South Gloucestershire,Publishing,5812 – Publishing of directories and mailing lists,0
South Gloucestershire,Publishing,5813 – Publishing of newspapers,0
South Gloucestershire,Publishing,5814 – Publishing of journals and periodicals,5
South Gloucestershire,Publishing,5819 – Other publishing activities,10
South Gloucestershire,Publishing,7430 – Translation and interpretation activities,5
South Hams,Advertising and marketing,7021 – Public relations and communication activities,10
South Hams,Advertising and marketing,7311 – Advertising agencies,15
South Hams,Advertising and marketing,7312 – Media representation,5
South Hams,Architecture,7111 – Architectural activities,50
South Hams,Crafts,3212 – Manufacture of jewellery and related articles,0
South Hams,Design and designer fashion,7410 – Specialised design activities,40
South Hams,"Film, TV, video, radio and photography","5911 – Motion picture, video and television programme production activities",50
South Hams,"Film, TV, video, radio and photography","5912 – Motion picture, video and television programme post-production activities",5
South Hams,"Film, TV, video, radio and photography","5913 – Motion picture, video and television programme distribution activities",0
South Hams,"Film, TV, video, radio and photography",5914 – Motion picture projection activities,0
South Hams,"Film, TV, video, radio and photography",6010 – Radio broadcasting,0
South Hams,"Film, TV, video, radio and photography",6020 – Television programming and broadcasting activities,0
South Hams,"Film, TV, video, radio and photography",7420 – Photographic activities,15
South Hams,"IT, software and computer services",5821 – Publishing of computer games,0
South Hams,"IT, software and computer services",5829 – Other software publishing,0
South Hams,"IT, software and computer services",6201 – Computer programming activities,40
South Hams,"IT, software and computer services",6202 – Computer consultancy activities,60
South Hams,"Music, performing and visual arts",5920 – Sound recording and music publishing activities,5
South Hams,"Music, performing and visual arts",8552 – Cultural education,0
South Hams,"Music, performing and visual arts",9001 – Performing arts,15
South Hams,"Music, performing and visual arts",9002 – Support activities to performing arts,10
South Hams,"Music, performing and visual arts",9003 – Artistic creation,30
South Hams,"Music, performing and visual arts",9004 – Operation of arts facilities,0
South Hams,Publishing,5811 – Book publishing,10
South Hams,Publishing,5812 – Publishing of directories and mailing lists,0
South Hams,Publishing,5813 – Publishing of newspapers,0
South Hams,Publishing,5814 – Publishing of journals and periodicals,5
South Hams,Publishing,5819 – Other publishing activities,5
South Hams,Publishing,7430 – Translation and interpretation activities,5
Stroud,Advertising and marketing,7021 – Public relations and communication activities,10
Stroud,Advertising and marketing,7311 – Advertising agencies,25
Stroud,Advertising and marketing,7312 – Media representation,5
Stroud,Architecture,7111 – Architectural activities,55
Stroud,Crafts,3212 – Manufacture of jewellery and related articles,0
Stroud,Design and designer fashion,7410 – Specialised design activities,65
Stroud,"Film, TV, video, radio and photography","5911 – Motion picture, video and television programme production activities",55
Stroud,"Film, TV, video, radio and photography","5912 – Motion picture, video and television programme post-production activities",5
Stroud,"Film, TV, video, radio and photography","5913 – Motion picture, video and television programme distribution activities",0
Stroud,"Film, TV, video, radio and photography",5914 – Motion picture projection activities,0
Stroud,"Film, TV, video, radio and photography",6010 – Radio broadcasting,0
Stroud,"Film, TV, video, radio and photography",6020 – Television programming and broadcasting activities,0
Stroud,"Film, TV, video, radio and photography",7420 – Photographic activities,30
Stroud,"IT, software and computer services",5821 – Publishing of computer games,0
Stroud,"IT, software and computer services",5829 – Other software publishing,10
Stroud,"IT, software and computer services",6201 – Computer programming activities,65
Stroud,"IT, software and computer services",6202 – Computer consultancy activities,165
Stroud,"Music, performing and visual arts",5920 – Sound recording and music publishing activities,20
Stroud,"Music, performing and visual arts",8552 – Cultural education,5
Stroud,"Music, performing and visual arts",9001 – Performing arts,30
Stroud,"Music, performing and visual arts",9002 – Support activities to performing arts,10
Stroud,"Music, performing and visual arts",9003 – Artistic creation,55
Stroud,"Music, performing and visual arts",9004 – Operation of arts facilities,0
Stroud,Publishing,5811 – Book publishing,5
Stroud,Publishing,5812 – Publishing of directories and mailing lists,5
Stroud,Publishing,5813 – Publishing of newspapers,0
Stroud,Publishing,5814 – Publishing of journals and periodicals,5
Stroud,Publishing,5819 – Other publishing activities,10
Stroud,Publishing,7430 – Translation and interpretation activities,0
Swindon,Advertising and marketing,7021 – Public relations and communication activities,10
Swindon,Advertising and marketing,7311 – Advertising agencies,25
Swindon,Advertising and marketing,7312 – Media representation,5
Swindon,Architecture,7111 – Architectural activities,25
Swindon,Crafts,3212 – Manufacture of jewellery and related articles,0
Swindon,Design and designer fashion,7410 – Specialised design activities,35
Swindon,"Film, TV, video, radio and photography","5911 – Motion picture, video and television programme production activities",25
Swindon,"Film, TV, video, radio and photography","5912 – Motion picture, video and television programme post-production activities",0
Swindon,"Film, TV, video, radio and photography","5913 – Motion picture, video and television programme distribution activities",0
Swindon,"Film, TV, video, radio and photography",5914 – Motion picture projection activities,0
Swindon,"Film, TV, video, radio and photography",6010 – Radio broadcasting,5
Swindon,"Film, TV, video, radio and photography",6020 – Television programming and broadcasting activities,0
Swindon,"Film, TV, video, radio and photography",7420 – Photographic activities,15
Swindon,"IT, software and computer services",5821 – Publishing of computer games,0
Swindon,"IT, software and computer services",5829 – Other software publishing,5
Swindon,"IT, software and computer services",6201 – Computer programming activities,75
Swindon,"IT, software and computer services",6202 – Computer consultancy activities,315
Swindon,"Music, performing and visual arts",5920 – Sound recording and music publishing activities,10
Swindon,"Music, performing and visual arts",8552 – Cultural education,10
Swindon,"Music, performing and visual arts",9001 – Performing arts,20
Swindon,"Music, performing and visual arts",9002 – Support activities to performing arts,5
Swindon,"Music, performing and visual arts",9003 – Artistic creation,25
Swindon,"Music, performing and visual arts",9004 – Operation of arts facilities,0
Swindon,Publishing,5811 – Book publishing,5
Swindon,Publishing,5812 – Publishing of directories and mailing lists,0
Swindon,Publishing,5813 – Publishing of newspapers,0
Swindon,Publishing,5814 – Publishing of journals and periodicals,5
Swindon,Publishing,5819 – Other publishing activities,5
Swindon,Publishing,7430 – Translation and interpretation activities,0
Teignbridge,Advertising and marketing,7021 – Public relations and communication activities,5
Teignbridge,Advertising and marketing,7311 – Advertising agencies,20
Teignbridge,Advertising and marketing,7312 – Media representation,5
Teignbridge,Architecture,7111 – Architectural activities,40
Teignbridge,Crafts,3212 – Manufacture of jewellery and related articles,5
Teignbridge,Design and designer fashion,7410 – Specialised design activities,30
Teignbridge,"Film, TV, video, radio and photography","5911 – Motion picture, video and television programme production activities",30
Teignbridge,"Film, TV, video, radio and photography","5912 – Motion picture, video and television programme post-production activities",5
Teignbridge,"Film, TV, video, radio and photography","5913 – Motion picture, video and television programme distribution activities",0
Teignbridge,"Film, TV, video, radio and photography",5914 – Motion picture projection activities,0
Teignbridge,"Film, TV, video, radio and photography",6010 – Radio broadcasting,0
Teignbridge,"Film, TV, video, radio and photography",6020 – Television programming and broadcasting activities,0
Teignbridge,"Film, TV, video, radio and photography",7420 – Photographic activities,15
Teignbridge,"IT, software and computer services",5821 – Publishing of computer games,0
Teignbridge,"IT, software and computer services",5829 – Other software publishing,5
Teignbridge,"IT, software and computer services",6201 – Computer programming activities,45
Teignbridge,"IT, software and computer services",6202 – Computer consultancy activities,75
Teignbridge,"Music, performing and visual arts",5920 – Sound recording and music publishing activities,5
Teignbridge,"Music, performing and visual arts",8552 – Cultural education,5
Teignbridge,"Music, performing and visual arts",9001 – Performing arts,15
Teignbridge,"Music, performing and visual arts",9002 – Support activities to performing arts,5
Teignbridge,"Music, performing and visual arts",9003 – Artistic creation,35
Teignbridge,"Music, performing and visual arts",9004 – Operation of arts facilities,0
Teignbridge,Publishing,5811 – Book publishing,5
Teignbridge,Publishing,5812 – Publishing of directories and mailing lists,0
Teignbridge,Publishing,5813 – Publishing of newspapers,0
Teignbridge,Publishing,5814 – Publishing of journals and periodicals,5
Teignbridge,Publishing,5819 – Other publishing activities,5
Teignbridge,Publishing,7430 – Translation and interpretation activities,0
Tewkesbury,Advertising and marketing,7021 – Public relations and communication activities,10
Tewkesbury,Advertising and marketing,7311 – Advertising agencies,30
Tewkesbury,Advertising and marketing,7312 – Media representation,5
Tewkesbury,Architecture,7111 – Architectural activities,25
Tewkesbury,Crafts,3212 – Manufacture of jewellery and related articles,0
Tewkesbury,Design and designer fashion,7410 – Specialised design activities,35
Tewkesbury,"Film, TV, video, radio and photography","5911 – Motion picture, video and television programme production activities",15
Tewkesbury,"Film, TV, video, radio and photography","5912 – Motion picture, video and television programme post-production activities",5
Tewkesbury,"Film, TV, video, radio and photography","5913 – Motion picture, video and television programme distribution activities",0
Tewkesbury,"Film, TV, video, radio and photography",5914 – Motion picture projection activities,0
Tewkesbury,"Film, TV, video, radio and photography",6010 – Radio broadcasting,0
Tewkesbury,"Film, TV, video, radio and photography",6020 – Television programming and broadcasting activities,0
Tewkesbury,"Film, TV, video, radio and photography",7420 – Photographic activities,15
Tewkesbury,"IT, software and computer services",5821 – Publishing of computer games,0
Tewkesbury,"IT, software and computer services",5829 – Other software publishing,0
Tewkesbury,"IT, software and computer services",6201 – Computer programming activities,55
Tewkesbury,"IT, software and computer services",6202 – Computer consultancy activities,160
Tewkesbury,"Music, performing and visual arts",5920 – Sound recording and music publishing activities,0
Tewkesbury,"Music, performing and visual arts",8552 – Cultural education,0
Tewkesbury,"Music, performing and visual arts",9001 – Performing arts,5
Tewkesbury,"Music, performing and visual arts",9002 – Support activities to performing arts,5
Tewkesbury,"Music, performing and visual arts",9003 – Artistic creation,15
Tewkesbury,"Music, performing and visual arts",9004 – Operation of arts facilities,0
Tewkesbury,Publishing,5811 – Book publishing,0
Tewkesbury,Publishing,5812 – Publishing of directories and mailing lists,0
Tewkesbury,Publishing,5813 – Publishing of newspapers,0
Tewkesbury,Publishing,5814 – Publishing of journals and periodicals,0
Tewkesbury,Publishing,5819 – Other publishing activities,10
Tewkesbury,Publishing,7430 – Translation and interpretation activities,0
Torbay,Advertising and marketing,7021 – Public relations and communication activities,5
Torbay,Advertising and marketing,7311 – Advertising agencies,30
Torbay,Advertising and marketing,7312 – Media representation,5
Torbay,Architecture,7111 – Architectural activities,25
Torbay,Crafts,3212 – Manufacture of jewellery and related articles,0
Torbay,Design and designer fashion,7410 – Specialised design activities,20
Torbay,"Film, TV, video, radio and photography","5911 – Motion picture, video and television programme production activities",20
Torbay,"Film, TV, video, radio and photography","5912 – Motion picture, video and television programme post-production activities",5
Torbay,"Film, TV, video, radio and photography","5913 – Motion picture, video and television programme distribution activities",0
Torbay,"Film, TV, video, radio and photography",5914 – Motion picture projection activities,0
Torbay,"Film, TV, video, radio and photography",6010 – Radio broadcasting,5
Torbay,"Film, TV, video, radio and photography",6020 – Television programming and broadcasting activities,0
Torbay,"Film, TV, video, radio and photography",7420 – Photographic activities,10
Torbay,"IT, software and computer services",5821 – Publishing of computer games,0
Torbay,"IT, software and computer services",5829 – Other software publishing,5
Torbay,"IT, software and computer services",6201 – Computer programming activities,25
Torbay,"IT, software and computer services",6202 – Computer consultancy activities,45
Torbay,"Music, performing and visual arts",5920 – Sound recording and music publishing activities,5
Torbay,"Music, performing and visual arts",8552 – Cultural education,5
Torbay,"Music, performing and visual arts",9001 – Performing arts,10
Torbay,"Music, performing and visual arts",9002 – Support activities to performing arts,5
Torbay,"Music, performing and visual arts",9003 – Artistic creation,20
Torbay,"Music, performing and visual arts",9004 – Operation of arts facilities,0
Torbay,Publishing,5811 – Book publishing,5
Torbay,Publishing,5812 – Publishing of directories and mailing lists,0
Torbay,Publishing,5813 – Publishing of newspapers,0
Torbay,Publishing,5814 – Publishing of journals and periodicals,0
Torbay,Publishing,5819 – Other publishing activities,10
Torbay,Publishing,7430 – Translation and interpretation activities,5
Torridge,Advertising and marketing,7021 – Public relations and communication activities,0
Torridge,Advertising and marketing,7311 – Advertising agencies,15
Torridge,Advertising and marketing,7312 – Media representation,0
Torridge,Architecture,7111 – Architectural activities,20
Torridge,Crafts,3212 – Manufacture of jewellery and related articles,0
Torridge,Design and designer fashion,7410 – Specialised design activities,10
Torridge,"Film, TV, video, radio and photography","5911 – Motion picture, video and television programme production activities",10
Torridge,"Film, TV, video, radio and photography","5912 – Motion picture, video and television programme post-production activities",0
Torridge,"Film, TV, video, radio and photography","5913 – Motion picture, video and television programme distribution activities",0
Torridge,"Film, TV, video, radio and photography",5914 – Motion picture projection activities,0
Torridge,"Film, TV, video, radio and photography",6010 – Radio broadcasting,0
Torridge,"Film, TV, video, radio and photography",6020 – Television programming and broadcasting activities,0
Torridge,"Film, TV, video, radio and photography",7420 – Photographic activities,5
Torridge,"IT, software and computer services",5821 – Publishing of computer games,0
Torridge,"IT, software and computer services",5829 – Other software publishing,0
Torridge,"IT, software and computer services",6201 – Computer programming activities,15
Torridge,"IT, software and computer services",6202 – Computer consultancy activities,25
Torridge,"Music, performing and visual arts",5920 – Sound recording and music publishing activities,0
Torridge,"Music, performing and visual arts",8552 – Cultural education,0
Torridge,"Music, performing and visual arts",9001 – Performing arts,5
Torridge,"Music, performing and visual arts",9002 – Support activities to performing arts,0
Torridge,"Music, performing and visual arts",9003 – Artistic creation,5
Torridge,"Music, performing and visual arts",9004 – Operation of arts facilities,0
Torridge,Publishing,5811 – Book publishing,5
Torridge,Publishing,5812 – Publishing of directories and mailing lists,0
Torridge,Publishing,5813 – Publishing of newspapers,0
Torridge,Publishing,5814 – Publishing of journals and periodicals,5
Torridge,Publishing,5819 – Other publishing activities,0
Torridge,Publishing,7430 – Translation and interpretation activities,0
West Devon,Advertising and marketing,7021 – Public relations and communication activities,0
West Devon,Advertising and marketing,7311 – Advertising agencies,10
West Devon,Advertising and marketing,7312 – Media representation,0
West Devon,Architecture,7111 – Architectural activities,15
West Devon,Crafts,3212 – Manufacture of jewellery and related articles,0
West Devon,Design and designer fashion,7410 – Specialised design activities,15
West Devon,"Film, TV, video, radio and photography","5911 – Motion picture, video and television programme production activities",15
West Devon,"Film, TV, video, radio and photography","5912 – Motion picture, video and television programme post-production activities",0
West Devon,"Film, TV, video, radio and photography","5913 – Motion picture, video and television programme distribution activities",0
West Devon,"Film, TV, video, radio and photography",5914 – Motion picture projection activities,0
West Devon,"Film, TV, video, radio and photography",6010 – Radio broadcasting,0
West Devon,"Film, TV, video, radio and photography",6020 – Television programming and broadcasting activities,0
West Devon,"Film, TV, video, radio and photography",7420 – Photographic activities,10
West Devon,"IT, software and computer services",5821 – Publishing of computer games,0
West Devon,"IT, software and computer services",5829 – Other software publishing,5
West Devon,"IT, software and computer services",6201 – Computer programming activities,25
West Devon,"IT, software and computer services",6202 – Computer consultancy activities,25
West Devon,"Music, performing and visual arts",5920 – Sound recording and music publishing activities,0
West Devon,"Music, performing and visual arts",8552 – Cultural education,0
West Devon,"Music, performing and visual arts",9001 – Performing arts,10
West Devon,"Music, performing and visual arts",9002 – Support activities to performing arts,5
West Devon,"Music, performing and visual arts",9003 – Artistic creation,20
West Devon,"Music, performing and visual arts",9004 – Operation of arts facilities,0
West Devon,Publishing,5811 – Book publishing,5
West Devon,Publishing,5812 – Publishing of directories and mailing lists,0
West Devon,Publishing,5813 – Publishing of newspapers,0
West Devon,Publishing,5814 – Publishing of journals and periodicals,0
West Devon,Publishing,5819 – Other publishing activities,5
West Devon,Publishing,7430 – Translation and interpretation activities,0
Wiltshire,Advertising and marketing,7021 – Public relations and communication activities,55
Wiltshire,Advertising and marketing,7311 – Advertising agencies,120
Wiltshire,Advertising and marketing,7312 – Media representation,30
Wiltshire,Architecture,7111 – Architectural activities,155
Wiltshire,Crafts,3212 – Manufacture of jewellery and related articles,10
Wiltshire,Design and designer fashion,7410 – Specialised design activities,200
Wiltshire,"Film, TV, video, radio and photography","5911 – Motion picture, video and television programme production activities",125
Wiltshire,"Film, TV, video, radio and photography","5912 – Motion picture, video and television programme post-production activities",20
Wiltshire,"Film, TV, video, radio and photography","5913 – Motion picture, video and television programme distribution activities",0
Wiltshire,"Film, TV, video, radio and photography",5914 – Motion picture projection activities,0
Wiltshire,"Film, TV, video, radio and photography",6010 – Radio broadcasting,5
Wiltshire,"Film, TV, video, radio and photography",6020 – Television programming and broadcasting activities,5
Wiltshire,"Film, TV, video, radio and photography",7420 – Photographic activities,80
Wiltshire,"IT, software and computer services",5821 – Publishing of computer games,0
Wiltshire,"IT, software and computer services",5829 – Other software publishing,20
Wiltshire,"IT, software and computer services",6201 – Computer programming activities,190
Wiltshire,"IT, software and computer services",6202 – Computer consultancy activities,600
Wiltshire,"Music, performing and visual arts",5920 – Sound recording and music publishing activities,40
Wiltshire,"Music, performing and visual arts",8552 – Cultural education,15
Wiltshire,"Music, performing and visual arts",9001 – Performing arts,80
Wiltshire,"Music, performing and visual arts",9002 – Support activities to performing arts,30
Wiltshire,"Music, performing and visual arts",9003 – Artistic creation,155
Wiltshire,"Music, performing and visual arts",9004 – Operation of arts facilities,5
Wiltshire,Publishing,5811 – Book publishing,30
Wiltshire,Publishing,5812 – Publishing of directories and mailing lists,0
Wiltshire,Publishing,5813 – Publishing of newspapers,0
Wiltshire,Publishing,5814 – Publishing of journals and periodicals,20
Wiltshire,Publishing,5819 – Other publishing activities,40
Wiltshire,Publishing,7430 – Translation and interpretation activities,10
Birmingham,Advertising and marketing,7021 – Public relations and communication activities,50
Birmingham,Advertising and marketing,7311 – Advertising agencies,235
Birmingham,Advertising and marketing,7312 – Media representation,40
Birmingham,Architecture,7111 – Architectural activities,180
Birmingham,Crafts,3212 – Manufacture of jewellery and related articles,110
Birmingham,Design and designer fashion,7410 – Specialised design activities,215
Birmingham,"Film, TV, video, radio and photography","5911 – Motion picture, video and television programme production activities",140
Birmingham,"Film, TV, video, radio and photography","5912 – Motion picture, video and television programme post-production activities",20
Birmingham,"Film, TV, video, radio and photography","5913 – Motion picture, video and television programme distribution activities",5
Birmingham,"Film, TV, video, radio and photography",5914 – Motion picture projection activities,5
Birmingham,"Film, TV, video, radio and photography",6010 – Radio broadcasting,10
Birmingham,"Film, TV, video, radio and photography",6020 – Television programming and broadcasting activities,20
Birmingham,"Film, TV, video, radio and photography",7420 – Photographic activities,70
Birmingham,"IT, software and computer services",5821 – Publishing of computer games,5
Birmingham,"IT, software and computer services",5829 – Other software publishing,40
Birmingham,"IT, software and computer services",6201 – Computer programming activities,330
Birmingham,"IT, software and computer services",6202 – Computer consultancy activities,860
Birmingham,"Music, performing and visual arts",5920 – Sound recording and music publishing activities,35
Birmingham,"Music, performing and visual arts",8552 – Cultural education,35
Birmingham,"Music, performing and visual arts",9001 – Performing arts,85
Birmingham,"Music, performing and visual arts",9002 – Support activities to performing arts,55
Birmingham,"Music, performing and visual arts",9003 – Artistic creation,95
Birmingham,"Music, performing and visual arts",9004 – Operation of arts facilities,10
Birmingham,Publishing,5811 – Book publishing,20
Birmingham,Publishing,5812 – Publishing of directories and mailing lists,5
Birmingham,Publishing,5813 – Publishing of newspapers,0
Birmingham,Publishing,5814 – Publishing of journals and periodicals,15
Birmingham,Publishing,5819 – Other publishing activities,40
Birmingham,Publishing,7430 – Translation and interpretation activities,30
Bromsgrove,Advertising and marketing,7021 – Public relations and communication activities,5
Bromsgrove,Advertising and marketing,7311 – Advertising agencies,25
Bromsgrove,Advertising and marketing,7312 – Media representation,10
Bromsgrove,Architecture,7111 – Architectural activities,20
Bromsgrove,Crafts,3212 – Manufacture of jewellery and related articles,5
Bromsgrove,Design and designer fashion,7410 – Specialised design activities,35
Bromsgrove,"Film, TV, video, radio and photography","5911 – Motion picture, video and television programme production activities",60
Bromsgrove,"Film, TV, video, radio and photography","5912 – Motion picture, video and television programme post-production activities",5
Bromsgrove,"Film, TV, video, radio and photography","5913 – Motion picture, video and television programme distribution activities",0
Bromsgrove,"Film, TV, video, radio and photography",5914 – Motion picture projection activities,0
Bromsgrove,"Film, TV, video, radio and photography",6010 – Radio broadcasting,0
Bromsgrove,"Film, TV, video, radio and photography",6020 – Television programming and broadcasting activities,5
Bromsgrove,"Film, TV, video, radio and photography",7420 – Photographic activities,15
Bromsgrove,"IT, software and computer services",5821 – Publishing of computer games,0
Bromsgrove,"IT, software and computer services",5829 – Other software publishing,5
Bromsgrove,"IT, software and computer services",6201 – Computer programming activities,40
Bromsgrove,"IT, software and computer services",6202 – Computer consultancy activities,120
Bromsgrove,"Music, performing and visual arts",5920 – Sound recording and music publishing activities,5
Bromsgrove,"Music, performing and visual arts",8552 – Cultural education,5
Bromsgrove,"Music, performing and visual arts",9001 – Performing arts,70
Bromsgrove,"Music, performing and visual arts",9002 – Support activities to performing arts,5
Bromsgrove,"Music, performing and visual arts",9003 – Artistic creation,30
Bromsgrove,"Music, performing and visual arts",9004 – Operation of arts facilities,0
Bromsgrove,Publishing,5811 – Book publishing,0
Bromsgrove,Publishing,5812 – Publishing of directories and mailing lists,0
Bromsgrove,Publishing,5813 – Publishing of newspapers,0
Bromsgrove,Publishing,5814 – Publishing of journals and periodicals,5
Bromsgrove,Publishing,5819 – Other publishing activities,0
Bromsgrove,Publishing,7430 – Translation and interpretation activities,0
Cannock Chase,Advertising and marketing,7021 – Public relations and communication activities,5
Cannock Chase,Advertising and marketing,7311 – Advertising agencies,10
Cannock Chase,Advertising and marketing,7312 – Media representation,5
Cannock Chase,Architecture,7111 – Architectural activities,5
Cannock Chase,Crafts,3212 – Manufacture of jewellery and related articles,0
Cannock Chase,Design and designer fashion,7410 – Specialised design activities,30
Cannock Chase,"Film, TV, video, radio and photography","5911 – Motion picture, video and television programme production activities",5
Cannock Chase,"Film, TV, video, radio and photography","5912 – Motion picture, video and television programme post-production activities",0
Cannock Chase,"Film, TV, video, radio and photography","5913 – Motion picture, video and television programme distribution activities",0
Cannock Chase,"Film, TV, video, radio and photography",5914 – Motion picture projection activities,0
Cannock Chase,"Film, TV, video, radio and photography",6010 – Radio broadcasting,0
Cannock Chase,"Film, TV, video, radio and photography",6020 – Television programming and broadcasting activities,0
Cannock Chase,"Film, TV, video, radio and photography",7420 – Photographic activities,5
Cannock Chase,"IT, software and computer services",5821 – Publishing of computer games,0
Cannock Chase,"IT, software and computer services",5829 – Other software publishing,0
Cannock Chase,"IT, software and computer services",6201 – Computer programming activities,20
Cannock Chase,"IT, software and computer services",6202 – Computer consultancy activities,55
Cannock Chase,"Music, performing and visual arts",5920 – Sound recording and music publishing activities,0
Cannock Chase,"Music, performing and visual arts",8552 – Cultural education,0
Cannock Chase,"Music, performing and visual arts",9001 – Performing arts,5
Cannock Chase,"Music, performing and visual arts",9002 – Support activities to performing arts,5
Cannock Chase,"Music, performing and visual arts",9003 – Artistic creation,5
Cannock Chase,"Music, performing and visual arts",9004 – Operation of arts facilities,0
Cannock Chase,Publishing,5811 – Book publishing,0
Cannock Chase,Publishing,5812 – Publishing of directories and mailing lists,0
Cannock Chase,Publishing,5813 – Publishing of newspapers,0
Cannock Chase,Publishing,5814 – Publishing of journals and periodicals,0
Cannock Chase,Publishing,5819 – Other publishing activities,5
Cannock Chase,Publishing,7430 – Translation and interpretation activities,0
Coventry,Advertising and marketing,7021 – Public relations and communication activities,5
Coventry,Advertising and marketing,7311 – Advertising agencies,35
Coventry,Advertising and marketing,7312 – Media representation,5
Coventry,Architecture,7111 – Architectural activities,35
Coventry,Crafts,3212 – Manufacture of jewellery and related articles,5
Coventry,Design and designer fashion,7410 – Specialised design activities,45
Coventry,"Film, TV, video, radio and photography","5911 – Motion picture, video and television programme production activities",35
Coventry,"Film, TV, video, radio and photography","5912 – Motion picture, video and television programme post-production activities",0
Coventry,"Film, TV, video, radio and photography","5913 – Motion picture, video and television programme distribution activities",0
Coventry,"Film, TV, video, radio and photography",5914 – Motion picture projection activities,0
Coventry,"Film, TV, video, radio and photography",6010 – Radio broadcasting,0
Coventry,"Film, TV, video, radio and photography",6020 – Television programming and broadcasting activities,0
Coventry,"Film, TV, video, radio and photography",7420 – Photographic activities,15
Coventry,"IT, software and computer services",5821 – Publishing of computer games,0
Coventry,"IT, software and computer services",5829 – Other software publishing,5
Coventry,"IT, software and computer services",6201 – Computer programming activities,105
Coventry,"IT, software and computer services",6202 – Computer consultancy activities,345
Coventry,"Music, performing and visual arts",5920 – Sound recording and music publishing activities,10
Coventry,"Music, performing and visual arts",8552 – Cultural education,10
Coventry,"Music, performing and visual arts",9001 – Performing arts,20
Coventry,"Music, performing and visual arts",9002 – Support activities to performing arts,5
Coventry,"Music, performing and visual arts",9003 – Artistic creation,40
Coventry,"Music, performing and visual arts",9004 – Operation of arts facilities,10
Coventry,Publishing,5811 – Book publishing,5
Coventry,Publishing,5812 – Publishing of directories and mailing lists,0
Coventry,Publishing,5813 – Publishing of newspapers,0
Coventry,Publishing,5814 – Publishing of journals and periodicals,0
Coventry,Publishing,5819 – Other publishing activities,10
Coventry,Publishing,7430 – Translation and interpretation activities,10
Dudley,Advertising and marketing,7021 – Public relations and communication activities,10
Dudley,Advertising and marketing,7311 – Advertising agencies,50
Dudley,Advertising and marketing,7312 – Media representation,10
Dudley,Architecture,7111 – Architectural activities,45
Dudley,Crafts,3212 – Manufacture of jewellery and related articles,0
Dudley,Design and designer fashion,7410 – Specialised design activities,50
Dudley,"Film, TV, video, radio and photography","5911 – Motion picture, video and television programme production activities",25
Dudley,"Film, TV, video, radio and photography","5912 – Motion picture, video and television programme post-production activities",0
Dudley,"Film, TV, video, radio and photography","5913 – Motion picture, video and television programme distribution activities",0
Dudley,"Film, TV, video, radio and photography",5914 – Motion picture projection activities,0
Dudley,"Film, TV, video, radio and photography",6010 – Radio broadcasting,0
Dudley,"Film, TV, video, radio and photography",6020 – Television programming and broadcasting activities,0
Dudley,"Film, TV, video, radio and photography",7420 – Photographic activities,5
Dudley,"IT, software and computer services",5821 – Publishing of computer games,0
Dudley,"IT, software and computer services",5829 – Other software publishing,5
Dudley,"IT, software and computer services",6201 – Computer programming activities,65
Dudley,"IT, software and computer services",6202 – Computer consultancy activities,160
Dudley,"Music, performing and visual arts",5920 – Sound recording and music publishing activities,5
Dudley,"Music, performing and visual arts",8552 – Cultural education,5
Dudley,"Music, performing and visual arts",9001 – Performing arts,20
Dudley,"Music, performing and visual arts",9002 – Support activities to performing arts,5
Dudley,"Music, performing and visual arts",9003 – Artistic creation,20
Dudley,"Music, performing and visual arts",9004 – Operation of arts facilities,0
Dudley,Publishing,5811 – Book publishing,5
Dudley,Publishing,5812 – Publishing of directories and mailing lists,0
Dudley,Publishing,5813 – Publishing of newspapers,0
Dudley,Publishing,5814 – Publishing of journals and periodicals,5
Dudley,Publishing,5819 – Other publishing activities,5
Dudley,Publishing,7430 – Translation and interpretation activities,5
East Staffordshire,Advertising and marketing,7021 – Public relations and communication activities,10
East Staffordshire,Advertising and marketing,7311 – Advertising agencies,20
East Staffordshire,Advertising and marketing,7312 – Media representation,5
East Staffordshire,Architecture,7111 – Architectural activities,20
East Staffordshire,Crafts,3212 – Manufacture of jewellery and related articles,0
East Staffordshire,Design and designer fashion,7410 – Specialised design activities,25
East Staffordshire,"Film, TV, video, radio and photography","5911 – Motion picture, video and television programme production activities",10
East Staffordshire,"Film, TV, video, radio and photography","5912 – Motion picture, video and television programme post-production activities",0
East Staffordshire,"Film, TV, video, radio and photography","5913 – Motion picture, video and television programme distribution activities",0
East Staffordshire,"Film, TV, video, radio and photography",5914 – Motion picture projection activities,0
East Staffordshire,"Film, TV, video, radio and photography",6010 – Radio broadcasting,0
East Staffordshire,"Film, TV, video, radio and photography",6020 – Television programming and broadcasting activities,0
East Staffordshire,"Film, TV, video, radio and photography",7420 – Photographic activities,15
East Staffordshire,"IT, software and computer services",5821 – Publishing of computer games,0
East Staffordshire,"IT, software and computer services",5829 – Other software publishing,10
East Staffordshire,"IT, software and computer services",6201 – Computer programming activities,35
East Staffordshire,"IT, software and computer services",6202 – Computer consultancy activities,70
East Staffordshire,"Music, performing and visual arts",5920 – Sound recording and music publishing activities,0
East Staffordshire,"Music, performing and visual arts",8552 – Cultural education,0
East Staffordshire,"Music, performing and visual arts",9001 – Performing arts,5
East Staffordshire,"Music, performing and visual arts",9002 – Support activities to performing arts,5
East Staffordshire,"Music, performing and visual arts",9003 – Artistic creation,10
East Staffordshire,"Music, performing and visual arts",9004 – Operation of arts facilities,0
East Staffordshire,Publishing,5811 – Book publishing,5
East Staffordshire,Publishing,5812 – Publishing of directories and mailing lists,0
East Staffordshire,Publishing,5813 – Publishing of newspapers,0
East Staffordshire,Publishing,5814 – Publishing of journals and periodicals,5
East Staffordshire,Publishing,5819 – Other publishing activities,5
East Staffordshire,Publishing,7430 – Translation and interpretation activities,0
"Herefordshire, County of",Advertising and marketing,7021 – Public relations and communication activities,15
"Herefordshire, County of",Advertising and marketing,7311 – Advertising agencies,40
"Herefordshire, County of",Advertising and marketing,7312 – Media representation,5
"Herefordshire, County of",Architecture,7111 – Architectural activities,55
"Herefordshire, County of",Crafts,3212 – Manufacture of jewellery and related articles,0
"Herefordshire, County of",Design and designer fashion,7410 – Specialised design activities,55
"Herefordshire, County of","Film, TV, video, radio and photography","5911 – Motion picture, video and television programme production activities",45
"Herefordshire, County of","Film, TV, video, radio and photography","5912 – Motion picture, video and television programme post-production activities",10
"Herefordshire, County of","Film, TV, video, radio and photography","5913 – Motion picture, video and television programme distribution activities",0
"Herefordshire, County of","Film, TV, video, radio and photography",5914 – Motion picture projection activities,0
"Herefordshire, County of","Film, TV, video, radio and photography",6010 – Radio broadcasting,0
"Herefordshire, County of","Film, TV, video, radio and photography",6020 – Television programming and broadcasting activities,5
"Herefordshire, County of","Film, TV, video, radio and photography",7420 – Photographic activities,15
"Herefordshire, County of","IT, software and computer services",5821 – Publishing of computer games,0
"Herefordshire, County of","IT, software and computer services",5829 – Other software publishing,10
"Herefordshire, County of","IT, software and computer services",6201 – Computer programming activities,70
"Herefordshire, County of","IT, software and computer services",6202 – Computer consultancy activities,190
"Herefordshire, County of","Music, performing and visual arts",5920 – Sound recording and music publishing activities,10
"Herefordshire, County of","Music, performing and visual arts",8552 – Cultural education,10
"Herefordshire, County of","Music, performing and visual arts",9001 – Performing arts,30
"Herefordshire, County of","Music, performing and visual arts",9002 – Support activities to performing arts,15
"Herefordshire, County of","Music, performing and visual arts",9003 – Artistic creation,50
"Herefordshire, County of","Music, performing and visual arts",9004 – Operation of arts facilities,5
"Herefordshire, County of",Publishing,5811 – Book publishing,15
"Herefordshire, County of",Publishing,5812 – Publishing of directories and mailing lists,0
"Herefordshire, County of",Publishing,5813 – Publishing of newspapers,0
"Herefordshire, County of",Publishing,5814 – Publishing of journals and periodicals,5
"Herefordshire, County of",Publishing,5819 – Other publishing activities,15
"Herefordshire, County of",Publishing,7430 – Translation and interpretation activities,5
Lichfield,Advertising and marketing,7021 – Public relations and communication activities,5
Lichfield,Advertising and marketing,7311 – Advertising agencies,30
Lichfield,Advertising and marketing,7312 – Media representation,5
Lichfield,Architecture,7111 – Architectural activities,30
Lichfield,Crafts,3212 – Manufacture of jewellery and related articles,0
Lichfield,Design and designer fashion,7410 – Specialised design activities,30
Lichfield,"Film, TV, video, radio and photography","5911 – Motion picture, video and television programme production activities",15
Lichfield,"Film, TV, video, radio and photography","5912 – Motion picture, video and television programme post-production activities",5
Lichfield,"Film, TV, video, radio and photography","5913 – Motion picture, video and television programme distribution activities",0
Lichfield,"Film, TV, video, radio and photography",5914 – Motion picture projection activities,0
Lichfield,"Film, TV, video, radio and photography",6010 – Radio broadcasting,0
Lichfield,"Film, TV, video, radio and photography",6020 – Television programming and broadcasting activities,0
Lichfield,"Film, TV, video, radio and photography",7420 – Photographic activities,10
Lichfield,"IT, software and computer services",5821 – Publishing of computer games,0
Lichfield,"IT, software and computer services",5829 – Other software publishing,5
Lichfield,"IT, software and computer services",6201 – Computer programming activities,45
Lichfield,"IT, software and computer services",6202 – Computer consultancy activities,100
Lichfield,"Music, performing and visual arts",5920 – Sound recording and music publishing activities,10
Lichfield,"Music, performing and visual arts",8552 – Cultural education,5
Lichfield,"Music, performing and visual arts",9001 – Performing arts,20
Lichfield,"Music, performing and visual arts",9002 – Support activities to performing arts,10
Lichfield,"Music, performing and visual arts",9003 – Artistic creation,10
Lichfield,"Music, performing and visual arts",9004 – Operation of arts facilities,5
Lichfield,Publishing,5811 – Book publishing,0
Lichfield,Publishing,5812 – Publishing of directories and mailing lists,0
Lichfield,Publishing,5813 – Publishing of newspapers,0
Lichfield,Publishing,5814 – Publishing of journals and periodicals,5
Lichfield,Publishing,5819 – Other publishing activities,5
Lichfield,Publishing,7430 – Translation and interpretation activities,5
Malvern Hills,Advertising and marketing,7021 – Public relations and communication activities,15
Malvern Hills,Advertising and marketing,7311 – Advertising agencies,15
Malvern Hills,Advertising and marketing,7312 – Media representation,5
Malvern Hills,Architecture,7111 – Architectural activities,20
Malvern Hills,Crafts,3212 – Manufacture of jewellery and related articles,0
Malvern Hills,Design and designer fashion,7410 – Specialised design activities,30
Malvern Hills,"Film, TV, video, radio and photography","5911 – Motion picture, video and television programme production activities",15
Malvern Hills,"Film, TV, video, radio and photography","5912 – Motion picture, video and television programme post-production activities",5
Malvern Hills,"Film, TV, video, radio and photography","5913 – Motion picture, video and television programme distribution activities",0
Malvern Hills,"Film, TV, video, radio and photography",5914 – Motion picture projection activities,0
Malvern Hills,"Film, TV, video, radio and photography",6010 – Radio broadcasting,5
Malvern Hills,"Film, TV, video, radio and photography",6020 – Television programming and broadcasting activities,0
Malvern Hills,"Film, TV, video, radio and photography",7420 – Photographic activities,10
Malvern Hills,"IT, software and computer services",5821 – Publishing of computer games,0
Malvern Hills,"IT, software and computer services",5829 – Other software publishing,10
Malvern Hills,"IT, software and computer services",6201 – Computer programming activities,35
Malvern Hills,"IT, software and computer services",6202 – Computer consultancy activities,105
Malvern Hills,"Music, performing and visual arts",5920 – Sound recording and music publishing activities,5
Malvern Hills,"Music, performing and visual arts",8552 – Cultural education,5
Malvern Hills,"Music, performing and visual arts",9001 – Performing arts,10
Malvern Hills,"Music, performing and visual arts",9002 – Support activities to performing arts,5
Malvern Hills,"Music, performing and visual arts",9003 – Artistic creation,15
Malvern Hills,"Music, performing and visual arts",9004 – Operation of arts facilities,0
Malvern Hills,Publishing,5811 – Book publishing,10
Malvern Hills,Publishing,5812 – Publishing of directories and mailing lists,0
Malvern Hills,Publishing,5813 – Publishing of newspapers,0
Malvern Hills,Publishing,5814 – Publishing of journals and periodicals,5
Malvern Hills,Publishing,5819 – Other publishing activities,5
Malvern Hills,Publishing,7430 – Translation and interpretation activities,0
Newcastle-under-Lyme,Advertising and marketing,7021 – Public relations and communication activities,0
Newcastle-under-Lyme,Advertising and marketing,7311 – Advertising agencies,10
Newcastle-under-Lyme,Advertising and marketing,7312 – Media representation,5
Newcastle-under-Lyme,Architecture,7111 – Architectural activities,15
Newcastle-under-Lyme,Crafts,3212 – Manufacture of jewellery and related articles,0
Newcastle-under-Lyme,Design and designer fashion,7410 – Specialised design activities,20
Newcastle-under-Lyme,"Film, TV, video, radio and photography","5911 – Motion picture, video and television programme production activities",5
Newcastle-under-Lyme,"Film, TV, video, radio and photography","5912 – Motion picture, video and television programme post-production activities",0
Newcastle-under-Lyme,"Film, TV, video, radio and photography","5913 – Motion picture, video and television programme distribution activities",0
Newcastle-under-Lyme,"Film, TV, video, radio and photography",5914 – Motion picture projection activities,0
Newcastle-under-Lyme,"Film, TV, video, radio and photography",6010 – Radio broadcasting,0
Newcastle-under-Lyme,"Film, TV, video, radio and photography",6020 – Television programming and broadcasting activities,0
Newcastle-under-Lyme,"Film, TV, video, radio and photography",7420 – Photographic activities,5
Newcastle-under-Lyme,"IT, software and computer services",5821 – Publishing of computer games,0
Newcastle-under-Lyme,"IT, software and computer services",5829 – Other software publishing,5
Newcastle-under-Lyme,"IT, software and computer services",6201 – Computer programming activities,35
Newcastle-under-Lyme,"IT, software and computer services",6202 – Computer consultancy activities,80
Newcastle-under-Lyme,"Music, performing and visual arts",5920 – Sound recording and music publishing activities,5
Newcastle-under-Lyme,"Music, performing and visual arts",8552 – Cultural education,5
Newcastle-under-Lyme,"Music, performing and visual arts",9001 – Performing arts,5
Newcastle-under-Lyme,"Music, performing and visual arts",9002 – Support activities to performing arts,0
Newcastle-under-Lyme,"Music, performing and visual arts",9003 – Artistic creation,10
Newcastle-under-Lyme,"Music, performing and visual arts",9004 – Operation of arts facilities,0
Newcastle-under-Lyme,Publishing,5811 – Book publishing,0
Newcastle-under-Lyme,Publishing,5812 – Publishing of directories and mailing lists,0
Newcastle-under-Lyme,Publishing,5813 – Publishing of newspapers,0
Newcastle-under-Lyme,Publishing,5814 – Publishing of journals and periodicals,0
Newcastle-under-Lyme,Publishing,5819 – Other publishing activities,0
Newcastle-under-Lyme,Publishing,7430 – Translation and interpretation activities,0
North Warwickshire,Advertising and marketing,7021 – Public relations and communication activities,0
North Warwickshire,Advertising and marketing,7311 – Advertising agencies,15
North Warwickshire,Advertising and marketing,7312 – Media representation,0
North Warwickshire,Architecture,7111 – Architectural activities,20
North Warwickshire,Crafts,3212 – Manufacture of jewellery and related articles,0
North Warwickshire,Design and designer fashion,7410 – Specialised design activities,15
North Warwickshire,"Film, TV, video, radio and photography","5911 – Motion picture, video and television programme production activities",5
North Warwickshire,"Film, TV, video, radio and photography","5912 – Motion picture, video and television programme post-production activities",0
North Warwickshire,"Film, TV, video, radio and photography","5913 – Motion picture, video and television programme distribution activities",0
North Warwickshire,"Film, TV, video, radio and photography",5914 – Motion picture projection activities,0
North Warwickshire,"Film, TV, video, radio and photography",6010 – Radio broadcasting,0
North Warwickshire,"Film, TV, video, radio and photography",6020 – Television programming and broadcasting activities,0
North Warwickshire,"Film, TV, video, radio and photography",7420 – Photographic activities,0
North Warwickshire,"IT, software and computer services",5821 – Publishing of computer games,0
North Warwickshire,"IT, software and computer services",5829 – Other software publishing,0
North Warwickshire,"IT, software and computer services",6201 – Computer programming activities,20
North Warwickshire,"IT, software and computer services",6202 – Computer consultancy activities,40
North Warwickshire,"Music, performing and visual arts",5920 – Sound recording and music publishing activities,0
North Warwickshire,"Music, performing and visual arts",8552 – Cultural education,0
North Warwickshire,"Music, performing and visual arts",9001 – Performing arts,0
North Warwickshire,"Music, performing and visual arts",9002 – Support activities to performing arts,5
North Warwickshire,"Music, performing and visual arts",9003 – Artistic creation,5
North Warwickshire,"Music, performing and visual arts",9004 – Operation of arts facilities,0
North Warwickshire,Publishing,5811 – Book publishing,0
North Warwickshire,Publishing,5812 – Publishing of directories and mailing lists,0
North Warwickshire,Publishing,5813 – Publishing of newspapers,0
North Warwickshire,Publishing,5814 – Publishing of journals and periodicals,0
North Warwickshire,Publishing,5819 – Other publishing activities,0
North Warwickshire,Publishing,7430 – Translation and interpretation activities,0
Nuneaton and Bedworth,Advertising and marketing,7021 – Public relations and communication activities,0
Nuneaton and Bedworth,Advertising and marketing,7311 – Advertising agencies,15
Nuneaton and Bedworth,Advertising and marketing,7312 – Media representation,0
Nuneaton and Bedworth,Architecture,7111 – Architectural activities,5
Nuneaton and Bedworth,Crafts,3212 – Manufacture of jewellery and related articles,0
Nuneaton and Bedworth,Design and designer fashion,7410 – Specialised design activities,25
Nuneaton and Bedworth,"Film, TV, video, radio and photography","5911 – Motion picture, video and television programme production activities",10
Nuneaton and Bedworth,"Film, TV, video, radio and photography","5912 – Motion picture, video and television programme post-production activities",0
Nuneaton and Bedworth,"Film, TV, video, radio and photography","5913 – Motion picture, video and television programme distribution activities",0
Nuneaton and Bedworth,"Film, TV, video, radio and photography",5914 – Motion picture projection activities,0
Nuneaton and Bedworth,"Film, TV, video, radio and photography",6010 – Radio broadcasting,0
Nuneaton and Bedworth,"Film, TV, video, radio and photography",6020 – Television programming and broadcasting activities,0
Nuneaton and Bedworth,"Film, TV, video, radio and photography",7420 – Photographic activities,5
Nuneaton and Bedworth,"IT, software and computer services",5821 – Publishing of computer games,0
Nuneaton and Bedworth,"IT, software and computer services",5829 – Other software publishing,0
Nuneaton and Bedworth,"IT, software and computer services",6201 – Computer programming activities,25
Nuneaton and Bedworth,"IT, software and computer services",6202 – Computer consultancy activities,70
Nuneaton and Bedworth,"Music, performing and visual arts",5920 – Sound recording and music publishing activities,0
Nuneaton and Bedworth,"Music, performing and visual arts",8552 – Cultural education,0
Nuneaton and Bedworth,"Music, performing and visual arts",9001 – Performing arts,5
Nuneaton and Bedworth,"Music, performing and visual arts",9002 – Support activities to performing arts,5
Nuneaton and Bedworth,"Music, performing and visual arts",9003 – Artistic creation,10
Nuneaton and Bedworth,"Music, performing and visual arts",9004 – Operation of arts facilities,0
Nuneaton and Bedworth,Publishing,5811 – Book publishing,0
Nuneaton and Bedworth,Publishing,5812 – Publishing of directories and mailing lists,0
Nuneaton and Bedworth,Publishing,5813 – Publishing of newspapers,0
Nuneaton and Bedworth,Publishing,5814 – Publishing of journals and periodicals,0
Nuneaton and Bedworth,Publishing,5819 – Other publishing activities,0
Nuneaton and Bedworth,Publishing,7430 – Translation and interpretation activities,5
Redditch,Advertising and marketing,7021 – Public relations and communication activities,5
Redditch,Advertising and marketing,7311 – Advertising agencies,5
Redditch,Advertising and marketing,7312 – Media representation,0
Redditch,Architecture,7111 – Architectural activities,10
Redditch,Crafts,3212 – Manufacture of jewellery and related articles,5
Redditch,Design and designer fashion,7410 – Specialised design activities,20
Redditch,"Film, TV, video, radio and photography","5911 – Motion picture, video and television programme production activities",10
Redditch,"Film, TV, video, radio and photography","5912 – Motion picture, video and television programme post-production activities",0
Redditch,"Film, TV, video, radio and photography","5913 – Motion picture, video and television programme distribution activities",0
Redditch,"Film, TV, video, radio and photography",5914 – Motion picture projection activities,0
Redditch,"Film, TV, video, radio and photography",6010 – Radio broadcasting,0
Redditch,"Film, TV, video, radio and photography",6020 – Television programming and broadcasting activities,0
Redditch,"Film, TV, video, radio and photography",7420 – Photographic activities,5
Redditch,"IT, software and computer services",5821 – Publishing of computer games,0
Redditch,"IT, software and computer services",5829 – Other software publishing,0
Redditch,"IT, software and computer services",6201 – Computer programming activities,25
Redditch,"IT, software and computer services",6202 – Computer consultancy activities,80
Redditch,"Music, performing and visual arts",5920 – Sound recording and music publishing activities,5
Redditch,"Music, performing and visual arts",8552 – Cultural education,0
Redditch,"Music, performing and visual arts",9001 – Performing arts,10
Redditch,"Music, performing and visual arts",9002 – Support activities to performing arts,0
Redditch,"Music, performing and visual arts",9003 – Artistic creation,5
Redditch,"Music, performing and visual arts",9004 – Operation of arts facilities,0
Redditch,Publishing,5811 – Book publishing,0
Redditch,Publishing,5812 – Publishing of directories and mailing lists,0
Redditch,Publishing,5813 – Publishing of newspapers,0
Redditch,Publishing,5814 – Publishing of journals and periodicals,0
Redditch,Publishing,5819 – Other publishing activities,0
Redditch,Publishing,7430 – Translation and interpretation activities,0
Rugby,Advertising and marketing,7021 – Public relations and communication activities,5
Rugby,Advertising and marketing,7311 – Advertising agencies,20
Rugby,Advertising and marketing,7312 – Media representation,5
Rugby,Architecture,7111 – Architectural activities,15
Rugby,Crafts,3212 – Manufacture of jewellery and related articles,5
Rugby,Design and designer fashion,7410 – Specialised design activities,40
Rugby,"Film, TV, video, radio and photography","5911 – Motion picture, video and television programme production activities",15
Rugby,"Film, TV, video, radio and photography","5912 – Motion picture, video and television programme post-production activities",0
Rugby,"Film, TV, video, radio and photography","5913 – Motion picture, video and television programme distribution activities",0
Rugby,"Film, TV, video, radio and photography",5914 – Motion picture projection activities,0
Rugby,"Film, TV, video, radio and photography",6010 – Radio broadcasting,0
Rugby,"Film, TV, video, radio and photography",6020 – Television programming and broadcasting activities,0
Rugby,"Film, TV, video, radio and photography",7420 – Photographic activities,5
Rugby,"IT, software and computer services",5821 – Publishing of computer games,0
Rugby,"IT, software and computer services",5829 – Other software publishing,5
Rugby,"IT, software and computer services",6201 – Computer programming activities,60
Rugby,"IT, software and computer services",6202 – Computer consultancy activities,230
Rugby,"Music, performing and visual arts",5920 – Sound recording and music publishing activities,5
Rugby,"Music, performing and visual arts",8552 – Cultural education,5
Rugby,"Music, performing and visual arts",9001 – Performing arts,5
Rugby,"Music, performing and visual arts",9002 – Support activities to performing arts,0
Rugby,"Music, performing and visual arts",9003 – Artistic creation,5
Rugby,"Music, performing and visual arts",9004 – Operation of arts facilities,0
Rugby,Publishing,5811 – Book publishing,5
Rugby,Publishing,5812 – Publishing of directories and mailing lists,0
Rugby,Publishing,5813 – Publishing of newspapers,0
Rugby,Publishing,5814 – Publishing of journals and periodicals,5
Rugby,Publishing,5819 – Other publishing activities,5
Rugby,Publishing,7430 – Translation and interpretation activities,0
Sandwell,Advertising and marketing,7021 – Public relations and communication activities,5
Sandwell,Advertising and marketing,7311 – Advertising agencies,25
Sandwell,Advertising and marketing,7312 – Media representation,5
Sandwell,Architecture,7111 – Architectural activities,30
Sandwell,Crafts,3212 – Manufacture of jewellery and related articles,5
Sandwell,Design and designer fashion,7410 – Specialised design activities,25
Sandwell,"Film, TV, video, radio and photography","5911 – Motion picture, video and television programme production activities",20
Sandwell,"Film, TV, video, radio and photography","5912 – Motion picture, video and television programme post-production activities",5
Sandwell,"Film, TV, video, radio and photography","5913 – Motion picture, video and television programme distribution activities",0
Sandwell,"Film, TV, video, radio and photography",5914 – Motion picture projection activities,0
Sandwell,"Film, TV, video, radio and photography",6010 – Radio broadcasting,0
Sandwell,"Film, TV, video, radio and photography",6020 – Television programming and broadcasting activities,5
Sandwell,"Film, TV, video, radio and photography",7420 – Photographic activities,10
Sandwell,"IT, software and computer services",5821 – Publishing of computer games,0
Sandwell,"IT, software and computer services",5829 – Other software publishing,5
Sandwell,"IT, software and computer services",6201 – Computer programming activities,50
Sandwell,"IT, software and computer services",6202 – Computer consultancy activities,135
Sandwell,"Music, performing and visual arts",5920 – Sound recording and music publishing activities,10
Sandwell,"Music, performing and visual arts",8552 – Cultural education,10
Sandwell,"Music, performing and visual arts",9001 – Performing arts,15
Sandwell,"Music, performing and visual arts",9002 – Support activities to performing arts,5
Sandwell,"Music, performing and visual arts",9003 – Artistic creation,15
Sandwell,"Music, performing and visual arts",9004 – Operation of arts facilities,0
Sandwell,Publishing,5811 – Book publishing,5
Sandwell,Publishing,5812 – Publishing of directories and mailing lists,0
Sandwell,Publishing,5813 – Publishing of newspapers,0
Sandwell,Publishing,5814 – Publishing of journals and periodicals,0
Sandwell,Publishing,5819 – Other publishing activities,5
Sandwell,Publishing,7430 – Translation and interpretation activities,5
Shropshire,Advertising and marketing,7021 – Public relations and communication activities,25
Shropshire,Advertising and marketing,7311 – Advertising agencies,70
Shropshire,Advertising and marketing,7312 – Media representation,10
Shropshire,Architecture,7111 – Architectural activities,80
Shropshire,Crafts,3212 – Manufacture of jewellery and related articles,10
Shropshire,Design and designer fashion,7410 – Specialised design activities,70
Shropshire,"Film, TV, video, radio and photography","5911 – Motion picture, video and television programme production activities",35
Shropshire,"Film, TV, video, radio and photography","5912 – Motion picture, video and television programme post-production activities",5
Shropshire,"Film, TV, video, radio and photography","5913 – Motion picture, video and television programme distribution activities",0
Shropshire,"Film, TV, video, radio and photography",5914 – Motion picture projection activities,0
Shropshire,"Film, TV, video, radio and photography",6010 – Radio broadcasting,0
Shropshire,"Film, TV, video, radio and photography",6020 – Television programming and broadcasting activities,0
Shropshire,"Film, TV, video, radio and photography",7420 – Photographic activities,30
Shropshire,"IT, software and computer services",5821 – Publishing of computer games,0
Shropshire,"IT, software and computer services",5829 – Other software publishing,15
Shropshire,"IT, software and computer services",6201 – Computer programming activities,100
Shropshire,"IT, software and computer services",6202 – Computer consultancy activities,270
Shropshire,"Music, performing and visual arts",5920 – Sound recording and music publishing activities,10
Shropshire,"Music, performing and visual arts",8552 – Cultural education,0
Shropshire,"Music, performing and visual arts",9001 – Performing arts,20
Shropshire,"Music, performing and visual arts",9002 – Support activities to performing arts,15
Shropshire,"Music, performing and visual arts",9003 – Artistic creation,50
Shropshire,"Music, performing and visual arts",9004 – Operation of arts facilities,5
Shropshire,Publishing,5811 – Book publishing,5
Shropshire,Publishing,5812 – Publishing of directories and mailing lists,0
Shropshire,Publishing,5813 – Publishing of newspapers,0
Shropshire,Publishing,5814 – Publishing of journals and periodicals,10
Shropshire,Publishing,5819 – Other publishing activities,20
Shropshire,Publishing,7430 – Translation and interpretation activities,5
Solihull,Advertising and marketing,7021 – Public relations and communication activities,25
Solihull,Advertising and marketing,7311 – Advertising agencies,60
Solihull,Advertising and marketing,7312 – Media representation,10
Solihull,Architecture,7111 – Architectural activities,35
Solihull,Crafts,3212 – Manufacture of jewellery and related articles,0
Solihull,Design and designer fashion,7410 – Specialised design activities,45
Solihull,"Film, TV, video, radio and photography","5911 – Motion picture, video and television programme production activities",35
Solihull,"Film, TV, video, radio and photography","5912 – Motion picture, video and television programme post-production activities",5
Solihull,"Film, TV, video, radio and photography","5913 – Motion picture, video and television programme distribution activities",0
Solihull,"Film, TV, video, radio and photography",5914 – Motion picture projection activities,0
Solihull,"Film, TV, video, radio and photography",6010 – Radio broadcasting,0
Solihull,"Film, TV, video, radio and photography",6020 – Television programming and broadcasting activities,5
Solihull,"Film, TV, video, radio and photography",7420 – Photographic activities,5
Solihull,"IT, software and computer services",5821 – Publishing of computer games,0
Solihull,"IT, software and computer services",5829 – Other software publishing,5
Solihull,"IT, software and computer services",6201 – Computer programming activities,105
Solihull,"IT, software and computer services",6202 – Computer consultancy activities,375
Solihull,"Music, performing and visual arts",5920 – Sound recording and music publishing activities,5
Solihull,"Music, performing and visual arts",8552 – Cultural education,5
Solihull,"Music, performing and visual arts",9001 – Performing arts,20
Solihull,"Music, performing and visual arts",9002 – Support activities to performing arts,5
Solihull,"Music, performing and visual arts",9003 – Artistic creation,10
Solihull,"Music, performing and visual arts",9004 – Operation of arts facilities,0
Solihull,Publishing,5811 – Book publishing,0
Solihull,Publishing,5812 – Publishing of directories and mailing lists,0
Solihull,Publishing,5813 – Publishing of newspapers,0
Solihull,Publishing,5814 – Publishing of journals and periodicals,5
Solihull,Publishing,5819 – Other publishing activities,5
Solihull,Publishing,7430 – Translation and interpretation activities,5
South Staffordshire,Advertising and marketing,7021 – Public relations and communication activities,5
South Staffordshire,Advertising and marketing,7311 – Advertising agencies,25
South Staffordshire,Advertising and marketing,7312 – Media representation,5
South Staffordshire,Architecture,7111 – Architectural activities,20
South Staffordshire,Crafts,3212 – Manufacture of jewellery and related articles,0
South Staffordshire,Design and designer fashion,7410 – Specialised design activities,20
South Staffordshire,"Film, TV, video, radio and photography","5911 – Motion picture, video and television programme production activities",15
South Staffordshire,"Film, TV, video, radio and photography","5912 – Motion picture, video and television programme post-production activities",0
South Staffordshire,"Film, TV, video, radio and photography","5913 – Motion picture, video and television programme distribution activities",0
South Staffordshire,"Film, TV, video, radio and photography",5914 – Motion picture projection activities,0
South Staffordshire,"Film, TV, video, radio and photography",6010 – Radio broadcasting,0
South Staffordshire,"Film, TV, video, radio and photography",6020 – Television programming and broadcasting activities,0
South Staffordshire,"Film, TV, video, radio and photography",7420 – Photographic activities,5
South Staffordshire,"IT, software and computer services",5821 – Publishing of computer games,0
South Staffordshire,"IT, software and computer services",5829 – Other software publishing,0
South Staffordshire,"IT, software and computer services",6201 – Computer programming activities,25
South Staffordshire,"IT, software and computer services",6202 – Computer consultancy activities,55
South Staffordshire,"Music, performing and visual arts",5920 – Sound recording and music publishing activities,5
South Staffordshire,"Music, performing and visual arts",8552 – Cultural education,0
South Staffordshire,"Music, performing and visual arts",9001 – Performing arts,5
South Staffordshire,"Music, performing and visual arts",9002 – Support activities to performing arts,5
South Staffordshire,"Music, performing and visual arts",9003 – Artistic creation,5
South Staffordshire,"Music, performing and visual arts",9004 – Operation of arts facilities,0
South Staffordshire,Publishing,5811 – Book publishing,0
South Staffordshire,Publishing,5812 – Publishing of directories and mailing lists,0
South Staffordshire,Publishing,5813 – Publishing of newspapers,0
South Staffordshire,Publishing,5814 – Publishing of journals and periodicals,0
South Staffordshire,Publishing,5819 – Other publishing activities,5
South Staffordshire,Publishing,7430 – Translation and interpretation activities,0
Stafford,Advertising and marketing,7021 – Public relations and communication activities,15
Stafford,Advertising and marketing,7311 – Advertising agencies,20
Stafford,Advertising and marketing,7312 – Media representation,5
Stafford,Architecture,7111 – Architectural activities,15
Stafford,Crafts,3212 – Manufacture of jewellery and related articles,0
Stafford,Design and designer fashion,7410 – Specialised design activities,35
Stafford,"Film, TV, video, radio and photography","5911 – Motion picture, video and television programme production activities",15
Stafford,"Film, TV, video, radio and photography","5912 – Motion picture, video and television programme post-production activities",0
Stafford,"Film, TV, video, radio and photography","5913 – Motion picture, video and television programme distribution activities",0
Stafford,"Film, TV, video, radio and photography",5914 – Motion picture projection activities,0
Stafford,"Film, TV, video, radio and photography",6010 – Radio broadcasting,0
Stafford,"Film, TV, video, radio and photography",6020 – Television programming and broadcasting activities,0
Stafford,"Film, TV, video, radio and photography",7420 – Photographic activities,10
Stafford,"IT, software and computer services",5821 – Publishing of computer games,0
Stafford,"IT, software and computer services",5829 – Other software publishing,5
Stafford,"IT, software and computer services",6201 – Computer programming activities,60
Stafford,"IT, software and computer services",6202 – Computer consultancy activities,110
Stafford,"Music, performing and visual arts",5920 – Sound recording and music publishing activities,5
Stafford,"Music, performing and visual arts",8552 – Cultural education,0
Stafford,"Music, performing and visual arts",9001 – Performing arts,10
Stafford,"Music, performing and visual arts",9002 – Support activities to performing arts,0
Stafford,"Music, performing and visual arts",9003 – Artistic creation,15
Stafford,"Music, performing and visual arts",9004 – Operation of arts facilities,0
Stafford,Publishing,5811 – Book publishing,5
Stafford,Publishing,5812 – Publishing of directories and mailing lists,0
Stafford,Publishing,5813 – Publishing of newspapers,0
Stafford,Publishing,5814 – Publishing of journals and periodicals,0
Stafford,Publishing,5819 – Other publishing activities,5
Stafford,Publishing,7430 – Translation and interpretation activities,0
Staffordshire Moorlands,Advertising and marketing,7021 – Public relations and communication activities,5
Staffordshire Moorlands,Advertising and marketing,7311 – Advertising agencies,10
Staffordshire Moorlands,Advertising and marketing,7312 – Media representation,5
Staffordshire Moorlands,Architecture,7111 – Architectural activities,15
Staffordshire Moorlands,Crafts,3212 – Manufacture of jewellery and related articles,0
Staffordshire Moorlands,Design and designer fashion,7410 – Specialised design activities,10
Staffordshire Moorlands,"Film, TV, video, radio and photography","5911 – Motion picture, video and television programme production activities",10
Staffordshire Moorlands,"Film, TV, video, radio and photography","5912 – Motion picture, video and television programme post-production activities",0
Staffordshire Moorlands,"Film, TV, video, radio and photography","5913 – Motion picture, video and television programme distribution activities",0
Staffordshire Moorlands,"Film, TV, video, radio and photography",5914 – Motion picture projection activities,0
Staffordshire Moorlands,"Film, TV, video, radio and photography",6010 – Radio broadcasting,0
Staffordshire Moorlands,"Film, TV, video, radio and photography",6020 – Television programming and broadcasting activities,0
Staffordshire Moorlands,"Film, TV, video, radio and photography",7420 – Photographic activities,10
Staffordshire Moorlands,"IT, software and computer services",5821 – Publishing of computer games,0
Staffordshire Moorlands,"IT, software and computer services",5829 – Other software publishing,0
Staffordshire Moorlands,"IT, software and computer services",6201 – Computer programming activities,25
Staffordshire Moorlands,"IT, software and computer services",6202 – Computer consultancy activities,45
Staffordshire Moorlands,"Music, performing and visual arts",5920 – Sound recording and music publishing activities,5
Staffordshire Moorlands,"Music, performing and visual arts",8552 – Cultural education,0
Staffordshire Moorlands,"Music, performing and visual arts",9001 – Performing arts,0
Staffordshire Moorlands,"Music, performing and visual arts",9002 – Support activities to performing arts,5
Staffordshire Moorlands,"Music, performing and visual arts",9003 – Artistic creation,10
Staffordshire Moorlands,"Music, performing and visual arts",9004 – Operation of arts facilities,0
Staffordshire Moorlands,Publishing,5811 – Book publishing,0
Staffordshire Moorlands,Publishing,5812 – Publishing of directories and mailing lists,0
Staffordshire Moorlands,Publishing,5813 – Publishing of newspapers,0
Staffordshire Moorlands,Publishing,5814 – Publishing of journals and periodicals,5
Staffordshire Moorlands,Publishing,5819 – Other publishing activities,5
Staffordshire Moorlands,Publishing,7430 – Translation and interpretation activities,0
Stoke-on-Trent,Advertising and marketing,7021 – Public relations and communication activities,5
Stoke-on-Trent,Advertising and marketing,7311 – Advertising agencies,20
Stoke-on-Trent,Advertising and marketing,7312 – Media representation,5
Stoke-on-Trent,Architecture,7111 – Architectural activities,15
Stoke-on-Trent,Crafts,3212 – Manufacture of jewellery and related articles,0
Stoke-on-Trent,Design and designer fashion,7410 – Specialised design activities,25
Stoke-on-Trent,"Film, TV, video, radio and photography","5911 – Motion picture, video and television programme production activities",15
Stoke-on-Trent,"Film, TV, video, radio and photography","5912 – Motion picture, video and television programme post-production activities",0
Stoke-on-Trent,"Film, TV, video, radio and photography","5913 – Motion picture, video and television programme distribution activities",0
Stoke-on-Trent,"Film, TV, video, radio and photography",5914 – Motion picture projection activities,0
Stoke-on-Trent,"Film, TV, video, radio and photography",6010 – Radio broadcasting,0
Stoke-on-Trent,"Film, TV, video, radio and photography",6020 – Television programming and broadcasting activities,0
Stoke-on-Trent,"Film, TV, video, radio and photography",7420 – Photographic activities,10
Stoke-on-Trent,"IT, software and computer services",5821 – Publishing of computer games,0
Stoke-on-Trent,"IT, software and computer services",5829 – Other software publishing,5
Stoke-on-Trent,"IT, software and computer services",6201 – Computer programming activities,45
Stoke-on-Trent,"IT, software and computer services",6202 – Computer consultancy activities,90
Stoke-on-Trent,"Music, performing and visual arts",5920 – Sound recording and music publishing activities,0
Stoke-on-Trent,"Music, performing and visual arts",8552 – Cultural education,5
Stoke-on-Trent,"Music, performing and visual arts",9001 – Performing arts,10
Stoke-on-Trent,"Music, performing and visual arts",9002 – Support activities to performing arts,5
Stoke-on-Trent,"Music, performing and visual arts",9003 – Artistic creation,15
Stoke-on-Trent,"Music, performing and visual arts",9004 – Operation of arts facilities,0
Stoke-on-Trent,Publishing,5811 – Book publishing,5
Stoke-on-Trent,Publishing,5812 – Publishing of directories and mailing lists,0
Stoke-on-Trent,Publishing,5813 – Publishing of newspapers,0
Stoke-on-Trent,Publishing,5814 – Publishing of journals and periodicals,5
Stoke-on-Trent,Publishing,5819 – Other publishing activities,5
Stoke-on-Trent,Publishing,7430 – Translation and interpretation activities,0
Stratford-on-Avon,Advertising and marketing,7021 – Public relations and communication activities,25
Stratford-on-Avon,Advertising and marketing,7311 – Advertising agencies,65
Stratford-on-Avon,Advertising and marketing,7312 – Media representation,10
Stratford-on-Avon,Architecture,7111 – Architectural activities,50
Stratford-on-Avon,Crafts,3212 – Manufacture of jewellery and related articles,5
Stratford-on-Avon,Design and designer fashion,7410 – Specialised design activities,85
Stratford-on-Avon,"Film, TV, video, radio and photography","5911 – Motion picture, video and television programme production activities",40
Stratford-on-Avon,"Film, TV, video, radio and photography","5912 – Motion picture, video and television programme post-production activities",5
Stratford-on-Avon,"Film, TV, video, radio and photography","5913 – Motion picture, video and television programme distribution activities",0
Stratford-on-Avon,"Film, TV, video, radio and photography",5914 – Motion picture projection activities,0
Stratford-on-Avon,"Film, TV, video, radio and photography",6010 – Radio broadcasting,0
Stratford-on-Avon,"Film, TV, video, radio and photography",6020 – Television programming and broadcasting activities,5
Stratford-on-Avon,"Film, TV, video, radio and photography",7420 – Photographic activities,30
Stratford-on-Avon,"IT, software and computer services",5821 – Publishing of computer games,0
Stratford-on-Avon,"IT, software and computer services",5829 – Other software publishing,10
Stratford-on-Avon,"IT, software and computer services",6201 – Computer programming activities,80
Stratford-on-Avon,"IT, software and computer services",6202 – Computer consultancy activities,190
Stratford-on-Avon,"Music, performing and visual arts",5920 – Sound recording and music publishing activities,10
Stratford-on-Avon,"Music, performing and visual arts",8552 – Cultural education,5
Stratford-on-Avon,"Music, performing and visual arts",9001 – Performing arts,35
Stratford-on-Avon,"Music, performing and visual arts",9002 – Support activities to performing arts,15
Stratford-on-Avon,"Music, performing and visual arts",9003 – Artistic creation,45
Stratford-on-Avon,"Music, performing and visual arts",9004 – Operation of arts facilities,0
Stratford-on-Avon,Publishing,5811 – Book publishing,5
Stratford-on-Avon,Publishing,5812 – Publishing of directories and mailing lists,0
Stratford-on-Avon,Publishing,5813 – Publishing of newspapers,0
Stratford-on-Avon,Publishing,5814 – Publishing of journals and periodicals,5
Stratford-on-Avon,Publishing,5819 – Other publishing activities,5
Stratford-on-Avon,Publishing,7430 – Translation and interpretation activities,5
Tamworth,Advertising and marketing,7021 – Public relations and communication activities,0
Tamworth,Advertising and marketing,7311 – Advertising agencies,5
Tamworth,Advertising and marketing,7312 – Media representation,5
Tamworth,Architecture,7111 – Architectural activities,15
Tamworth,Crafts,3212 – Manufacture of jewellery and related articles,0
Tamworth,Design and designer fashion,7410 – Specialised design activities,10
Tamworth,"Film, TV, video, radio and photography","5911 – Motion picture, video and television programme production activities",10
Tamworth,"Film, TV, video, radio and photography","5912 – Motion picture, video and television programme post-production activities",0
Tamworth,"Film, TV, video, radio and photography","5913 – Motion picture, video and television programme distribution activities",0
Tamworth,"Film, TV, video, radio and photography",5914 – Motion picture projection activities,0
Tamworth,"Film, TV, video, radio and photography",6010 – Radio broadcasting,0
Tamworth,"Film, TV, video, radio and photography",6020 – Television programming and broadcasting activities,0
Tamworth,"Film, TV, video, radio and photography",7420 – Photographic activities,5
Tamworth,"IT, software and computer services",5821 – Publishing of computer games,0
Tamworth,"IT, software and computer services",5829 – Other software publishing,0
Tamworth,"IT, software and computer services",6201 – Computer programming activities,20
Tamworth,"IT, software and computer services",6202 – Computer consultancy activities,45
Tamworth,"Music, performing and visual arts",5920 – Sound recording and music publishing activities,0
Tamworth,"Music, performing and visual arts",8552 – Cultural education,0
Tamworth,"Music, performing and visual arts",9001 – Performing arts,10
Tamworth,"Music, performing and visual arts",9002 – Support activities to performing arts,5
Tamworth,"Music, performing and visual arts",9003 – Artistic creation,5
Tamworth,"Music, performing and visual arts",9004 – Operation of arts facilities,0
Tamworth,Publishing,5811 – Book publishing,0
Tamworth,Publishing,5812 – Publishing of directories and mailing lists,0
Tamworth,Publishing,5813 – Publishing of newspapers,0
Tamworth,Publishing,5814 – Publishing of journals and periodicals,0
Tamworth,Publishing,5819 – Other publishing activities,0
Tamworth,Publishing,7430 – Translation and interpretation activities,0
Telford and Wrekin,Advertising and marketing,7021 – Public relations and communication activities,5
Telford and Wrekin,Advertising and marketing,7311 – Advertising agencies,25
Telford and Wrekin,Advertising and marketing,7312 – Media representation,10
Telford and Wrekin,Architecture,7111 – Architectural activities,20
Telford and Wrekin,Crafts,3212 – Manufacture of jewellery and related articles,0
Telford and Wrekin,Design and designer fashion,7410 – Specialised design activities,30
Telford and Wrekin,"Film, TV, video, radio and photography","5911 – Motion picture, video and television programme production activities",10
Telford and Wrekin,"Film, TV, video, radio and photography","5912 – Motion picture, video and television programme post-production activities",0
Telford and Wrekin,"Film, TV, video, radio and photography","5913 – Motion picture, video and television programme distribution activities",0
Telford and Wrekin,"Film, TV, video, radio and photography",5914 – Motion picture projection activities,0
Telford and Wrekin,"Film, TV, video, radio and photography",6010 – Radio broadcasting,0
Telford and Wrekin,"Film, TV, video, radio and photography",6020 – Television programming and broadcasting activities,0
Telford and Wrekin,"Film, TV, video, radio and photography",7420 – Photographic activities,10
Telford and Wrekin,"IT, software and computer services",5821 – Publishing of computer games,5
Telford and Wrekin,"IT, software and computer services",5829 – Other software publishing,5
Telford and Wrekin,"IT, software and computer services",6201 – Computer programming activities,50
Telford and Wrekin,"IT, software and computer services",6202 – Computer consultancy activities,185
Telford and Wrekin,"Music, performing and visual arts",5920 – Sound recording and music publishing activities,5
Telford and Wrekin,"Music, performing and visual arts",8552 – Cultural education,5
Telford and Wrekin,"Music, performing and visual arts",9001 – Performing arts,5
Telford and Wrekin,"Music, performing and visual arts",9002 – Support activities to performing arts,5
Telford and Wrekin,"Music, performing and visual arts",9003 – Artistic creation,10
Telford and Wrekin,"Music, performing and visual arts",9004 – Operation of arts facilities,0
Telford and Wrekin,Publishing,5811 – Book publishing,0
Telford and Wrekin,Publishing,5812 – Publishing of directories and mailing lists,0
Telford and Wrekin,Publishing,5813 – Publishing of newspapers,0
Telford and Wrekin,Publishing,5814 – Publishing of journals and periodicals,5
Telford and Wrekin,Publishing,5819 – Other publishing activities,5
Telford and Wrekin,Publishing,7430 – Translation and interpretation activities,0
Walsall,Advertising and marketing,7021 – Public relations and communication activities,0
Walsall,Advertising and marketing,7311 – Advertising agencies,30
Walsall,Advertising and marketing,7312 – Media representation,5
Walsall,Architecture,7111 – Architectural activities,15
Walsall,Crafts,3212 – Manufacture of jewellery and related articles,5
Walsall,Design and designer fashion,7410 – Specialised design activities,30
Walsall,"Film, TV, video, radio and photography","5911 – Motion picture, video and television programme production activities",10
Walsall,"Film, TV, video, radio and photography","5912 – Motion picture, video and television programme post-production activities",0
Walsall,"Film, TV, video, radio and photography","5913 – Motion picture, video and television programme distribution activities",0
Walsall,"Film, TV, video, radio and photography",5914 – Motion picture projection activities,0
Walsall,"Film, TV, video, radio and photography",6010 – Radio broadcasting,0
Walsall,"Film, TV, video, radio and photography",6020 – Television programming and broadcasting activities,5
Walsall,"Film, TV, video, radio and photography",7420 – Photographic activities,10
Walsall,"IT, software and computer services",5821 – Publishing of computer games,0
Walsall,"IT, software and computer services",5829 – Other software publishing,5
Walsall,"IT, software and computer services",6201 – Computer programming activities,60
Walsall,"IT, software and computer services",6202 – Computer consultancy activities,145
Walsall,"Music, performing and visual arts",5920 – Sound recording and music publishing activities,0
Walsall,"Music, performing and visual arts",8552 – Cultural education,0
Walsall,"Music, performing and visual arts",9001 – Performing arts,10
Walsall,"Music, performing and visual arts",9002 – Support activities to performing arts,5
Walsall,"Music, performing and visual arts",9003 – Artistic creation,20
Walsall,"Music, performing and visual arts",9004 – Operation of arts facilities,0
Walsall,Publishing,5811 – Book publishing,5
Walsall,Publishing,5812 – Publishing of directories and mailing lists,0
Walsall,Publishing,5813 – Publishing of newspapers,0
Walsall,Publishing,5814 – Publishing of journals and periodicals,0
Walsall,Publishing,5819 – Other publishing activities,5
Walsall,Publishing,7430 – Translation and interpretation activities,5
Warwick,Advertising and marketing,7021 – Public relations and communication activities,25
Warwick,Advertising and marketing,7311 – Advertising agencies,45
Warwick,Advertising and marketing,7312 – Media representation,5
Warwick,Architecture,7111 – Architectural activities,50
Warwick,Crafts,3212 – Manufacture of jewellery and related articles,0
Warwick,Design and designer fashion,7410 – Specialised design activities,110
Warwick,"Film, TV, video, radio and photography","5911 – Motion picture, video and television programme production activities",40
Warwick,"Film, TV, video, radio and photography","5912 – Motion picture, video and television programme post-production activities",5
Warwick,"Film, TV, video, radio and photography","5913 – Motion picture, video and television programme distribution activities",0
Warwick,"Film, TV, video, radio and photography",5914 – Motion picture projection activities,0
Warwick,"Film, TV, video, radio and photography",6010 – Radio broadcasting,5
Warwick,"Film, TV, video, radio and photography",6020 – Television programming and broadcasting activities,0
Warwick,"Film, TV, video, radio and photography",7420 – Photographic activities,20
Warwick,"IT, software and computer services",5821 – Publishing of computer games,5
Warwick,"IT, software and computer services",5829 – Other software publishing,15
Warwick,"IT, software and computer services",6201 – Computer programming activities,175
Warwick,"IT, software and computer services",6202 – Computer consultancy activities,300
Warwick,"Music, performing and visual arts",5920 – Sound recording and music publishing activities,10
Warwick,"Music, performing and visual arts",8552 – Cultural education,10
Warwick,"Music, performing and visual arts",9001 – Performing arts,15
Warwick,"Music, performing and visual arts",9002 – Support activities to performing arts,10
Warwick,"Music, performing and visual arts",9003 – Artistic creation,25
Warwick,"Music, performing and visual arts",9004 – Operation of arts facilities,5
Warwick,Publishing,5811 – Book publishing,10
Warwick,Publishing,5812 – Publishing of directories and mailing lists,0
Warwick,Publishing,5813 – Publishing of newspapers,0
Warwick,Publishing,5814 – Publishing of journals and periodicals,5
Warwick,Publishing,5819 – Other publishing activities,10
Warwick,Publishing,7430 – Translation and interpretation activities,5
Wolverhampton,Advertising and marketing,7021 – Public relations and communication activities,0
Wolverhampton,Advertising and marketing,7311 – Advertising agencies,45
Wolverhampton,Advertising and marketing,7312 – Media representation,5
Wolverhampton,Architecture,7111 – Architectural activities,25
Wolverhampton,Crafts,3212 – Manufacture of jewellery and related articles,5
Wolverhampton,Design and designer fashion,7410 – Specialised design activities,30
Wolverhampton,"Film, TV, video, radio and photography","5911 – Motion picture, video and television programme production activities",25
Wolverhampton,"Film, TV, video, radio and photography","5912 – Motion picture, video and television programme post-production activities",0
Wolverhampton,"Film, TV, video, radio and photography","5913 – Motion picture, video and television programme distribution activities",0
Wolverhampton,"Film, TV, video, radio and photography",5914 – Motion picture projection activities,0
Wolverhampton,"Film, TV, video, radio and photography",6010 – Radio broadcasting,0
Wolverhampton,"Film, TV, video, radio and photography",6020 – Television programming and broadcasting activities,0
Wolverhampton,"Film, TV, video, radio and photography",7420 – Photographic activities,15
Wolverhampton,"IT, software and computer services",5821 – Publishing of computer games,0
Wolverhampton,"IT, software and computer services",5829 – Other software publishing,0
Wolverhampton,"IT, software and computer services",6201 – Computer programming activities,50
Wolverhampton,"IT, software and computer services",6202 – Computer consultancy activities,180
Wolverhampton,"Music, performing and visual arts",5920 – Sound recording and music publishing activities,5
Wolverhampton,"Music, performing and visual arts",8552 – Cultural education,0
Wolverhampton,"Music, performing and visual arts",9001 – Performing arts,15
Wolverhampton,"Music, performing and visual arts",9002 – Support activities to performing arts,5
Wolverhampton,"Music, performing and visual arts",9003 – Artistic creation,10
Wolverhampton,"Music, performing and visual arts",9004 – Operation of arts facilities,5
Wolverhampton,Publishing,5811 – Book publishing,5
Wolverhampton,Publishing,5812 – Publishing of directories and mailing lists,0
Wolverhampton,Publishing,5813 – Publishing of newspapers,0
Wolverhampton,Publishing,5814 – Publishing of journals and periodicals,0
Wolverhampton,Publishing,5819 – Other publishing activities,5
Wolverhampton,Publishing,7430 – Translation and interpretation activities,5
Worcester,Advertising and marketing,7021 – Public relations and communication activities,10
Worcester,Advertising and marketing,7311 – Advertising agencies,20
Worcester,Advertising and marketing,7312 – Media representation,5
Worcester,Architecture,7111 – Architectural activities,30
Worcester,Crafts,3212 – Manufacture of jewellery and related articles,0
Worcester,Design and designer fashion,7410 – Specialised design activities,30
Worcester,"Film, TV, video, radio and photography","5911 – Motion picture, video and television programme production activities",5
Worcester,"Film, TV, video, radio and photography","5912 – Motion picture, video and television programme post-production activities",0
Worcester,"Film, TV, video, radio and photography","5913 – Motion picture, video and television programme distribution activities",0
Worcester,"Film, TV, video, radio and photography",5914 – Motion picture projection activities,0
Worcester,"Film, TV, video, radio and photography",6010 – Radio broadcasting,5
Worcester,"Film, TV, video, radio and photography",6020 – Television programming and broadcasting activities,0
Worcester,"Film, TV, video, radio and photography",7420 – Photographic activities,5
Worcester,"IT, software and computer services",5821 – Publishing of computer games,0
Worcester,"IT, software and computer services",5829 – Other software publishing,0
Worcester,"IT, software and computer services",6201 – Computer programming activities,40
Worcester,"IT, software and computer services",6202 – Computer consultancy activities,95
Worcester,"Music, performing and visual arts",5920 – Sound recording and music publishing activities,0
Worcester,"Music, performing and visual arts",8552 – Cultural education,5
Worcester,"Music, performing and visual arts",9001 – Performing arts,10
Worcester,"Music, performing and visual arts",9002 – Support activities to performing arts,10
Worcester,"Music, performing and visual arts",9003 – Artistic creation,10
Worcester,"Music, performing and visual arts",9004 – Operation of arts facilities,0
Worcester,Publishing,5811 – Book publishing,5
Worcester,Publishing,5812 – Publishing of directories and mailing lists,0
Worcester,Publishing,5813 – Publishing of newspapers,0
Worcester,Publishing,5814 – Publishing of journals and periodicals,5
Worcester,Publishing,5819 – Other publishing activities,5
Worcester,Publishing,7430 – Translation and interpretation activities,0
Wychavon,Advertising and marketing,7021 – Public relations and communication activities,10
Wychavon,Advertising and marketing,7311 – Advertising agencies,30
Wychavon,Advertising and marketing,7312 – Media representation,5
Wychavon,Architecture,7111 – Architectural activities,45
Wychavon,Crafts,3212 – Manufacture of jewellery and related articles,5
Wychavon,Design and designer fashion,7410 – Specialised design activities,50
Wychavon,"Film, TV, video, radio and photography","5911 – Motion picture, video and television programme production activities",30
Wychavon,"Film, TV, video, radio and photography","5912 – Motion picture, video and television programme post-production activities",5
Wychavon,"Film, TV, video, radio and photography","5913 – Motion picture, video and television programme distribution activities",0
Wychavon,"Film, TV, video, radio and photography",5914 – Motion picture projection activities,5
Wychavon,"Film, TV, video, radio and photography",6010 – Radio broadcasting,0
Wychavon,"Film, TV, video, radio and photography",6020 – Television programming and broadcasting activities,5
Wychavon,"Film, TV, video, radio and photography",7420 – Photographic activities,15
Wychavon,"IT, software and computer services",5821 – Publishing of computer games,0
Wychavon,"IT, software and computer services",5829 – Other software publishing,5
Wychavon,"IT, software and computer services",6201 – Computer programming activities,60
Wychavon,"IT, software and computer services",6202 – Computer consultancy activities,145
Wychavon,"Music, performing and visual arts",5920 – Sound recording and music publishing activities,10
Wychavon,"Music, performing and visual arts",8552 – Cultural education,0
Wychavon,"Music, performing and visual arts",9001 – Performing arts,20
Wychavon,"Music, performing and visual arts",9002 – Support activities to performing arts,10
Wychavon,"Music, performing and visual arts",9003 – Artistic creation,20
Wychavon,"Music, performing and visual arts",9004 – Operation of arts facilities,0
Wychavon,Publishing,5811 – Book publishing,5
Wychavon,Publishing,5812 – Publishing of directories and mailing lists,0
Wychavon,Publishing,5813 – Publishing of newspapers,0
Wychavon,Publishing,5814 – Publishing of journals and periodicals,5
Wychavon,Publishing,5819 – Other publishing activities,5
Wychavon,Publishing,7430 – Translation and interpretation activities,0
Wyre Forest,Advertising and marketing,7021 – Public relations and communication activities,5
Wyre Forest,Advertising and marketing,7311 – Advertising agencies,25
Wyre Forest,Advertising and marketing,7312 – Media representation,5
Wyre Forest,Architecture,7111 – Architectural activities,15
Wyre Forest,Crafts,3212 – Manufacture of jewellery and related articles,5
Wyre Forest,Design and designer fashion,7410 – Specialised design activities,15
Wyre Forest,"Film, TV, video, radio and photography","5911 – Motion picture, video and television programme production activities",15
Wyre Forest,"Film, TV, video, radio and photography","5912 – Motion picture, video and television programme post-production activities",0
Wyre Forest,"Film, TV, video, radio and photography","5913 – Motion picture, video and television programme distribution activities",0
Wyre Forest,"Film, TV, video, radio and photography",5914 – Motion picture projection activities,0
Wyre Forest,"Film, TV, video, radio and photography",6010 – Radio broadcasting,0
Wyre Forest,"Film, TV, video, radio and photography",6020 – Television programming and broadcasting activities,0
Wyre Forest,"Film, TV, video, radio and photography",7420 – Photographic activities,5
Wyre Forest,"IT, software and computer services",5821 – Publishing of computer games,0
Wyre Forest,"IT, software and computer services",5829 – Other software publishing,0
Wyre Forest,"IT, software and computer services",6201 – Computer programming activities,25
Wyre Forest,"IT, software and computer services",6202 – Computer consultancy activities,70
Wyre Forest,"Music, performing and visual arts",5920 – Sound recording and music publishing activities,5
Wyre Forest,"Music, performing and visual arts",8552 – Cultural education,5
Wyre Forest,"Music, performing and visual arts",9001 – Performing arts,10
Wyre Forest,"Music, performing and visual arts",9002 – Support activities to performing arts,5
Wyre Forest,"Music, performing and visual arts",9003 – Artistic creation,5
Wyre Forest,"Music, performing and visual arts",9004 – Operation of arts facilities,0
Wyre Forest,Publishing,5811 – Book publishing,5
Wyre Forest,Publishing,5812 – Publishing of directories and mailing lists,0
Wyre Forest,Publishing,5813 – Publishing of newspapers,0
Wyre Forest,Publishing,5814 – Publishing of journals and periodicals,0
Wyre Forest,Publishing,5819 – Other publishing activities,5
Wyre Forest,Publishing,7430 – Translation and interpretation activities,0
Barnsley,Advertising and marketing,7021 – Public relations and communication activities,0
Barnsley,Advertising and marketing,7311 – Advertising agencies,25
Barnsley,Advertising and marketing,7312 – Media representation,0
Barnsley,Architecture,7111 – Architectural activities,20
Barnsley,Crafts,3212 – Manufacture of jewellery and related articles,0
Barnsley,Design and designer fashion,7410 – Specialised design activities,50
Barnsley,"Film, TV, video, radio and photography","5911 – Motion picture, video and television programme production activities",20
Barnsley,"Film, TV, video, radio and photography","5912 – Motion picture, video and television programme post-production activities",0
Barnsley,"Film, TV, video, radio and photography","5913 – Motion picture, video and television programme distribution activities",0
Barnsley,"Film, TV, video, radio and photography",5914 – Motion picture projection activities,5
Barnsley,"Film, TV, video, radio and photography",6010 – Radio broadcasting,0
Barnsley,"Film, TV, video, radio and photography",6020 – Television programming and broadcasting activities,5
Barnsley,"Film, TV, video, radio and photography",7420 – Photographic activities,10
Barnsley,"IT, software and computer services",5821 – Publishing of computer games,0
Barnsley,"IT, software and computer services",5829 – Other software publishing,5
Barnsley,"IT, software and computer services",6201 – Computer programming activities,30
Barnsley,"IT, software and computer services",6202 – Computer consultancy activities,85
Barnsley,"Music, performing and visual arts",5920 – Sound recording and music publishing activities,10
Barnsley,"Music, performing and visual arts",8552 – Cultural education,0
Barnsley,"Music, performing and visual arts",9001 – Performing arts,20
Barnsley,"Music, performing and visual arts",9002 – Support activities to performing arts,10
Barnsley,"Music, performing and visual arts",9003 – Artistic creation,20
Barnsley,"Music, performing and visual arts",9004 – Operation of arts facilities,0
Barnsley,Publishing,5811 – Book publishing,5
Barnsley,Publishing,5812 – Publishing of directories and mailing lists,0
Barnsley,Publishing,5813 – Publishing of newspapers,0
Barnsley,Publishing,5814 – Publishing of journals and periodicals,5
Barnsley,Publishing,5819 – Other publishing activities,0
Barnsley,Publishing,7430 – Translation and interpretation activities,0
Bradford,Advertising and marketing,7021 – Public relations and communication activities,20
Bradford,Advertising and marketing,7311 – Advertising agencies,55
Bradford,Advertising and marketing,7312 – Media representation,10
Bradford,Architecture,7111 – Architectural activities,70
Bradford,Crafts,3212 – Manufacture of jewellery and related articles,5
Bradford,Design and designer fashion,7410 – Specialised design activities,95
Bradford,"Film, TV, video, radio and photography","5911 – Motion picture, video and television programme production activities",40
Bradford,"Film, TV, video, radio and photography","5912 – Motion picture, video and television programme post-production activities",5
Bradford,"Film, TV, video, radio and photography","5913 – Motion picture, video and television programme distribution activities",0
Bradford,"Film, TV, video, radio and photography",5914 – Motion picture projection activities,0
Bradford,"Film, TV, video, radio and photography",6010 – Radio broadcasting,5
Bradford,"Film, TV, video, radio and photography",6020 – Television programming and broadcasting activities,5
Bradford,"Film, TV, video, radio and photography",7420 – Photographic activities,25
Bradford,"IT, software and computer services",5821 – Publishing of computer games,0
Bradford,"IT, software and computer services",5829 – Other software publishing,5
Bradford,"IT, software and computer services",6201 – Computer programming activities,100
Bradford,"IT, software and computer services",6202 – Computer consultancy activities,300
Bradford,"Music, performing and visual arts",5920 – Sound recording and music publishing activities,15
Bradford,"Music, performing and visual arts",8552 – Cultural education,15
Bradford,"Music, performing and visual arts",9001 – Performing arts,30
Bradford,"Music, performing and visual arts",9002 – Support activities to performing arts,25
Bradford,"Music, performing and visual arts",9003 – Artistic creation,45
Bradford,"Music, performing and visual arts",9004 – Operation of arts facilities,5
Bradford,Publishing,5811 – Book publishing,5
Bradford,Publishing,5812 – Publishing of directories and mailing lists,0
Bradford,Publishing,5813 – Publishing of newspapers,0
Bradford,Publishing,5814 – Publishing of journals and periodicals,5
Bradford,Publishing,5819 – Other publishing activities,15
Bradford,Publishing,7430 – Translation and interpretation activities,10
Calderdale,Advertising and marketing,7021 – Public relations and communication activities,10
Calderdale,Advertising and marketing,7311 – Advertising agencies,40
Calderdale,Advertising and marketing,7312 – Media representation,5
Calderdale,Architecture,7111 – Architectural activities,40
Calderdale,Crafts,3212 – Manufacture of jewellery and related articles,5
Calderdale,Design and designer fashion,7410 – Specialised design activities,70
Calderdale,"Film, TV, video, radio and photography","5911 – Motion picture, video and television programme production activities",50
Calderdale,"Film, TV, video, radio and photography","5912 – Motion picture, video and television programme post-production activities",5
Calderdale,"Film, TV, video, radio and photography","5913 – Motion picture, video and television programme distribution activities",0
Calderdale,"Film, TV, video, radio and photography",5914 – Motion picture projection activities,0
Calderdale,"Film, TV, video, radio and photography",6010 – Radio broadcasting,0
Calderdale,"Film, TV, video, radio and photography",6020 – Television programming and broadcasting activities,5
Calderdale,"Film, TV, video, radio and photography",7420 – Photographic activities,30
Calderdale,"IT, software and computer services",5821 – Publishing of computer games,0
Calderdale,"IT, software and computer services",5829 – Other software publishing,5
Calderdale,"IT, software and computer services",6201 – Computer programming activities,75
Calderdale,"IT, software and computer services",6202 – Computer consultancy activities,180
Calderdale,"Music, performing and visual arts",5920 – Sound recording and music publishing activities,10
Calderdale,"Music, performing and visual arts",8552 – Cultural education,5
Calderdale,"Music, performing and visual arts",9001 – Performing arts,25
Calderdale,"Music, performing and visual arts",9002 – Support activities to performing arts,15
Calderdale,"Music, performing and visual arts",9003 – Artistic creation,30
Calderdale,"Music, performing and visual arts",9004 – Operation of arts facilities,0
Calderdale,Publishing,5811 – Book publishing,10
Calderdale,Publishing,5812 – Publishing of directories and mailing lists,0
Calderdale,Publishing,5813 – Publishing of newspapers,0
Calderdale,Publishing,5814 – Publishing of journals and periodicals,5
Calderdale,Publishing,5819 – Other publishing activities,10
Calderdale,Publishing,7430 – Translation and interpretation activities,5
Doncaster,Advertising and marketing,7021 – Public relations and communication activities,5
Doncaster,Advertising and marketing,7311 – Advertising agencies,40
Doncaster,Advertising and marketing,7312 – Media representation,10
Doncaster,Architecture,7111 – Architectural activities,35
Doncaster,Crafts,3212 – Manufacture of jewellery and related articles,0
Doncaster,Design and designer fashion,7410 – Specialised design activities,55
Doncaster,"Film, TV, video, radio and photography","5911 – Motion picture, video and television programme production activities",25
Doncaster,"Film, TV, video, radio and photography","5912 – Motion picture, video and television programme post-production activities",5
Doncaster,"Film, TV, video, radio and photography","5913 – Motion picture, video and television programme distribution activities",0
Doncaster,"Film, TV, video, radio and photography",5914 – Motion picture projection activities,0
Doncaster,"Film, TV, video, radio and photography",6010 – Radio broadcasting,0
Doncaster,"Film, TV, video, radio and photography",6020 – Television programming and broadcasting activities,0
Doncaster,"Film, TV, video, radio and photography",7420 – Photographic activities,10
Doncaster,"IT, software and computer services",5821 – Publishing of computer games,0
Doncaster,"IT, software and computer services",5829 – Other software publishing,5
Doncaster,"IT, software and computer services",6201 – Computer programming activities,50
Doncaster,"IT, software and computer services",6202 – Computer consultancy activities,115
Doncaster,"Music, performing and visual arts",5920 – Sound recording and music publishing activities,5
Doncaster,"Music, performing and visual arts",8552 – Cultural education,10
Doncaster,"Music, performing and visual arts",9001 – Performing arts,10
Doncaster,"Music, performing and visual arts",9002 – Support activities to performing arts,15
Doncaster,"Music, performing and visual arts",9003 – Artistic creation,30
Doncaster,"Music, performing and visual arts",9004 – Operation of arts facilities,0
Doncaster,Publishing,5811 – Book publishing,5
Doncaster,Publishing,5812 – Publishing of directories and mailing lists,0
Doncaster,Publishing,5813 – Publishing of newspapers,5
Doncaster,Publishing,5814 – Publishing of journals and periodicals,5
Doncaster,Publishing,5819 – Other publishing activities,5
Doncaster,Publishing,7430 – Translation and interpretation activities,0
East Riding of Yorkshire,Advertising and marketing,7021 – Public relations and communication activities,15
East Riding of Yorkshire,Advertising and marketing,7311 – Advertising agencies,60
East Riding of Yorkshire,Advertising and marketing,7312 – Media representation,15
East Riding of Yorkshire,Architecture,7111 – Architectural activities,70
East Riding of Yorkshire,Crafts,3212 – Manufacture of jewellery and related articles,5
East Riding of Yorkshire,Design and designer fashion,7410 – Specialised design activities,70
East Riding of Yorkshire,"Film, TV, video, radio and photography","5911 – Motion picture, video and television programme production activities",35
East Riding of Yorkshire,"Film, TV, video, radio and photography","5912 – Motion picture, video and television programme post-production activities",5
East Riding of Yorkshire,"Film, TV, video, radio and photography","5913 – Motion picture, video and television programme distribution activities",0
East Riding of Yorkshire,"Film, TV, video, radio and photography",5914 – Motion picture projection activities,0
East Riding of Yorkshire,"Film, TV, video, radio and photography",6010 – Radio broadcasting,5
East Riding of Yorkshire,"Film, TV, video, radio and photography",6020 – Television programming and broadcasting activities,0
East Riding of Yorkshire,"Film, TV, video, radio and photography",7420 – Photographic activities,25
East Riding of Yorkshire,"IT, software and computer services",5821 – Publishing of computer games,0
East Riding of Yorkshire,"IT, software and computer services",5829 – Other software publishing,15
East Riding of Yorkshire,"IT, software and computer services",6201 – Computer programming activities,80
East Riding of Yorkshire,"IT, software and computer services",6202 – Computer consultancy activities,170
East Riding of Yorkshire,"Music, performing and visual arts",5920 – Sound recording and music publishing activities,5
East Riding of Yorkshire,"Music, performing and visual arts",8552 – Cultural education,10
East Riding of Yorkshire,"Music, performing and visual arts",9001 – Performing arts,25
East Riding of Yorkshire,"Music, performing and visual arts",9002 – Support activities to performing arts,10
East Riding of Yorkshire,"Music, performing and visual arts",9003 – Artistic creation,40
East Riding of Yorkshire,"Music, performing and visual arts",9004 – Operation of arts facilities,0
East Riding of Yorkshire,Publishing,5811 – Book publishing,10
East Riding of Yorkshire,Publishing,5812 – Publishing of directories and mailing lists,0
East Riding of Yorkshire,Publishing,5813 – Publishing of newspapers,5
East Riding of Yorkshire,Publishing,5814 – Publishing of journals and periodicals,5
East Riding of Yorkshire,Publishing,5819 – Other publishing activities,10
East Riding of Yorkshire,Publishing,7430 – Translation and interpretation activities,5
"Kingston upon Hull, City of",Advertising and marketing,7021 – Public relations and communication activities,10
"Kingston upon Hull, City of",Advertising and marketing,7311 – Advertising agencies,30
"Kingston upon Hull, City of",Advertising and marketing,7312 – Media representation,5
"Kingston upon Hull, City of",Architecture,7111 – Architectural activities,30
"Kingston upon Hull, City of",Crafts,3212 – Manufacture of jewellery and related articles,0
"Kingston upon Hull, City of",Design and designer fashion,7410 – Specialised design activities,30
"Kingston upon Hull, City of","Film, TV, video, radio and photography","5911 – Motion picture, video and television programme production activities",20
"Kingston upon Hull, City of","Film, TV, video, radio and photography","5912 – Motion picture, video and television programme post-production activities",0
"Kingston upon Hull, City of","Film, TV, video, radio and photography","5913 – Motion picture, video and television programme distribution activities",5
"Kingston upon Hull, City of","Film, TV, video, radio and photography",5914 – Motion picture projection activities,0
"Kingston upon Hull, City of","Film, TV, video, radio and photography",6010 – Radio broadcasting,0
"Kingston upon Hull, City of","Film, TV, video, radio and photography",6020 – Television programming and broadcasting activities,0
"Kingston upon Hull, City of","Film, TV, video, radio and photography",7420 – Photographic activities,5
"Kingston upon Hull, City of","IT, software and computer services",5821 – Publishing of computer games,5
"Kingston upon Hull, City of","IT, software and computer services",5829 – Other software publishing,5
"Kingston upon Hull, City of","IT, software and computer services",6201 – Computer programming activities,40
"Kingston upon Hull, City of","IT, software and computer services",6202 – Computer consultancy activities,75
"Kingston upon Hull, City of","Music, performing and visual arts",5920 – Sound recording and music publishing activities,5
"Kingston upon Hull, City of","Music, performing and visual arts",8552 – Cultural education,0
"Kingston upon Hull, City of","Music, performing and visual arts",9001 – Performing arts,15
"Kingston upon Hull, City of","Music, performing and visual arts",9002 – Support activities to performing arts,5
"Kingston upon Hull, City of","Music, performing and visual arts",9003 – Artistic creation,20
"Kingston upon Hull, City of","Music, performing and visual arts",9004 – Operation of arts facilities,0
"Kingston upon Hull, City of",Publishing,5811 – Book publishing,0
"Kingston upon Hull, City of",Publishing,5812 – Publishing of directories and mailing lists,0
"Kingston upon Hull, City of",Publishing,5813 – Publishing of newspapers,0
"Kingston upon Hull, City of",Publishing,5814 – Publishing of journals and periodicals,0
"Kingston upon Hull, City of",Publishing,5819 – Other publishing activities,5
"Kingston upon Hull, City of",Publishing,7430 – Translation and interpretation activities,5
Kirklees,Advertising and marketing,7021 – Public relations and communication activities,15
Kirklees,Advertising and marketing,7311 – Advertising agencies,70
Kirklees,Advertising and marketing,7312 – Media representation,25
Kirklees,Architecture,7111 – Architectural activities,75
Kirklees,Crafts,3212 – Manufacture of jewellery and related articles,10
Kirklees,Design and designer fashion,7410 – Specialised design activities,125
Kirklees,"Film, TV, video, radio and photography","5911 – Motion picture, video and television programme production activities",45
Kirklees,"Film, TV, video, radio and photography","5912 – Motion picture, video and television programme post-production activities",5
Kirklees,"Film, TV, video, radio and photography","5913 – Motion picture, video and television programme distribution activities",0
Kirklees,"Film, TV, video, radio and photography",5914 – Motion picture projection activities,0
Kirklees,"Film, TV, video, radio and photography",6010 – Radio broadcasting,0
Kirklees,"Film, TV, video, radio and photography",6020 – Television programming and broadcasting activities,5
Kirklees,"Film, TV, video, radio and photography",7420 – Photographic activities,30
Kirklees,"IT, software and computer services",5821 – Publishing of computer games,5
Kirklees,"IT, software and computer services",5829 – Other software publishing,15
Kirklees,"IT, software and computer services",6201 – Computer programming activities,95
Kirklees,"IT, software and computer services",6202 – Computer consultancy activities,255
Kirklees,"Music, performing and visual arts",5920 – Sound recording and music publishing activities,10
Kirklees,"Music, performing and visual arts",8552 – Cultural education,15
Kirklees,"Music, performing and visual arts",9001 – Performing arts,20
Kirklees,"Music, performing and visual arts",9002 – Support activities to performing arts,20
Kirklees,"Music, performing and visual arts",9003 – Artistic creation,50
Kirklees,"Music, performing and visual arts",9004 – Operation of arts facilities,5
Kirklees,Publishing,5811 – Book publishing,5
Kirklees,Publishing,5812 – Publishing of directories and mailing lists,0
Kirklees,Publishing,5813 – Publishing of newspapers,0
Kirklees,Publishing,5814 – Publishing of journals and periodicals,5
Kirklees,Publishing,5819 – Other publishing activities,10
Kirklees,Publishing,7430 – Translation and interpretation activities,10
Leeds,Advertising and marketing,7021 – Public relations and communication activities,70
Leeds,Advertising and marketing,7311 – Advertising agencies,275
Leeds,Advertising and marketing,7312 – Media representation,40
Leeds,Architecture,7111 – Architectural activities,160
Leeds,Crafts,3212 – Manufacture of jewellery and related articles,15
Leeds,Design and designer fashion,7410 – Specialised design activities,270
Leeds,"Film, TV, video, radio and photography","5911 – Motion picture, video and television programme production activities",165
Leeds,"Film, TV, video, radio and photography","5912 – Motion picture, video and television programme post-production activities",20
Leeds,"Film, TV, video, radio and photography","5913 – Motion picture, video and television programme distribution activities",0
Leeds,"Film, TV, video, radio and photography",5914 – Motion picture projection activities,0
Leeds,"Film, TV, video, radio and photography",6010 – Radio broadcasting,5
Leeds,"Film, TV, video, radio and photography",6020 – Television programming and broadcasting activities,10
Leeds,"Film, TV, video, radio and photography",7420 – Photographic activities,85
Leeds,"IT, software and computer services",5821 – Publishing of computer games,0
Leeds,"IT, software and computer services",5829 – Other software publishing,45
Leeds,"IT, software and computer services",6201 – Computer programming activities,400
Leeds,"IT, software and computer services",6202 – Computer consultancy activities,935
Leeds,"Music, performing and visual arts",5920 – Sound recording and music publishing activities,30
Leeds,"Music, performing and visual arts",8552 – Cultural education,25
Leeds,"Music, performing and visual arts",9001 – Performing arts,75
Leeds,"Music, performing and visual arts",9002 – Support activities to performing arts,45
Leeds,"Music, performing and visual arts",9003 – Artistic creation,95
Leeds,"Music, performing and visual arts",9004 – Operation of arts facilities,15
Leeds,Publishing,5811 – Book publishing,15
Leeds,Publishing,5812 – Publishing of directories and mailing lists,0
Leeds,Publishing,5813 – Publishing of newspapers,5
Leeds,Publishing,5814 – Publishing of journals and periodicals,15
Leeds,Publishing,5819 – Other publishing activities,45
Leeds,Publishing,7430 – Translation and interpretation activities,30
North East Lincolnshire,Advertising and marketing,7021 – Public relations and communication activities,0
North East Lincolnshire,Advertising and marketing,7311 – Advertising agencies,10
North East Lincolnshire,Advertising and marketing,7312 – Media representation,0
North East Lincolnshire,Architecture,7111 – Architectural activities,10
North East Lincolnshire,Crafts,3212 – Manufacture of jewellery and related articles,5
North East Lincolnshire,Design and designer fashion,7410 – Specialised design activities,15
North East Lincolnshire,"Film, TV, video, radio and photography","5911 – Motion picture, video and television programme production activities",5
North East Lincolnshire,"Film, TV, video, radio and photography","5912 – Motion picture, video and television programme post-production activities",0
North East Lincolnshire,"Film, TV, video, radio and photography","5913 – Motion picture, video and television programme distribution activities",0
North East Lincolnshire,"Film, TV, video, radio and photography",5914 – Motion picture projection activities,0
North East Lincolnshire,"Film, TV, video, radio and photography",6010 – Radio broadcasting,0
North East Lincolnshire,"Film, TV, video, radio and photography",6020 – Television programming and broadcasting activities,0
North East Lincolnshire,"Film, TV, video, radio and photography",7420 – Photographic activities,5
North East Lincolnshire,"IT, software and computer services",5821 – Publishing of computer games,0
North East Lincolnshire,"IT, software and computer services",5829 – Other software publishing,0
North East Lincolnshire,"IT, software and computer services",6201 – Computer programming activities,20
North East Lincolnshire,"IT, software and computer services",6202 – Computer consultancy activities,35
North East Lincolnshire,"Music, performing and visual arts",5920 – Sound recording and music publishing activities,0
North East Lincolnshire,"Music, performing and visual arts",8552 – Cultural education,0
North East Lincolnshire,"Music, performing and visual arts",9001 – Performing arts,5
North East Lincolnshire,"Music, performing and visual arts",9002 – Support activities to performing arts,10
North East Lincolnshire,"Music, performing and visual arts",9003 – Artistic creation,5
North East Lincolnshire,"Music, performing and visual arts",9004 – Operation of arts facilities,0
North East Lincolnshire,Publishing,5811 – Book publishing,5
North East Lincolnshire,Publishing,5812 – Publishing of directories and mailing lists,0
North East Lincolnshire,Publishing,5813 – Publishing of newspapers,0
North East Lincolnshire,Publishing,5814 – Publishing of journals and periodicals,0
North East Lincolnshire,Publishing,5819 – Other publishing activities,5
North East Lincolnshire,Publishing,7430 – Translation and interpretation activities,5
North Lincolnshire,Advertising and marketing,7021 – Public relations and communication activities,0
North Lincolnshire,Advertising and marketing,7311 – Advertising agencies,15
North Lincolnshire,Advertising and marketing,7312 – Media representation,0
North Lincolnshire,Architecture,7111 – Architectural activities,20
North Lincolnshire,Crafts,3212 – Manufacture of jewellery and related articles,0
North Lincolnshire,Design and designer fashion,7410 – Specialised design activities,20
North Lincolnshire,"Film, TV, video, radio and photography","5911 – Motion picture, video and television programme production activities",15
North Lincolnshire,"Film, TV, video, radio and photography","5912 – Motion picture, video and television programme post-production activities",0
North Lincolnshire,"Film, TV, video, radio and photography","5913 – Motion picture, video and television programme distribution activities",0
North Lincolnshire,"Film, TV, video, radio and photography",5914 – Motion picture projection activities,0
North Lincolnshire,"Film, TV, video, radio and photography",6010 – Radio broadcasting,0
North Lincolnshire,"Film, TV, video, radio and photography",6020 – Television programming and broadcasting activities,0
North Lincolnshire,"Film, TV, video, radio and photography",7420 – Photographic activities,5
North Lincolnshire,"IT, software and computer services",5821 – Publishing of computer games,0
North Lincolnshire,"IT, software and computer services",5829 – Other software publishing,5
North Lincolnshire,"IT, software and computer services",6201 – Computer programming activities,25
North Lincolnshire,"IT, software and computer services",6202 – Computer consultancy activities,45
North Lincolnshire,"Music, performing and visual arts",5920 – Sound recording and music publishing activities,5
North Lincolnshire,"Music, performing and visual arts",8552 – Cultural education,5
North Lincolnshire,"Music, performing and visual arts",9001 – Performing arts,5
North Lincolnshire,"Music, performing and visual arts",9002 – Support activities to performing arts,0
North Lincolnshire,"Music, performing and visual arts",9003 – Artistic creation,5
North Lincolnshire,"Music, performing and visual arts",9004 – Operation of arts facilities,0
North Lincolnshire,Publishing,5811 – Book publishing,0
North Lincolnshire,Publishing,5812 – Publishing of directories and mailing lists,0
North Lincolnshire,Publishing,5813 – Publishing of newspapers,0
North Lincolnshire,Publishing,5814 – Publishing of journals and periodicals,0
North Lincolnshire,Publishing,5819 – Other publishing activities,0
North Lincolnshire,Publishing,7430 – Translation and interpretation activities,0
North Yorkshire,Advertising and marketing,7021 – Public relations and communication activities,40
North Yorkshire,Advertising and marketing,7311 – Advertising agencies,140
North Yorkshire,Advertising and marketing,7312 – Media representation,30
North Yorkshire,Architecture,7111 – Architectural activities,180
North Yorkshire,Crafts,3212 – Manufacture of jewellery and related articles,10
North Yorkshire,Design and designer fashion,7410 – Specialised design activities,235
North Yorkshire,"Film, TV, video, radio and photography","5911 – Motion picture, video and television programme production activities",120
North Yorkshire,"Film, TV, video, radio and photography","5912 – Motion picture, video and television programme post-production activities",10
North Yorkshire,"Film, TV, video, radio and photography","5913 – Motion picture, video and television programme distribution activities",5
North Yorkshire,"Film, TV, video, radio and photography",5914 – Motion picture projection activities,5
North Yorkshire,"Film, TV, video, radio and photography",6010 – Radio broadcasting,5
North Yorkshire,"Film, TV, video, radio and photography",6020 – Television programming and broadcasting activities,10
North Yorkshire,"Film, TV, video, radio and photography",7420 – Photographic activities,70
North Yorkshire,"IT, software and computer services",5821 – Publishing of computer games,0
North Yorkshire,"IT, software and computer services",5829 – Other software publishing,20
North Yorkshire,"IT, software and computer services",6201 – Computer programming activities,190
North Yorkshire,"IT, software and computer services",6202 – Computer consultancy activities,455
North Yorkshire,"Music, performing and visual arts",5920 – Sound recording and music publishing activities,10
North Yorkshire,"Music, performing and visual arts",8552 – Cultural education,25
North Yorkshire,"Music, performing and visual arts",9001 – Performing arts,50
North Yorkshire,"Music, performing and visual arts",9002 – Support activities to performing arts,30
North Yorkshire,"Music, performing and visual arts",9003 – Artistic creation,95
North Yorkshire,"Music, performing and visual arts",9004 – Operation of arts facilities,10
North Yorkshire,Publishing,5811 – Book publishing,25
North Yorkshire,Publishing,5812 – Publishing of directories and mailing lists,0
North Yorkshire,Publishing,5813 – Publishing of newspapers,0
North Yorkshire,Publishing,5814 – Publishing of journals and periodicals,10
North Yorkshire,Publishing,5819 – Other publishing activities,25
North Yorkshire,Publishing,7430 – Translation and interpretation activities,10
Rotherham,Advertising and marketing,7021 – Public relations and communication activities,5
Rotherham,Advertising and marketing,7311 – Advertising agencies,50
Rotherham,Advertising and marketing,7312 – Media representation,5
Rotherham,Architecture,7111 – Architectural activities,20
Rotherham,Crafts,3212 – Manufacture of jewellery and related articles,0
Rotherham,Design and designer fashion,7410 – Specialised design activities,25
Rotherham,"Film, TV, video, radio and photography","5911 – Motion picture, video and television programme production activities",20
Rotherham,"Film, TV, video, radio and photography","5912 – Motion picture, video and television programme post-production activities",0
Rotherham,"Film, TV, video, radio and photography","5913 – Motion picture, video and television programme distribution activities",0
Rotherham,"Film, TV, video, radio and photography",5914 – Motion picture projection activities,0
Rotherham,"Film, TV, video, radio and photography",6010 – Radio broadcasting,5
Rotherham,"Film, TV, video, radio and photography",6020 – Television programming and broadcasting activities,5
Rotherham,"Film, TV, video, radio and photography",7420 – Photographic activities,10
Rotherham,"IT, software and computer services",5821 – Publishing of computer games,0
Rotherham,"IT, software and computer services",5829 – Other software publishing,5
Rotherham,"IT, software and computer services",6201 – Computer programming activities,75
Rotherham,"IT, software and computer services",6202 – Computer consultancy activities,120
Rotherham,"Music, performing and visual arts",5920 – Sound recording and music publishing activities,5
Rotherham,"Music, performing and visual arts",8552 – Cultural education,0
Rotherham,"Music, performing and visual arts",9001 – Performing arts,10
Rotherham,"Music, performing and visual arts",9002 – Support activities to performing arts,5
Rotherham,"Music, performing and visual arts",9003 – Artistic creation,10
Rotherham,"Music, performing and visual arts",9004 – Operation of arts facilities,0
Rotherham,Publishing,5811 – Book publishing,5
Rotherham,Publishing,5812 – Publishing of directories and mailing lists,0
Rotherham,Publishing,5813 – Publishing of newspapers,0
Rotherham,Publishing,5814 – Publishing of journals and periodicals,5
Rotherham,Publishing,5819 – Other publishing activities,10
Rotherham,Publishing,7430 – Translation and interpretation activities,5
Sheffield,Advertising and marketing,7021 – Public relations and communication activities,25
Sheffield,Advertising and marketing,7311 – Advertising agencies,110
Sheffield,Advertising and marketing,7312 – Media representation,15
Sheffield,Architecture,7111 – Architectural activities,110
Sheffield,Crafts,3212 – Manufacture of jewellery and related articles,20
Sheffield,Design and designer fashion,7410 – Specialised design activities,135
Sheffield,"Film, TV, video, radio and photography","5911 – Motion picture, video and television programme production activities",125
Sheffield,"Film, TV, video, radio and photography","5912 – Motion picture, video and television programme post-production activities",10
Sheffield,"Film, TV, video, radio and photography","5913 – Motion picture, video and television programme distribution activities",0
Sheffield,"Film, TV, video, radio and photography",5914 – Motion picture projection activities,0
Sheffield,"Film, TV, video, radio and photography",6010 – Radio broadcasting,5
Sheffield,"Film, TV, video, radio and photography",6020 – Television programming and broadcasting activities,15
Sheffield,"Film, TV, video, radio and photography",7420 – Photographic activities,45
Sheffield,"IT, software and computer services",5821 – Publishing of computer games,5
Sheffield,"IT, software and computer services",5829 – Other software publishing,15
Sheffield,"IT, software and computer services",6201 – Computer programming activities,190
Sheffield,"IT, software and computer services",6202 – Computer consultancy activities,375
Sheffield,"Music, performing and visual arts",5920 – Sound recording and music publishing activities,75
Sheffield,"Music, performing and visual arts",8552 – Cultural education,20
Sheffield,"Music, performing and visual arts",9001 – Performing arts,95
Sheffield,"Music, performing and visual arts",9002 – Support activities to performing arts,50
Sheffield,"Music, performing and visual arts",9003 – Artistic creation,95
Sheffield,"Music, performing and visual arts",9004 – Operation of arts facilities,5
Sheffield,Publishing,5811 – Book publishing,15
Sheffield,Publishing,5812 – Publishing of directories and mailing lists,0
Sheffield,Publishing,5813 – Publishing of newspapers,5
Sheffield,Publishing,5814 – Publishing of journals and periodicals,10
Sheffield,Publishing,5819 – Other publishing activities,30
Sheffield,Publishing,7430 – Translation and interpretation activities,10
Wakefield,Advertising and marketing,7021 – Public relations and communication activities,10
Wakefield,Advertising and marketing,7311 – Advertising agencies,50
Wakefield,Advertising and marketing,7312 – Media representation,5
Wakefield,Architecture,7111 – Architectural activities,40
Wakefield,Crafts,3212 – Manufacture of jewellery and related articles,0
Wakefield,Design and designer fashion,7410 – Specialised design activities,85
Wakefield,"Film, TV, video, radio and photography","5911 – Motion picture, video and television programme production activities",25
Wakefield,"Film, TV, video, radio and photography","5912 – Motion picture, video and television programme post-production activities",0
Wakefield,"Film, TV, video, radio and photography","5913 – Motion picture, video and television programme distribution activities",0
Wakefield,"Film, TV, video, radio and photography",5914 – Motion picture projection activities,0
Wakefield,"Film, TV, video, radio and photography",6010 – Radio broadcasting,0
Wakefield,"Film, TV, video, radio and photography",6020 – Television programming and broadcasting activities,5
Wakefield,"Film, TV, video, radio and photography",7420 – Photographic activities,20
Wakefield,"IT, software and computer services",5821 – Publishing of computer games,0
Wakefield,"IT, software and computer services",5829 – Other software publishing,5
Wakefield,"IT, software and computer services",6201 – Computer programming activities,60
Wakefield,"IT, software and computer services",6202 – Computer consultancy activities,210
Wakefield,"Music, performing and visual arts",5920 – Sound recording and music publishing activities,5
Wakefield,"Music, performing and visual arts",8552 – Cultural education,5
Wakefield,"Music, performing and visual arts",9001 – Performing arts,20
Wakefield,"Music, performing and visual arts",9002 – Support activities to performing arts,15
Wakefield,"Music, performing and visual arts",9003 – Artistic creation,20
Wakefield,"Music, performing and visual arts",9004 – Operation of arts facilities,5
Wakefield,Publishing,5811 – Book publishing,5
Wakefield,Publishing,5812 – Publishing of directories and mailing lists,0
Wakefield,Publishing,5813 – Publishing of newspapers,0
Wakefield,Publishing,5814 – Publishing of journals and periodicals,5
Wakefield,Publishing,5819 – Other publishing activities,5
Wakefield,Publishing,7430 – Translation and interpretation activities,5
York,Advertising and marketing,7021 – Public relations and communication activities,10
York,Advertising and marketing,7311 – Advertising agencies,50
York,Advertising and marketing,7312 – Media representation,10
York,Architecture,7111 – Architectural activities,65
York,Crafts,3212 – Manufacture of jewellery and related articles,0
York,Design and designer fashion,7410 – Specialised design activities,65
York,"Film, TV, video, radio and photography","5911 – Motion picture, video and television programme production activities",45
York,"Film, TV, video, radio and photography","5912 – Motion picture, video and television programme post-production activities",5
York,"Film, TV, video, radio and photography","5913 – Motion picture, video and television programme distribution activities",0
York,"Film, TV, video, radio and photography",5914 – Motion picture projection activities,0
York,"Film, TV, video, radio and photography",6010 – Radio broadcasting,5
York,"Film, TV, video, radio and photography",6020 – Television programming and broadcasting activities,5
York,"Film, TV, video, radio and photography",7420 – Photographic activities,25
York,"IT, software and computer services",5821 – Publishing of computer games,5
York,"IT, software and computer services",5829 – Other software publishing,15
York,"IT, software and computer services",6201 – Computer programming activities,100
York,"IT, software and computer services",6202 – Computer consultancy activities,170
York,"Music, performing and visual arts",5920 – Sound recording and music publishing activities,10
York,"Music, performing and visual arts",8552 – Cultural education,10
York,"Music, performing and visual arts",9001 – Performing arts,25
York,"Music, performing and visual arts",9002 – Support activities to performing arts,10
York,"Music, performing and visual arts",9003 – Artistic creation,25
York,"Music, performing and visual arts",9004 – Operation of arts facilities,5
York,Publishing,5811 – Book publishing,10
York,Publishing,5812 – Publishing of directories and mailing lists,0
York,Publishing,5813 – Publishing of newspapers,0
York,Publishing,5814 – Publishing of journals and periodicals,5
York,Publishing,5819 – Other publishing activities,10
York,Publishing,7430 – Translation and interpretation activities,5
