Region,Enterprise Count,Region_1,Year,Nation
Babergh,295,East of England,2010,England
Basildon,410,East of England,2010,England
Bedford,495,East of England,2010,England
Braintree,470,East of England,2010,England
Breckland,210,East of England,2010,England
Brentwood,340,East of England,2010,England
Broadland,255,East of England,2010,England
Broxbourne,185,East of England,2010,England
Cambridge,660,East of England,2010,England
Castle Point,150,East of England,2010,England
Central Bedfordshire,980,East of England,2010,England
Chelmsford,555,East of England,2010,England
Colchester,515,East of England,2010,England
Dacorum,930,East of England,2010,England
East Cambridgeshire,245,East of England,2010,England
East Hertfordshire,710,East of England,2010,England
East Suffolk,585,East of England,2010,England
Epping Forest,465,East of England,2010,England
Fenland,125,East of England,2010,England
Great Yarmouth,90,East of England,2010,England
Harlow,160,East of England,2010,England
Hertsmere,610,East of England,2010,England
Huntingdonshire,575,East of England,2010,England
Ipswich,310,East of England,2010,England
King's Lynn and West Norfolk,170,East of England,2010,England
Luton,320,East of England,2010,England
Maldon,185,East of England,2010,England
Mid Suffolk,335,East of England,2010,England
North Hertfordshire,705,East of England,2010,England
North Norfolk,215,East of England,2010,England
Norwich,350,East of England,2010,England
Peterborough,415,East of England,2010,England
Rochford,220,East of England,2010,England
South Cambridgeshire,825,East of England,2010,England
South Norfolk,355,East of England,2010,England
Southend-on-Sea,510,East of England,2010,England
St Albans,1025,East of England,2010,England
Stevenage,260,East of England,2010,England
Tendring,220,East of England,2010,England
Three Rivers,460,East of England,2010,England
Thurrock,225,East of England,2010,England
Uttlesford,475,East of England,2010,England
Watford,415,East of England,2010,England
Welwyn Hatfield,450,East of England,2010,England
West Suffolk,360,East of England,2010,England
Amber Valley,180,East Midlands,2010,England
Ashfield,100,East Midlands,2010,England
Bassetlaw,125,East Midlands,2010,England
Blaby,190,East Midlands,2010,England
Bolsover,65,East Midlands,2010,England
Boston,40,East Midlands,2010,England
Broxtowe,205,East Midlands,2010,England
Charnwood,350,East Midlands,2010,England
Chesterfield,165,East Midlands,2010,England
Derby,430,East Midlands,2010,England
Derbyshire Dales,250,East Midlands,2010,England
East Lindsey,155,East Midlands,2010,England
Erewash,175,East Midlands,2010,England
Gedling,205,East Midlands,2010,England
Harborough,265,East Midlands,2010,England
High Peak,245,East Midlands,2010,England
Hinckley and Bosworth,215,East Midlands,2010,England
Leicester,500,East Midlands,2010,England
Lincoln,135,East Midlands,2010,England
Mansfield,75,East Midlands,2010,England
Melton,95,East Midlands,2010,England
Newark and Sherwood,265,East Midlands,2010,England
North East Derbyshire,150,East Midlands,2010,England
North Kesteven,180,East Midlands,2010,England
North Northamptonshire,610,East Midlands,2010,England
North West Leicestershire,235,East Midlands,2010,England
Nottingham,560,East Midlands,2010,England
Oadby and Wigston,80,East Midlands,2010,England
Rushcliffe,365,East Midlands,2010,England
Rutland,115,East Midlands,2010,England
South Derbyshire,150,East Midlands,2010,England
South Holland,95,East Midlands,2010,England
South Kesteven,335,East Midlands,2010,England
West Lindsey,135,East Midlands,2010,England
West Northamptonshire,1170,East Midlands,2010,England
Barking and Dagenham,170,London,2010,England
Barnet,2125,London,2010,England
Bexley,500,London,2010,England
Brent,1680,London,2010,England
Bromley,1365,London,2010,England
Camden,4875,London,2010,England
City of London,865,London,2010,England
Croydon,1260,London,2010,England
Ealing,2040,London,2010,England
Enfield,900,London,2010,England
Greenwich,955,London,2010,England
Hackney,2675,London,2010,England
Hammersmith and Fulham,2500,London,2010,England
Haringey,1730,London,2010,England
Harrow,1220,London,2010,England
Havering,425,London,2010,England
Hillingdon,915,London,2010,England
Hounslow,1635,London,2010,England
Islington,3280,London,2010,England
Kensington and Chelsea,2505,London,2010,England
Kingston upon Thames,1145,London,2010,England
Lambeth,2420,London,2010,England
Lewisham,1160,London,2010,England
Merton,1235,London,2010,England
Newham,515,London,2010,England
Redbridge,935,London,2010,England
Richmond upon Thames,2615,London,2010,England
Southwark,2540,London,2010,England
Sutton,620,London,2010,England
Tower Hamlets,2020,London,2010,England
Waltham Forest,710,London,2010,England
Wandsworth,2990,London,2010,England
Westminster,6805,London,2010,England
County Durham,475,North East,2010,England
Darlington,150,North East,2010,England
Gateshead,260,North East,2010,England
Hartlepool,65,North East,2010,England
Middlesbrough,105,North East,2010,England
Newcastle upon Tyne,600,North East,2010,England
North Tyneside,260,North East,2010,England
Northumberland,505,North East,2010,England
Redcar and Cleveland,90,North East,2010,England
South Tyneside,120,North East,2010,England
Stockton-on-Tees,215,North East,2010,England
Sunderland,230,North East,2010,England
Blackburn with Darwen,165,North West,2010,England
Blackpool,210,North West,2010,England
Bolton,410,North West,2010,England
Burnley,50,North West,2010,England
Bury,335,North West,2010,England
Cheshire East,1415,North West,2010,England
Cheshire West and Chester,855,North West,2010,England
Chorley,210,North West,2010,England
Cumberland,300,North West,2010,England
Fylde,255,North West,2010,England
Halton,140,North West,2010,England
Hyndburn,55,North West,2010,England
Knowsley,70,North West,2010,England
Lancaster,180,North West,2010,England
Liverpool,710,North West,2010,England
Manchester,1330,North West,2010,England
Oldham,255,North West,2010,England
Pendle,95,North West,2010,England
Preston,240,North West,2010,England
Ribble Valley,125,North West,2010,England
Rochdale,250,North West,2010,England
Rossendale,125,North West,2010,England
Salford,405,North West,2010,England
Sefton,415,North West,2010,England
South Ribble,180,North West,2010,England
St. Helens,160,North West,2010,England
Stockport,915,North West,2010,England
Tameside,245,North West,2010,England
Trafford,855,North West,2010,England
Warrington,465,North West,2010,England
West Lancashire,195,North West,2010,England
Westmorland and Furness,500,North West,2010,England
Wigan,335,North West,2010,England
Wirral,435,North West,2010,England
Wyre,210,North West,2010,England
Antrim and Newtownabbey,120,Northern Ireland,2010,Northern Ireland
Ards and North Down,225,Northern Ireland,2010,Northern Ireland
"Armagh City, Banbridge and Craigavon",165,Northern Ireland,2010,Northern Ireland
Belfast,750,Northern Ireland,2010,Northern Ireland
Causeway Coast and Glens,100,Northern Ireland,2010,Northern Ireland
Derry City and Strabane,135,Northern Ireland,2010,Northern Ireland
Fermanagh and Omagh,70,Northern Ireland,2010,Northern Ireland
Lisburn and Castlereagh,210,Northern Ireland,2010,Northern Ireland
Mid Ulster,120,Northern Ireland,2010,Northern Ireland
Mid and East Antrim,90,Northern Ireland,2010,Northern Ireland
"Newry, Mourne and Down",170,Northern Ireland,2010,Northern Ireland
Aberdeen City,405,Scotland,2010,Scotland
Aberdeenshire,405,Scotland,2010,Scotland
Angus,100,Scotland,2010,Scotland
Argyll and Bute,165,Scotland,2010,Scotland
City of Edinburgh,1810,Scotland,2010,Scotland
Clackmannanshire,55,Scotland,2010,Scotland
Dumfries and Galloway,155,Scotland,2010,Scotland
Dundee City,155,Scotland,2010,Scotland
East Ayrshire,75,Scotland,2010,Scotland
East Dunbartonshire,225,Scotland,2010,Scotland
East Lothian,185,Scotland,2010,Scotland
East Renfrewshire,180,Scotland,2010,Scotland
Falkirk,145,Scotland,2010,Scotland
Fife,405,Scotland,2010,Scotland
Glasgow City,1450,Scotland,2010,Scotland
Highland,380,Scotland,2010,Scotland
Inverclyde,90,Scotland,2010,Scotland
Midlothian,110,Scotland,2010,Scotland
Moray,75,Scotland,2010,Scotland
Na h-Eileanan Siar,30,Scotland,2010,Scotland
North Ayrshire,95,Scotland,2010,Scotland
North Lanarkshire,235,Scotland,2010,Scotland
Orkney Islands,35,Scotland,2010,Scotland
Perth and Kinross,240,Scotland,2010,Scotland
Renfrewshire,220,Scotland,2010,Scotland
Scottish Borders,205,Scotland,2010,Scotland
Shetland Islands,20,Scotland,2010,Scotland
South Ayrshire,155,Scotland,2010,Scotland
South Lanarkshire,365,Scotland,2010,Scotland
Stirling,245,Scotland,2010,Scotland
West Dunbartonshire,50,Scotland,2010,Scotland
West Lothian,225,Scotland,2010,Scotland
Adur,160,South East,2010,England
Arun,360,South East,2010,England
Ashford,395,South East,2010,England
Basingstoke and Deane,820,South East,2010,England
Bracknell Forest,625,South East,2010,England
Brighton and Hove,1930,South East,2010,England
Buckinghamshire,3380,South East,2010,England
Canterbury,365,South East,2010,England
Cherwell,550,South East,2010,England
Chichester,515,South East,2010,England
Crawley,260,South East,2010,England
Dartford,200,South East,2010,England
Dover,155,South East,2010,England
East Hampshire,645,South East,2010,England
Eastbourne,205,South East,2010,England
Eastleigh,330,South East,2010,England
Elmbridge,1280,South East,2010,England
Epsom and Ewell,375,South East,2010,England
Fareham,290,South East,2010,England
Folkestone and Hythe,200,South East,2010,England
Gosport,105,South East,2010,England
Gravesham,150,South East,2010,England
Guildford,885,South East,2010,England
Hart,660,South East,2010,England
Hastings,205,South East,2010,England
Havant,255,South East,2010,England
Horsham,610,South East,2010,England
Isle of Wight,220,South East,2010,England
Lewes,400,South East,2010,England
Maidstone,505,South East,2010,England
Medway,400,South East,2010,England
Mid Sussex,735,South East,2010,England
Milton Keynes,1185,South East,2010,England
Mole Valley,625,South East,2010,England
New Forest,555,South East,2010,England
Oxford,595,South East,2010,England
Portsmouth,335,South East,2010,England
Reading,800,South East,2010,England
Reigate and Banstead,695,South East,2010,England
Rother,310,South East,2010,England
Runnymede,430,South East,2010,England
Rushmoor,285,South East,2010,England
Sevenoaks,590,South East,2010,England
Slough,485,South East,2010,England
South Oxfordshire,975,South East,2010,England
Southampton,375,South East,2010,England
Spelthorne,450,South East,2010,England
Surrey Heath,555,South East,2010,England
Swale,240,South East,2010,England
Tandridge,440,South East,2010,England
Test Valley,435,South East,2010,England
Thanet,185,South East,2010,England
Tonbridge and Malling,465,South East,2010,England
Tunbridge Wells,695,South East,2010,England
Vale of White Horse,560,South East,2010,England
Waverley,970,South East,2010,England
Wealden,675,South East,2010,England
West Berkshire,980,South East,2010,England
West Oxfordshire,580,South East,2010,England
Winchester,685,South East,2010,England
Windsor and Maidenhead,1210,South East,2010,England
Woking,635,South East,2010,England
Wokingham,1080,South East,2010,England
Worthing,275,South East,2010,England
Bath and North East Somerset,900,South West,2010,England
"Bournemouth, Christchurch and Poole",1080,South West,2010,England
"Bristol, City of",1820,South West,2010,England
Cheltenham,555,South West,2010,England
Cornwall,975,South West,2010,England
Cotswold,455,South West,2010,England
Dorset,1055,South West,2010,England
East Devon,265,South West,2010,England
Exeter,240,South West,2010,England
Forest of Dean,190,South West,2010,England
Gloucester,170,South West,2010,England
Isles of Scilly,0,South West,2010,England
Mid Devon,160,South West,2010,England
North Devon,190,South West,2010,England
North Somerset,550,South West,2010,England
Plymouth,270,South West,2010,England
Somerset,1310,South West,2010,England
South Gloucestershire,660,South West,2010,England
South Hams,295,South West,2010,England
Stroud,490,South West,2010,England
Swindon,565,South West,2010,England
Teignbridge,245,South West,2010,England
Tewkesbury,270,South West,2010,England
Torbay,180,South West,2010,England
Torridge,105,South West,2010,England
West Devon,105,South West,2010,England
Wiltshire,1720,South West,2010,England
Blaenau Gwent,20,Wales,2010,Wales
Bridgend,150,Wales,2010,Wales
Caerphilly,100,Wales,2010,Wales
Cardiff,825,Wales,2010,Wales
Carmarthenshire,210,Wales,2010,Wales
Ceredigion,160,Wales,2010,Wales
Conwy,135,Wales,2010,Wales
Denbighshire,135,Wales,2010,Wales
Flintshire,175,Wales,2010,Wales
Gwynedd,220,Wales,2010,Wales
Isle of Anglesey,60,Wales,2010,Wales
Merthyr Tydfil,10,Wales,2010,Wales
Monmouthshire,280,Wales,2010,Wales
Neath Port Talbot,110,Wales,2010,Wales
Newport,175,Wales,2010,Wales
Pembrokeshire,175,Wales,2010,Wales
Powys,280,Wales,2010,Wales
Rhondda Cynon Taf,160,Wales,2010,Wales
Swansea,290,Wales,2010,Wales
Torfaen,75,Wales,2010,Wales
Vale of Glamorgan,230,Wales,2010,Wales
Wrexham,170,Wales,2010,Wales
Birmingham,1985,West Midlands,2010,England
Bromsgrove,325,West Midlands,2010,England
Cannock Chase,120,West Midlands,2010,England
Coventry,620,West Midlands,2010,England
Dudley,430,West Midlands,2010,England
East Staffordshire,215,West Midlands,2010,England
"Herefordshire, County of",455,West Midlands,2010,England
Lichfield,290,West Midlands,2010,England
Malvern Hills,280,West Midlands,2010,England
Newcastle-under-Lyme,190,West Midlands,2010,England
North Warwickshire,130,West Midlands,2010,England
Nuneaton and Bedworth,170,West Midlands,2010,England
Redditch,185,West Midlands,2010,England
Rugby,270,West Midlands,2010,England
Sandwell,240,West Midlands,2010,England
Shropshire,670,West Midlands,2010,England
Solihull,595,West Midlands,2010,England
South Staffordshire,190,West Midlands,2010,England
Stafford,265,West Midlands,2010,England
Staffordshire Moorlands,105,West Midlands,2010,England
Stoke-on-Trent,210,West Midlands,2010,England
Stratford-on-Avon,595,West Midlands,2010,England
Tamworth,110,West Midlands,2010,England
Telford and Wrekin,280,West Midlands,2010,England
Walsall,245,West Midlands,2010,England
Warwick,710,West Midlands,2010,England
Wolverhampton,310,West Midlands,2010,England
Worcester,220,West Midlands,2010,England
Wychavon,400,West Midlands,2010,England
Wyre Forest,185,West Midlands,2010,England
Barnsley,255,Yorkshire and the Humber,2010,England
Bradford,740,Yorkshire and the Humber,2010,England
Calderdale,495,Yorkshire and the Humber,2010,England
Doncaster,275,Yorkshire and the Humber,2010,England
East Riding of Yorkshire,545,Yorkshire and the Humber,2010,England
"Kingston upon Hull, City of",170,Yorkshire and the Humber,2010,England
Kirklees,745,Yorkshire and the Humber,2010,England
Leeds,1805,Yorkshire and the Humber,2010,England
North East Lincolnshire,135,Yorkshire and the Humber,2010,England
North Lincolnshire,155,Yorkshire and the Humber,2010,England
North Yorkshire,1460,Yorkshire and the Humber,2010,England
Rotherham,270,Yorkshire and the Humber,2010,England
Sheffield,1095,Yorkshire and the Humber,2010,England
Wakefield,345,Yorkshire and the Humber,2010,England
York,495,Yorkshire and the Humber,2010,England
Babergh,295,East of England,2011,England
Basildon,420,East of England,2011,England
Bedford,500,East of England,2011,England
Braintree,470,East of England,2011,England
Breckland,200,East of England,2011,England
Brentwood,345,East of England,2011,England
Broadland,240,East of England,2011,England
Broxbourne,205,East of England,2011,England
Cambridge,690,East of England,2011,England
Castle Point,150,East of England,2011,England
Central Bedfordshire,1010,East of England,2011,England
Chelmsford,585,East of England,2011,England
Colchester,510,East of England,2011,England
Dacorum,950,East of England,2011,England
East Cambridgeshire,245,East of England,2011,England
East Hertfordshire,715,East of England,2011,England
East Suffolk,560,East of England,2011,England
Epping Forest,500,East of England,2011,England
Fenland,135,East of England,2011,England
Great Yarmouth,75,East of England,2011,England
Harlow,180,East of England,2011,England
Hertsmere,655,East of England,2011,England
Huntingdonshire,560,East of England,2011,England
Ipswich,320,East of England,2011,England
King's Lynn and West Norfolk,180,East of England,2011,England
Luton,345,East of England,2011,England
Maldon,180,East of England,2011,England
Mid Suffolk,330,East of England,2011,England
North Hertfordshire,705,East of England,2011,England
North Norfolk,225,East of England,2011,England
Norwich,365,East of England,2011,England
Peterborough,435,East of England,2011,England
Rochford,220,East of England,2011,England
South Cambridgeshire,840,East of England,2011,England
South Norfolk,340,East of England,2011,England
Southend-on-Sea,520,East of England,2011,England
St Albans,1075,East of England,2011,England
Stevenage,235,East of England,2011,England
Tendring,210,East of England,2011,England
Three Rivers,505,East of England,2011,England
Thurrock,230,East of England,2011,England
Uttlesford,505,East of England,2011,England
Watford,425,East of England,2011,England
Welwyn Hatfield,455,East of England,2011,England
West Suffolk,385,East of England,2011,England
Amber Valley,185,East Midlands,2011,England
Ashfield,90,East Midlands,2011,England
Bassetlaw,130,East Midlands,2011,England
Blaby,195,East Midlands,2011,England
Bolsover,65,East Midlands,2011,England
Boston,40,East Midlands,2011,England
Broxtowe,210,East Midlands,2011,England
Charnwood,340,East Midlands,2011,England
Chesterfield,150,East Midlands,2011,England
Derby,425,East Midlands,2011,England
Derbyshire Dales,225,East Midlands,2011,England
East Lindsey,160,East Midlands,2011,England
Erewash,175,East Midlands,2011,England
Gedling,190,East Midlands,2011,England
Harborough,260,East Midlands,2011,England
High Peak,250,East Midlands,2011,England
Hinckley and Bosworth,225,East Midlands,2011,England
Leicester,505,East Midlands,2011,England
Lincoln,135,East Midlands,2011,England
Mansfield,100,East Midlands,2011,England
Melton,110,East Midlands,2011,England
Newark and Sherwood,255,East Midlands,2011,England
North East Derbyshire,150,East Midlands,2011,England
North Kesteven,155,East Midlands,2011,England
North Northamptonshire,605,East Midlands,2011,England
North West Leicestershire,235,East Midlands,2011,England
Nottingham,535,East Midlands,2011,England
Oadby and Wigston,85,East Midlands,2011,England
Rushcliffe,390,East Midlands,2011,England
Rutland,110,East Midlands,2011,England
South Derbyshire,150,East Midlands,2011,England
South Holland,110,East Midlands,2011,England
South Kesteven,335,East Midlands,2011,England
West Lindsey,135,East Midlands,2011,England
West Northamptonshire,1210,East Midlands,2011,England
Barking and Dagenham,240,London,2011,England
Barnet,2275,London,2011,England
Bexley,505,London,2011,England
Brent,1750,London,2011,England
Bromley,1490,London,2011,England
Camden,5020,London,2011,England
City of London,955,London,2011,England
Croydon,1350,London,2011,England
Ealing,2105,London,2011,England
Enfield,970,London,2011,England
Greenwich,1015,London,2011,England
Hackney,2970,London,2011,England
Hammersmith and Fulham,2550,London,2011,England
Haringey,1805,London,2011,England
Harrow,1350,London,2011,England
Havering,430,London,2011,England
Hillingdon,975,London,2011,England
Hounslow,1765,London,2011,England
Islington,3435,London,2011,England
Kensington and Chelsea,2310,London,2011,England
Kingston upon Thames,1175,London,2011,England
Lambeth,2525,London,2011,England
Lewisham,1215,London,2011,England
Merton,1320,London,2011,England
Newham,625,London,2011,England
Redbridge,1120,London,2011,England
Richmond upon Thames,2675,London,2011,England
Southwark,2655,London,2011,England
Sutton,680,London,2011,England
Tower Hamlets,2190,London,2011,England
Waltham Forest,775,London,2011,England
Wandsworth,3105,London,2011,England
Westminster,7105,London,2011,England
County Durham,480,North East,2011,England
Darlington,150,North East,2011,England
Gateshead,260,North East,2011,England
Hartlepool,70,North East,2011,England
Middlesbrough,100,North East,2011,England
Newcastle upon Tyne,625,North East,2011,England
North Tyneside,260,North East,2011,England
Northumberland,495,North East,2011,England
Redcar and Cleveland,85,North East,2011,England
South Tyneside,110,North East,2011,England
Stockton-on-Tees,220,North East,2011,England
Sunderland,240,North East,2011,England
Blackburn with Darwen,165,North West,2011,England
Blackpool,200,North West,2011,England
Bolton,420,North West,2011,England
Burnley,70,North West,2011,England
Bury,345,North West,2011,England
Cheshire East,1445,North West,2011,England
Cheshire West and Chester,885,North West,2011,England
Chorley,210,North West,2011,England
Cumberland,295,North West,2011,England
Fylde,250,North West,2011,England
Halton,155,North West,2011,England
Hyndburn,65,North West,2011,England
Knowsley,85,North West,2011,England
Lancaster,165,North West,2011,England
Liverpool,680,North West,2011,England
Manchester,1355,North West,2011,England
Oldham,255,North West,2011,England
Pendle,80,North West,2011,England
Preston,230,North West,2011,England
Ribble Valley,130,North West,2011,England
Rochdale,260,North West,2011,England
Rossendale,120,North West,2011,England
Salford,455,North West,2011,England
Sefton,405,North West,2011,England
South Ribble,180,North West,2011,England
St. Helens,160,North West,2011,England
Stockport,940,North West,2011,England
Tameside,245,North West,2011,England
Trafford,855,North West,2011,England
Warrington,490,North West,2011,England
West Lancashire,185,North West,2011,England
Westmorland and Furness,480,North West,2011,England
Wigan,345,North West,2011,England
Wirral,435,North West,2011,England
Wyre,190,North West,2011,England
Antrim and Newtownabbey,115,Northern Ireland,2011,Northern Ireland
Ards and North Down,225,Northern Ireland,2011,Northern Ireland
"Armagh City, Banbridge and Craigavon",175,Northern Ireland,2011,Northern Ireland
Belfast,750,Northern Ireland,2011,Northern Ireland
Causeway Coast and Glens,100,Northern Ireland,2011,Northern Ireland
Derry City and Strabane,135,Northern Ireland,2011,Northern Ireland
Fermanagh and Omagh,90,Northern Ireland,2011,Northern Ireland
Lisburn and Castlereagh,210,Northern Ireland,2011,Northern Ireland
Mid Ulster,120,Northern Ireland,2011,Northern Ireland
Mid and East Antrim,105,Northern Ireland,2011,Northern Ireland
"Newry, Mourne and Down",170,Northern Ireland,2011,Northern Ireland
Aberdeen City,425,Scotland,2011,Scotland
Aberdeenshire,420,Scotland,2011,Scotland
Angus,105,Scotland,2011,Scotland
Argyll and Bute,155,Scotland,2011,Scotland
City of Edinburgh,2005,Scotland,2011,Scotland
Clackmannanshire,50,Scotland,2011,Scotland
Dumfries and Galloway,155,Scotland,2011,Scotland
Dundee City,165,Scotland,2011,Scotland
East Ayrshire,85,Scotland,2011,Scotland
East Dunbartonshire,235,Scotland,2011,Scotland
East Lothian,185,Scotland,2011,Scotland
East Renfrewshire,180,Scotland,2011,Scotland
Falkirk,170,Scotland,2011,Scotland
Fife,425,Scotland,2011,Scotland
Glasgow City,1520,Scotland,2011,Scotland
Highland,360,Scotland,2011,Scotland
Inverclyde,75,Scotland,2011,Scotland
Midlothian,125,Scotland,2011,Scotland
Moray,85,Scotland,2011,Scotland
Na h-Eileanan Siar,40,Scotland,2011,Scotland
North Ayrshire,100,Scotland,2011,Scotland
North Lanarkshire,245,Scotland,2011,Scotland
Orkney Islands,35,Scotland,2011,Scotland
Perth and Kinross,250,Scotland,2011,Scotland
Renfrewshire,225,Scotland,2011,Scotland
Scottish Borders,200,Scotland,2011,Scotland
Shetland Islands,25,Scotland,2011,Scotland
South Ayrshire,155,Scotland,2011,Scotland
South Lanarkshire,400,Scotland,2011,Scotland
Stirling,240,Scotland,2011,Scotland
West Dunbartonshire,55,Scotland,2011,Scotland
West Lothian,265,Scotland,2011,Scotland
Adur,155,South East,2011,England
Arun,345,South East,2011,England
Ashford,390,South East,2011,England
Basingstoke and Deane,900,South East,2011,England
Bracknell Forest,640,South East,2011,England
Brighton and Hove,2040,South East,2011,England
Buckinghamshire,3435,South East,2011,England
Canterbury,375,South East,2011,England
Cherwell,560,South East,2011,England
Chichester,540,South East,2011,England
Crawley,235,South East,2011,England
Dartford,215,South East,2011,England
Dover,170,South East,2011,England
East Hampshire,630,South East,2011,England
Eastbourne,205,South East,2011,England
Eastleigh,345,South East,2011,England
Elmbridge,1315,South East,2011,England
Epsom and Ewell,410,South East,2011,England
Fareham,305,South East,2011,England
Folkestone and Hythe,190,South East,2011,England
Gosport,90,South East,2011,England
Gravesham,170,South East,2011,England
Guildford,910,South East,2011,England
Hart,680,South East,2011,England
Hastings,230,South East,2011,England
Havant,255,South East,2011,England
Horsham,615,South East,2011,England
Isle of Wight,225,South East,2011,England
Lewes,425,South East,2011,England
Maidstone,515,South East,2011,England
Medway,430,South East,2011,England
Mid Sussex,760,South East,2011,England
Milton Keynes,1290,South East,2011,England
Mole Valley,640,South East,2011,England
New Forest,560,South East,2011,England
Oxford,600,South East,2011,England
Portsmouth,330,South East,2011,England
Reading,910,South East,2011,England
Reigate and Banstead,720,South East,2011,England
Rother,305,South East,2011,England
Runnymede,450,South East,2011,England
Rushmoor,310,South East,2011,England
Sevenoaks,600,South East,2011,England
Slough,525,South East,2011,England
South Oxfordshire,1000,South East,2011,England
Southampton,385,South East,2011,England
Spelthorne,460,South East,2011,England
Surrey Heath,560,South East,2011,England
Swale,230,South East,2011,England
Tandridge,435,South East,2011,England
Test Valley,430,South East,2011,England
Thanet,170,South East,2011,England
Tonbridge and Malling,465,South East,2011,England
Tunbridge Wells,700,South East,2011,England
Vale of White Horse,550,South East,2011,England
Waverley,1005,South East,2011,England
Wealden,690,South East,2011,England
West Berkshire,1025,South East,2011,England
West Oxfordshire,565,South East,2011,England
Winchester,695,South East,2011,England
Windsor and Maidenhead,1230,South East,2011,England
Woking,645,South East,2011,England
Wokingham,1140,South East,2011,England
Worthing,300,South East,2011,England
Bath and North East Somerset,955,South West,2011,England
"Bournemouth, Christchurch and Poole",1115,South West,2011,England
"Bristol, City of",1860,South West,2011,England
Cheltenham,555,South West,2011,England
Cornwall,985,South West,2011,England
Cotswold,495,South West,2011,England
Dorset,1065,South West,2011,England
East Devon,285,South West,2011,England
Exeter,240,South West,2011,England
Forest of Dean,205,South West,2011,England
Gloucester,200,South West,2011,England
Isles of Scilly,0,South West,2011,England
Mid Devon,170,South West,2011,England
North Devon,165,South West,2011,England
North Somerset,580,South West,2011,England
Plymouth,275,South West,2011,England
Somerset,1300,South West,2011,England
South Gloucestershire,695,South West,2011,England
South Hams,285,South West,2011,England
Stroud,490,South West,2011,England
Swindon,615,South West,2011,England
Teignbridge,240,South West,2011,England
Tewkesbury,270,South West,2011,England
Torbay,185,South West,2011,England
Torridge,110,South West,2011,England
West Devon,110,South West,2011,England
Wiltshire,1715,South West,2011,England
Blaenau Gwent,15,Wales,2011,Wales
Bridgend,130,Wales,2011,Wales
Caerphilly,110,Wales,2011,Wales
Cardiff,835,Wales,2011,Wales
Carmarthenshire,185,Wales,2011,Wales
Ceredigion,145,Wales,2011,Wales
Conwy,140,Wales,2011,Wales
Denbighshire,135,Wales,2011,Wales
Flintshire,185,Wales,2011,Wales
Gwynedd,220,Wales,2011,Wales
Isle of Anglesey,60,Wales,2011,Wales
Merthyr Tydfil,20,Wales,2011,Wales
Monmouthshire,270,Wales,2011,Wales
Neath Port Talbot,110,Wales,2011,Wales
Newport,170,Wales,2011,Wales
Pembrokeshire,170,Wales,2011,Wales
Powys,275,Wales,2011,Wales
Rhondda Cynon Taf,160,Wales,2011,Wales
Swansea,300,Wales,2011,Wales
Torfaen,75,Wales,2011,Wales
Vale of Glamorgan,255,Wales,2011,Wales
Wrexham,175,Wales,2011,Wales
Birmingham,1970,West Midlands,2011,England
Bromsgrove,325,West Midlands,2011,England
Cannock Chase,110,West Midlands,2011,England
Coventry,605,West Midlands,2011,England
Dudley,435,West Midlands,2011,England
East Staffordshire,215,West Midlands,2011,England
"Herefordshire, County of",480,West Midlands,2011,England
Lichfield,290,West Midlands,2011,England
Malvern Hills,280,West Midlands,2011,England
Newcastle-under-Lyme,185,West Midlands,2011,England
North Warwickshire,160,West Midlands,2011,England
Nuneaton and Bedworth,175,West Midlands,2011,England
Redditch,175,West Midlands,2011,England
Rugby,265,West Midlands,2011,England
Sandwell,255,West Midlands,2011,England
Shropshire,665,West Midlands,2011,England
Solihull,615,West Midlands,2011,England
South Staffordshire,220,West Midlands,2011,England
Stafford,255,West Midlands,2011,England
Staffordshire Moorlands,110,West Midlands,2011,England
Stoke-on-Trent,205,West Midlands,2011,England
Stratford-on-Avon,605,West Midlands,2011,England
Tamworth,115,West Midlands,2011,England
Telford and Wrekin,260,West Midlands,2011,England
Walsall,240,West Midlands,2011,England
Warwick,695,West Midlands,2011,England
Wolverhampton,320,West Midlands,2011,England
Worcester,210,West Midlands,2011,England
Wychavon,395,West Midlands,2011,England
Wyre Forest,190,West Midlands,2011,England
Barnsley,270,Yorkshire and the Humber,2011,England
Bradford,780,Yorkshire and the Humber,2011,England
Calderdale,505,Yorkshire and the Humber,2011,England
Doncaster,285,Yorkshire and the Humber,2011,England
East Riding of Yorkshire,525,Yorkshire and the Humber,2011,England
"Kingston upon Hull, City of",190,Yorkshire and the Humber,2011,England
Kirklees,720,Yorkshire and the Humber,2011,England
Leeds,1880,Yorkshire and the Humber,2011,England
North East Lincolnshire,120,Yorkshire and the Humber,2011,England
North Lincolnshire,145,Yorkshire and the Humber,2011,England
North Yorkshire,1470,Yorkshire and the Humber,2011,England
Rotherham,260,Yorkshire and the Humber,2011,England
Sheffield,1050,Yorkshire and the Humber,2011,England
Wakefield,330,Yorkshire and the Humber,2011,England
York,500,Yorkshire and the Humber,2011,England
Babergh,310,East of England,2012,England
Basildon,470,East of England,2012,England
Bedford,525,East of England,2012,England
Braintree,480,East of England,2012,England
Breckland,200,East of England,2012,England
Brentwood,370,East of England,2012,England
Broadland,255,East of England,2012,England
Broxbourne,230,East of England,2012,England
Cambridge,740,East of England,2012,England
Castle Point,160,East of England,2012,England
Central Bedfordshire,1065,East of England,2012,England
Chelmsford,625,East of England,2012,England
Colchester,580,East of England,2012,England
Dacorum,1035,East of England,2012,England
East Cambridgeshire,270,East of England,2012,England
East Hertfordshire,755,East of England,2012,England
East Suffolk,575,East of England,2012,England
Epping Forest,570,East of England,2012,England
Fenland,130,East of England,2012,England
Great Yarmouth,80,East of England,2012,England
Harlow,185,East of England,2012,England
Hertsmere,710,East of England,2012,England
Huntingdonshire,595,East of England,2012,England
Ipswich,340,East of England,2012,England
King's Lynn and West Norfolk,195,East of England,2012,England
Luton,385,East of England,2012,England
Maldon,190,East of England,2012,England
Mid Suffolk,325,East of England,2012,England
North Hertfordshire,735,East of England,2012,England
North Norfolk,230,East of England,2012,England
Norwich,390,East of England,2012,England
Peterborough,410,East of England,2012,England
Rochford,215,East of England,2012,England
South Cambridgeshire,860,East of England,2012,England
South Norfolk,335,East of England,2012,England
Southend-on-Sea,575,East of England,2012,England
St Albans,1140,East of England,2012,England
Stevenage,230,East of England,2012,England
Tendring,230,East of England,2012,England
Three Rivers,575,East of England,2012,England
Thurrock,290,East of England,2012,England
Uttlesford,510,East of England,2012,England
Watford,485,East of England,2012,England
Welwyn Hatfield,510,East of England,2012,England
West Suffolk,395,East of England,2012,England
Amber Valley,205,East Midlands,2012,England
Ashfield,105,East Midlands,2012,England
Bassetlaw,155,East Midlands,2012,England
Blaby,230,East Midlands,2012,England
Bolsover,70,East Midlands,2012,England
Boston,45,East Midlands,2012,England
Broxtowe,235,East Midlands,2012,England
Charnwood,360,East Midlands,2012,England
Chesterfield,145,East Midlands,2012,England
Derby,475,East Midlands,2012,England
Derbyshire Dales,235,East Midlands,2012,England
East Lindsey,160,East Midlands,2012,England
Erewash,195,East Midlands,2012,England
Gedling,200,East Midlands,2012,England
Harborough,295,East Midlands,2012,England
High Peak,240,East Midlands,2012,England
Hinckley and Bosworth,235,East Midlands,2012,England
Leicester,540,East Midlands,2012,England
Lincoln,140,East Midlands,2012,England
Mansfield,105,East Midlands,2012,England
Melton,115,East Midlands,2012,England
Newark and Sherwood,265,East Midlands,2012,England
North East Derbyshire,160,East Midlands,2012,England
North Kesteven,150,East Midlands,2012,England
North Northamptonshire,645,East Midlands,2012,England
North West Leicestershire,230,East Midlands,2012,England
Nottingham,575,East Midlands,2012,England
Oadby and Wigston,80,East Midlands,2012,England
Rushcliffe,385,East Midlands,2012,England
Rutland,125,East Midlands,2012,England
South Derbyshire,160,East Midlands,2012,England
South Holland,120,East Midlands,2012,England
South Kesteven,355,East Midlands,2012,England
West Lindsey,135,East Midlands,2012,England
West Northamptonshire,1310,East Midlands,2012,England
Barking and Dagenham,310,London,2012,England
Barnet,2475,London,2012,England
Bexley,575,London,2012,England
Brent,1865,London,2012,England
Bromley,1645,London,2012,England
Camden,5315,London,2012,England
City of London,1035,London,2012,England
Croydon,1555,London,2012,England
Ealing,2310,London,2012,England
Enfield,1050,London,2012,England
Greenwich,1155,London,2012,England
Hackney,3390,London,2012,England
Hammersmith and Fulham,2630,London,2012,England
Haringey,2025,London,2012,England
Harrow,1545,London,2012,England
Havering,490,London,2012,England
Hillingdon,1115,London,2012,England
Hounslow,2155,London,2012,England
Islington,3695,London,2012,England
Kensington and Chelsea,2360,London,2012,England
Kingston upon Thames,1250,London,2012,England
Lambeth,2690,London,2012,England
Lewisham,1425,London,2012,England
Merton,1445,London,2012,England
Newham,770,London,2012,England
Redbridge,1420,London,2012,England
Richmond upon Thames,2790,London,2012,England
Southwark,2945,London,2012,England
Sutton,780,London,2012,England
Tower Hamlets,2485,London,2012,England
Waltham Forest,850,London,2012,England
Wandsworth,3345,London,2012,England
Westminster,7580,London,2012,England
County Durham,490,North East,2012,England
Darlington,150,North East,2012,England
Gateshead,265,North East,2012,England
Hartlepool,75,North East,2012,England
Middlesbrough,105,North East,2012,England
Newcastle upon Tyne,655,North East,2012,England
North Tyneside,285,North East,2012,England
Northumberland,515,North East,2012,England
Redcar and Cleveland,100,North East,2012,England
South Tyneside,115,North East,2012,England
Stockton-on-Tees,260,North East,2012,England
Sunderland,260,North East,2012,England
Blackburn with Darwen,165,North West,2012,England
Blackpool,215,North West,2012,England
Bolton,405,North West,2012,England
Burnley,95,North West,2012,England
Bury,370,North West,2012,England
Cheshire East,1505,North West,2012,England
Cheshire West and Chester,955,North West,2012,England
Chorley,215,North West,2012,England
Cumberland,300,North West,2012,England
Fylde,270,North West,2012,England
Halton,160,North West,2012,England
Hyndburn,75,North West,2012,England
Knowsley,95,North West,2012,England
Lancaster,175,North West,2012,England
Liverpool,750,North West,2012,England
Manchester,1535,North West,2012,England
Oldham,275,North West,2012,England
Pendle,100,North West,2012,England
Preston,240,North West,2012,England
Ribble Valley,140,North West,2012,England
Rochdale,260,North West,2012,England
Rossendale,110,North West,2012,England
Salford,500,North West,2012,England
Sefton,430,North West,2012,England
South Ribble,200,North West,2012,England
St. Helens,155,North West,2012,England
Stockport,995,North West,2012,England
Tameside,280,North West,2012,England
Trafford,910,North West,2012,England
Warrington,535,North West,2012,England
West Lancashire,190,North West,2012,England
Westmorland and Furness,495,North West,2012,England
Wigan,375,North West,2012,England
Wirral,480,North West,2012,England
Wyre,200,North West,2012,England
Antrim and Newtownabbey,120,Northern Ireland,2012,Northern Ireland
Ards and North Down,245,Northern Ireland,2012,Northern Ireland
"Armagh City, Banbridge and Craigavon",165,Northern Ireland,2012,Northern Ireland
Belfast,775,Northern Ireland,2012,Northern Ireland
Causeway Coast and Glens,95,Northern Ireland,2012,Northern Ireland
Derry City and Strabane,140,Northern Ireland,2012,Northern Ireland
Fermanagh and Omagh,80,Northern Ireland,2012,Northern Ireland
Lisburn and Castlereagh,195,Northern Ireland,2012,Northern Ireland
Mid Ulster,110,Northern Ireland,2012,Northern Ireland
Mid and East Antrim,115,Northern Ireland,2012,Northern Ireland
"Newry, Mourne and Down",175,Northern Ireland,2012,Northern Ireland
Aberdeen City,470,Scotland,2012,Scotland
Aberdeenshire,455,Scotland,2012,Scotland
Angus,110,Scotland,2012,Scotland
Argyll and Bute,160,Scotland,2012,Scotland
City of Edinburgh,2245,Scotland,2012,Scotland
Clackmannanshire,55,Scotland,2012,Scotland
Dumfries and Galloway,140,Scotland,2012,Scotland
Dundee City,170,Scotland,2012,Scotland
East Ayrshire,100,Scotland,2012,Scotland
East Dunbartonshire,255,Scotland,2012,Scotland
East Lothian,210,Scotland,2012,Scotland
East Renfrewshire,195,Scotland,2012,Scotland
Falkirk,195,Scotland,2012,Scotland
Fife,480,Scotland,2012,Scotland
Glasgow City,1630,Scotland,2012,Scotland
Highland,360,Scotland,2012,Scotland
Inverclyde,90,Scotland,2012,Scotland
Midlothian,150,Scotland,2012,Scotland
Moray,90,Scotland,2012,Scotland
Na h-Eileanan Siar,35,Scotland,2012,Scotland
North Ayrshire,110,Scotland,2012,Scotland
North Lanarkshire,290,Scotland,2012,Scotland
Orkney Islands,40,Scotland,2012,Scotland
Perth and Kinross,290,Scotland,2012,Scotland
Renfrewshire,230,Scotland,2012,Scotland
Scottish Borders,220,Scotland,2012,Scotland
Shetland Islands,30,Scotland,2012,Scotland
South Ayrshire,160,Scotland,2012,Scotland
South Lanarkshire,430,Scotland,2012,Scotland
Stirling,260,Scotland,2012,Scotland
West Dunbartonshire,55,Scotland,2012,Scotland
West Lothian,300,Scotland,2012,Scotland
Adur,195,South East,2012,England
Arun,385,South East,2012,England
Ashford,430,South East,2012,England
Basingstoke and Deane,970,South East,2012,England
Bracknell Forest,655,South East,2012,England
Brighton and Hove,2215,South East,2012,England
Buckinghamshire,3710,South East,2012,England
Canterbury,410,South East,2012,England
Cherwell,585,South East,2012,England
Chichester,570,South East,2012,England
Crawley,270,South East,2012,England
Dartford,245,South East,2012,England
Dover,195,South East,2012,England
East Hampshire,665,South East,2012,England
Eastbourne,240,South East,2012,England
Eastleigh,365,South East,2012,England
Elmbridge,1380,South East,2012,England
Epsom and Ewell,425,South East,2012,England
Fareham,320,South East,2012,England
Folkestone and Hythe,200,South East,2012,England
Gosport,85,South East,2012,England
Gravesham,200,South East,2012,England
Guildford,965,South East,2012,England
Hart,695,South East,2012,England
Hastings,225,South East,2012,England
Havant,270,South East,2012,England
Horsham,650,South East,2012,England
Isle of Wight,235,South East,2012,England
Lewes,475,South East,2012,England
Maidstone,530,South East,2012,England
Medway,480,South East,2012,England
Mid Sussex,785,South East,2012,England
Milton Keynes,1400,South East,2012,England
Mole Valley,705,South East,2012,England
New Forest,595,South East,2012,England
Oxford,640,South East,2012,England
Portsmouth,385,South East,2012,England
Reading,1065,South East,2012,England
Reigate and Banstead,765,South East,2012,England
Rother,335,South East,2012,England
Runnymede,500,South East,2012,England
Rushmoor,345,South East,2012,England
Sevenoaks,670,South East,2012,England
Slough,605,South East,2012,England
South Oxfordshire,1025,South East,2012,England
Southampton,415,South East,2012,England
Spelthorne,555,South East,2012,England
Surrey Heath,595,South East,2012,England
Swale,255,South East,2012,England
Tandridge,485,South East,2012,England
Test Valley,500,South East,2012,England
Thanet,175,South East,2012,England
Tonbridge and Malling,490,South East,2012,England
Tunbridge Wells,800,South East,2012,England
Vale of White Horse,550,South East,2012,England
Waverley,1090,South East,2012,England
Wealden,705,South East,2012,England
West Berkshire,1065,South East,2012,England
West Oxfordshire,575,South East,2012,England
Winchester,745,South East,2012,England
Windsor and Maidenhead,1275,South East,2012,England
Woking,735,South East,2012,England
Wokingham,1255,South East,2012,England
Worthing,305,South East,2012,England
Bath and North East Somerset,975,South West,2012,England
"Bournemouth, Christchurch and Poole",1220,South West,2012,England
"Bristol, City of",2005,South West,2012,England
Cheltenham,625,South West,2012,England
Cornwall,1075,South West,2012,England
Cotswold,530,South West,2012,England
Dorset,1105,South West,2012,England
East Devon,280,South West,2012,England
Exeter,265,South West,2012,England
Forest of Dean,220,South West,2012,England
Gloucester,210,South West,2012,England
Isles of Scilly,0,South West,2012,England
Mid Devon,180,South West,2012,England
North Devon,195,South West,2012,England
North Somerset,615,South West,2012,England
Plymouth,280,South West,2012,England
Somerset,1355,South West,2012,England
South Gloucestershire,755,South West,2012,England
South Hams,295,South West,2012,England
Stroud,530,South West,2012,England
Swindon,715,South West,2012,England
Teignbridge,265,South West,2012,England
Tewkesbury,300,South West,2012,England
Torbay,195,South West,2012,England
Torridge,110,South West,2012,England
West Devon,135,South West,2012,England
Wiltshire,1890,South West,2012,England
Blaenau Gwent,15,Wales,2012,Wales
Bridgend,135,Wales,2012,Wales
Caerphilly,115,Wales,2012,Wales
Cardiff,885,Wales,2012,Wales
Carmarthenshire,200,Wales,2012,Wales
Ceredigion,130,Wales,2012,Wales
Conwy,145,Wales,2012,Wales
Denbighshire,155,Wales,2012,Wales
Flintshire,200,Wales,2012,Wales
Gwynedd,215,Wales,2012,Wales
Isle of Anglesey,70,Wales,2012,Wales
Merthyr Tydfil,20,Wales,2012,Wales
Monmouthshire,280,Wales,2012,Wales
Neath Port Talbot,90,Wales,2012,Wales
Newport,195,Wales,2012,Wales
Pembrokeshire,175,Wales,2012,Wales
Powys,280,Wales,2012,Wales
Rhondda Cynon Taf,190,Wales,2012,Wales
Swansea,325,Wales,2012,Wales
Torfaen,85,Wales,2012,Wales
Vale of Glamorgan,250,Wales,2012,Wales
Wrexham,180,Wales,2012,Wales
Birmingham,2100,West Midlands,2012,England
Bromsgrove,350,West Midlands,2012,England
Cannock Chase,110,West Midlands,2012,England
Coventry,705,West Midlands,2012,England
Dudley,485,West Midlands,2012,England
East Staffordshire,235,West Midlands,2012,England
"Herefordshire, County of",475,West Midlands,2012,England
Lichfield,300,West Midlands,2012,England
Malvern Hills,275,West Midlands,2012,England
Newcastle-under-Lyme,180,West Midlands,2012,England
North Warwickshire,160,West Midlands,2012,England
Nuneaton and Bedworth,190,West Midlands,2012,England
Redditch,175,West Midlands,2012,England
Rugby,295,West Midlands,2012,England
Sandwell,270,West Midlands,2012,England
Shropshire,720,West Midlands,2012,England
Solihull,650,West Midlands,2012,England
South Staffordshire,225,West Midlands,2012,England
Stafford,305,West Midlands,2012,England
Staffordshire Moorlands,110,West Midlands,2012,England
Stoke-on-Trent,210,West Midlands,2012,England
Stratford-on-Avon,620,West Midlands,2012,England
Tamworth,115,West Midlands,2012,England
Telford and Wrekin,315,West Midlands,2012,England
Walsall,250,West Midlands,2012,England
Warwick,750,West Midlands,2012,England
Wolverhampton,360,West Midlands,2012,England
Worcester,215,West Midlands,2012,England
Wychavon,400,West Midlands,2012,England
Wyre Forest,185,West Midlands,2012,England
Barnsley,295,Yorkshire and the Humber,2012,England
Bradford,845,Yorkshire and the Humber,2012,England
Calderdale,560,Yorkshire and the Humber,2012,England
Doncaster,295,Yorkshire and the Humber,2012,England
East Riding of Yorkshire,555,Yorkshire and the Humber,2012,England
"Kingston upon Hull, City of",190,Yorkshire and the Humber,2012,England
Kirklees,780,Yorkshire and the Humber,2012,England
Leeds,2065,Yorkshire and the Humber,2012,England
North East Lincolnshire,125,Yorkshire and the Humber,2012,England
North Lincolnshire,145,Yorkshire and the Humber,2012,England
North Yorkshire,1540,Yorkshire and the Humber,2012,England
Rotherham,260,Yorkshire and the Humber,2012,England
Sheffield,1140,Yorkshire and the Humber,2012,England
Wakefield,360,Yorkshire and the Humber,2012,England
York,535,Yorkshire and the Humber,2012,England
Babergh,315,East of England,2013,England
Basildon,490,East of England,2013,England
Bedford,545,East of England,2013,England
Braintree,510,East of England,2013,England
Breckland,190,East of England,2013,England
Brentwood,385,East of England,2013,England
Broadland,255,East of England,2013,England
Broxbourne,235,East of England,2013,England
Cambridge,770,East of England,2013,England
Castle Point,150,East of England,2013,England
Central Bedfordshire,1090,East of England,2013,England
Chelmsford,660,East of England,2013,England
Colchester,605,East of England,2013,England
Dacorum,1095,East of England,2013,England
East Cambridgeshire,290,East of England,2013,England
East Hertfordshire,795,East of England,2013,England
East Suffolk,605,East of England,2013,England
Epping Forest,580,East of England,2013,England
Fenland,135,East of England,2013,England
Great Yarmouth,80,East of England,2013,England
Harlow,190,East of England,2013,England
Hertsmere,705,East of England,2013,England
Huntingdonshire,640,East of England,2013,England
Ipswich,340,East of England,2013,England
King's Lynn and West Norfolk,195,East of England,2013,England
Luton,400,East of England,2013,England
Maldon,190,East of England,2013,England
Mid Suffolk,320,East of England,2013,England
North Hertfordshire,770,East of England,2013,England
North Norfolk,220,East of England,2013,England
Norwich,430,East of England,2013,England
Peterborough,435,East of England,2013,England
Rochford,225,East of England,2013,England
South Cambridgeshire,865,East of England,2013,England
South Norfolk,350,East of England,2013,England
Southend-on-Sea,605,East of England,2013,England
St Albans,1170,East of England,2013,England
Stevenage,250,East of England,2013,England
Tendring,215,East of England,2013,England
Three Rivers,600,East of England,2013,England
Thurrock,310,East of England,2013,England
Uttlesford,515,East of England,2013,England
Watford,535,East of England,2013,England
Welwyn Hatfield,535,East of England,2013,England
West Suffolk,380,East of England,2013,England
Amber Valley,210,East Midlands,2013,England
Ashfield,120,East Midlands,2013,England
Bassetlaw,150,East Midlands,2013,England
Blaby,235,East Midlands,2013,England
Bolsover,70,East Midlands,2013,England
Boston,40,East Midlands,2013,England
Broxtowe,245,East Midlands,2013,England
Charnwood,400,East Midlands,2013,England
Chesterfield,155,East Midlands,2013,England
Derby,500,East Midlands,2013,England
Derbyshire Dales,245,East Midlands,2013,England
East Lindsey,160,East Midlands,2013,England
Erewash,200,East Midlands,2013,England
Gedling,200,East Midlands,2013,England
Harborough,300,East Midlands,2013,England
High Peak,255,East Midlands,2013,England
Hinckley and Bosworth,240,East Midlands,2013,England
Leicester,600,East Midlands,2013,England
Lincoln,145,East Midlands,2013,England
Mansfield,105,East Midlands,2013,England
Melton,135,East Midlands,2013,England
Newark and Sherwood,295,East Midlands,2013,England
North East Derbyshire,150,East Midlands,2013,England
North Kesteven,160,East Midlands,2013,England
North Northamptonshire,685,East Midlands,2013,England
North West Leicestershire,235,East Midlands,2013,England
Nottingham,630,East Midlands,2013,England
Oadby and Wigston,85,East Midlands,2013,England
Rushcliffe,420,East Midlands,2013,England
Rutland,130,East Midlands,2013,England
South Derbyshire,170,East Midlands,2013,England
South Holland,120,East Midlands,2013,England
South Kesteven,360,East Midlands,2013,England
West Lindsey,140,East Midlands,2013,England
West Northamptonshire,1390,East Midlands,2013,England
Barking and Dagenham,350,London,2013,England
Barnet,2585,London,2013,England
Bexley,640,London,2013,England
Brent,1965,London,2013,England
Bromley,1720,London,2013,England
Camden,5425,London,2013,England
City of London,1220,London,2013,England
Croydon,1665,London,2013,England
Ealing,2455,London,2013,England
Enfield,1130,London,2013,England
Greenwich,1240,London,2013,England
Hackney,3765,London,2013,England
Hammersmith and Fulham,2690,London,2013,England
Haringey,2110,London,2013,England
Harrow,1670,London,2013,England
Havering,520,London,2013,England
Hillingdon,1225,London,2013,England
Hounslow,2305,London,2013,England
Islington,4010,London,2013,England
Kensington and Chelsea,2400,London,2013,England
Kingston upon Thames,1355,London,2013,England
Lambeth,2840,London,2013,England
Lewisham,1545,London,2013,England
Merton,1575,London,2013,England
Newham,810,London,2013,England
Redbridge,1560,London,2013,England
Richmond upon Thames,2900,London,2013,England
Southwark,3050,London,2013,England
Sutton,860,London,2013,England
Tower Hamlets,2660,London,2013,England
Waltham Forest,935,London,2013,England
Wandsworth,3360,London,2013,England
Westminster,7880,London,2013,England
County Durham,540,North East,2013,England
Darlington,165,North East,2013,England
Gateshead,270,North East,2013,England
Hartlepool,70,North East,2013,England
Middlesbrough,120,North East,2013,England
Newcastle upon Tyne,680,North East,2013,England
North Tyneside,320,North East,2013,England
Northumberland,540,North East,2013,England
Redcar and Cleveland,90,North East,2013,England
South Tyneside,125,North East,2013,England
Stockton-on-Tees,265,North East,2013,England
Sunderland,260,North East,2013,England
Blackburn with Darwen,175,North West,2013,England
Blackpool,210,North West,2013,England
Bolton,420,North West,2013,England
Burnley,85,North West,2013,England
Bury,375,North West,2013,England
Cheshire East,1585,North West,2013,England
Cheshire West and Chester,975,North West,2013,England
Chorley,240,North West,2013,England
Cumberland,295,North West,2013,England
Fylde,265,North West,2013,England
Halton,170,North West,2013,England
Hyndburn,70,North West,2013,England
Knowsley,110,North West,2013,England
Lancaster,180,North West,2013,England
Liverpool,815,North West,2013,England
Manchester,1655,North West,2013,England
Oldham,290,North West,2013,England
Pendle,100,North West,2013,England
Preston,275,North West,2013,England
Ribble Valley,135,North West,2013,England
Rochdale,285,North West,2013,England
Rossendale,125,North West,2013,England
Salford,545,North West,2013,England
Sefton,415,North West,2013,England
South Ribble,210,North West,2013,England
St. Helens,175,North West,2013,England
Stockport,990,North West,2013,England
Tameside,305,North West,2013,England
Trafford,980,North West,2013,England
Warrington,590,North West,2013,England
West Lancashire,200,North West,2013,England
Westmorland and Furness,515,North West,2013,England
Wigan,395,North West,2013,England
Wirral,525,North West,2013,England
Wyre,195,North West,2013,England
Antrim and Newtownabbey,125,Northern Ireland,2013,Northern Ireland
Ards and North Down,235,Northern Ireland,2013,Northern Ireland
"Armagh City, Banbridge and Craigavon",170,Northern Ireland,2013,Northern Ireland
Belfast,835,Northern Ireland,2013,Northern Ireland
Causeway Coast and Glens,100,Northern Ireland,2013,Northern Ireland
Derry City and Strabane,130,Northern Ireland,2013,Northern Ireland
Fermanagh and Omagh,70,Northern Ireland,2013,Northern Ireland
Lisburn and Castlereagh,205,Northern Ireland,2013,Northern Ireland
Mid Ulster,120,Northern Ireland,2013,Northern Ireland
Mid and East Antrim,115,Northern Ireland,2013,Northern Ireland
"Newry, Mourne and Down",185,Northern Ireland,2013,Northern Ireland
Aberdeen City,485,Scotland,2013,Scotland
Aberdeenshire,480,Scotland,2013,Scotland
Angus,110,Scotland,2013,Scotland
Argyll and Bute,150,Scotland,2013,Scotland
City of Edinburgh,2345,Scotland,2013,Scotland
Clackmannanshire,60,Scotland,2013,Scotland
Dumfries and Galloway,150,Scotland,2013,Scotland
Dundee City,165,Scotland,2013,Scotland
East Ayrshire,95,Scotland,2013,Scotland
East Dunbartonshire,245,Scotland,2013,Scotland
East Lothian,245,Scotland,2013,Scotland
East Renfrewshire,210,Scotland,2013,Scotland
Falkirk,210,Scotland,2013,Scotland
Fife,495,Scotland,2013,Scotland
Glasgow City,1735,Scotland,2013,Scotland
Highland,370,Scotland,2013,Scotland
Inverclyde,95,Scotland,2013,Scotland
Midlothian,150,Scotland,2013,Scotland
Moray,85,Scotland,2013,Scotland
Na h-Eileanan Siar,40,Scotland,2013,Scotland
North Ayrshire,105,Scotland,2013,Scotland
North Lanarkshire,305,Scotland,2013,Scotland
Orkney Islands,40,Scotland,2013,Scotland
Perth and Kinross,285,Scotland,2013,Scotland
Renfrewshire,250,Scotland,2013,Scotland
Scottish Borders,245,Scotland,2013,Scotland
Shetland Islands,30,Scotland,2013,Scotland
South Ayrshire,160,Scotland,2013,Scotland
South Lanarkshire,455,Scotland,2013,Scotland
Stirling,270,Scotland,2013,Scotland
West Dunbartonshire,65,Scotland,2013,Scotland
West Lothian,340,Scotland,2013,Scotland
Adur,195,South East,2013,England
Arun,375,South East,2013,England
Ashford,435,South East,2013,England
Basingstoke and Deane,1025,South East,2013,England
Bracknell Forest,700,South East,2013,England
Brighton and Hove,2340,South East,2013,England
Buckinghamshire,3735,South East,2013,England
Canterbury,420,South East,2013,England
Cherwell,600,South East,2013,England
Chichester,615,South East,2013,England
Crawley,260,South East,2013,England
Dartford,265,South East,2013,England
Dover,215,South East,2013,England
East Hampshire,685,South East,2013,England
Eastbourne,250,South East,2013,England
Eastleigh,400,South East,2013,England
Elmbridge,1450,South East,2013,England
Epsom and Ewell,445,South East,2013,England
Fareham,345,South East,2013,England
Folkestone and Hythe,205,South East,2013,England
Gosport,100,South East,2013,England
Gravesham,220,South East,2013,England
Guildford,1025,South East,2013,England
Hart,740,South East,2013,England
Hastings,230,South East,2013,England
Havant,280,South East,2013,England
Horsham,670,South East,2013,England
Isle of Wight,230,South East,2013,England
Lewes,475,South East,2013,England
Maidstone,560,South East,2013,England
Medway,475,South East,2013,England
Mid Sussex,830,South East,2013,England
Milton Keynes,1535,South East,2013,England
Mole Valley,745,South East,2013,England
New Forest,625,South East,2013,England
Oxford,675,South East,2013,England
Portsmouth,400,South East,2013,England
Reading,1100,South East,2013,England
Reigate and Banstead,820,South East,2013,England
Rother,355,South East,2013,England
Runnymede,520,South East,2013,England
Rushmoor,355,South East,2013,England
Sevenoaks,675,South East,2013,England
Slough,735,South East,2013,England
South Oxfordshire,1045,South East,2013,England
Southampton,430,South East,2013,England
Spelthorne,585,South East,2013,England
Surrey Heath,590,South East,2013,England
Swale,265,South East,2013,England
Tandridge,485,South East,2013,England
Test Valley,510,South East,2013,England
Thanet,165,South East,2013,England
Tonbridge and Malling,515,South East,2013,England
Tunbridge Wells,840,South East,2013,England
Vale of White Horse,590,South East,2013,England
Waverley,1120,South East,2013,England
Wealden,720,South East,2013,England
West Berkshire,1090,South East,2013,England
West Oxfordshire,600,South East,2013,England
Winchester,815,South East,2013,England
Windsor and Maidenhead,1350,South East,2013,England
Woking,770,South East,2013,England
Wokingham,1285,South East,2013,England
Worthing,340,South East,2013,England
Bath and North East Somerset,980,South West,2013,England
"Bournemouth, Christchurch and Poole",1245,South West,2013,England
"Bristol, City of",2165,South West,2013,England
Cheltenham,640,South West,2013,England
Cornwall,1090,South West,2013,England
Cotswold,525,South West,2013,England
Dorset,1120,South West,2013,England
East Devon,300,South West,2013,England
Exeter,290,South West,2013,England
Forest of Dean,210,South West,2013,England
Gloucester,215,South West,2013,England
Isles of Scilly,0,South West,2013,England
Mid Devon,185,South West,2013,England
North Devon,230,South West,2013,England
North Somerset,655,South West,2013,England
Plymouth,290,South West,2013,England
Somerset,1425,South West,2013,England
South Gloucestershire,785,South West,2013,England
South Hams,315,South West,2013,England
Stroud,535,South West,2013,England
Swindon,790,South West,2013,England
Teignbridge,265,South West,2013,England
Tewkesbury,315,South West,2013,England
Torbay,205,South West,2013,England
Torridge,105,South West,2013,England
West Devon,130,South West,2013,England
Wiltshire,1955,South West,2013,England
Blaenau Gwent,20,Wales,2013,Wales
Bridgend,160,Wales,2013,Wales
Caerphilly,120,Wales,2013,Wales
Cardiff,920,Wales,2013,Wales
Carmarthenshire,225,Wales,2013,Wales
Ceredigion,140,Wales,2013,Wales
Conwy,155,Wales,2013,Wales
Denbighshire,140,Wales,2013,Wales
Flintshire,225,Wales,2013,Wales
Gwynedd,220,Wales,2013,Wales
Isle of Anglesey,75,Wales,2013,Wales
Merthyr Tydfil,30,Wales,2013,Wales
Monmouthshire,290,Wales,2013,Wales
Neath Port Talbot,90,Wales,2013,Wales
Newport,200,Wales,2013,Wales
Pembrokeshire,180,Wales,2013,Wales
Powys,285,Wales,2013,Wales
Rhondda Cynon Taf,190,Wales,2013,Wales
Swansea,325,Wales,2013,Wales
Torfaen,85,Wales,2013,Wales
Vale of Glamorgan,270,Wales,2013,Wales
Wrexham,165,Wales,2013,Wales
Birmingham,2190,West Midlands,2013,England
Bromsgrove,350,West Midlands,2013,England
Cannock Chase,120,West Midlands,2013,England
Coventry,740,West Midlands,2013,England
Dudley,470,West Midlands,2013,England
East Staffordshire,240,West Midlands,2013,England
"Herefordshire, County of",510,West Midlands,2013,England
Lichfield,300,West Midlands,2013,England
Malvern Hills,295,West Midlands,2013,England
Newcastle-under-Lyme,180,West Midlands,2013,England
North Warwickshire,160,West Midlands,2013,England
Nuneaton and Bedworth,195,West Midlands,2013,England
Redditch,170,West Midlands,2013,England
Rugby,310,West Midlands,2013,England
Sandwell,285,West Midlands,2013,England
Shropshire,745,West Midlands,2013,England
Solihull,700,West Midlands,2013,England
South Staffordshire,230,West Midlands,2013,England
Stafford,315,West Midlands,2013,England
Staffordshire Moorlands,115,West Midlands,2013,England
Stoke-on-Trent,210,West Midlands,2013,England
Stratford-on-Avon,655,West Midlands,2013,England
Tamworth,115,West Midlands,2013,England
Telford and Wrekin,345,West Midlands,2013,England
Walsall,270,West Midlands,2013,England
Warwick,755,West Midlands,2013,England
Wolverhampton,345,West Midlands,2013,England
Worcester,215,West Midlands,2013,England
Wychavon,400,West Midlands,2013,England
Wyre Forest,190,West Midlands,2013,England
Barnsley,275,Yorkshire and the Humber,2013,England
Bradford,870,Yorkshire and the Humber,2013,England
Calderdale,580,Yorkshire and the Humber,2013,England
Doncaster,270,Yorkshire and the Humber,2013,England
East Riding of Yorkshire,580,Yorkshire and the Humber,2013,England
"Kingston upon Hull, City of",195,Yorkshire and the Humber,2013,England
Kirklees,820,Yorkshire and the Humber,2013,England
Leeds,2230,Yorkshire and the Humber,2013,England
North East Lincolnshire,125,Yorkshire and the Humber,2013,England
North Lincolnshire,145,Yorkshire and the Humber,2013,England
North Yorkshire,1580,Yorkshire and the Humber,2013,England
Rotherham,290,Yorkshire and the Humber,2013,England
Sheffield,1250,Yorkshire and the Humber,2013,England
Wakefield,365,Yorkshire and the Humber,2013,England
York,565,Yorkshire and the Humber,2013,England
Babergh,315,East of England,2014,England
Basildon,535,East of England,2014,England
Bedford,595,East of England,2014,England
Braintree,540,East of England,2014,England
Breckland,220,East of England,2014,England
Brentwood,415,East of England,2014,England
Broadland,295,East of England,2014,England
Broxbourne,265,East of England,2014,England
Cambridge,800,East of England,2014,England
Castle Point,180,East of England,2014,England
Central Bedfordshire,1165,East of England,2014,England
Chelmsford,725,East of England,2014,England
Colchester,630,East of England,2014,England
Dacorum,1165,East of England,2014,England
East Cambridgeshire,295,East of England,2014,England
East Hertfordshire,890,East of England,2014,England
East Suffolk,625,East of England,2014,England
Epping Forest,630,East of England,2014,England
Fenland,160,East of England,2014,England
Great Yarmouth,90,East of England,2014,England
Harlow,200,East of England,2014,England
Hertsmere,795,East of England,2014,England
Huntingdonshire,675,East of England,2014,England
Ipswich,360,East of England,2014,England
King's Lynn and West Norfolk,215,East of England,2014,England
Luton,455,East of England,2014,England
Maldon,210,East of England,2014,England
Mid Suffolk,320,East of England,2014,England
North Hertfordshire,810,East of England,2014,England
North Norfolk,235,East of England,2014,England
Norwich,460,East of England,2014,England
Peterborough,490,East of England,2014,England
Rochford,295,East of England,2014,England
South Cambridgeshire,910,East of England,2014,England
South Norfolk,365,East of England,2014,England
Southend-on-Sea,675,East of England,2014,England
St Albans,1285,East of England,2014,England
Stevenage,265,East of England,2014,England
Tendring,240,East of England,2014,England
Three Rivers,635,East of England,2014,England
Thurrock,345,East of England,2014,England
Uttlesford,520,East of England,2014,England
Watford,610,East of England,2014,England
Welwyn Hatfield,605,East of England,2014,England
West Suffolk,410,East of England,2014,England
Amber Valley,220,East Midlands,2014,England
Ashfield,130,East Midlands,2014,England
Bassetlaw,165,East Midlands,2014,England
Blaby,220,East Midlands,2014,England
Bolsover,95,East Midlands,2014,England
Boston,50,East Midlands,2014,England
Broxtowe,265,East Midlands,2014,England
Charnwood,420,East Midlands,2014,England
Chesterfield,180,East Midlands,2014,England
Derby,540,East Midlands,2014,England
Derbyshire Dales,255,East Midlands,2014,England
East Lindsey,175,East Midlands,2014,England
Erewash,220,East Midlands,2014,England
Gedling,220,East Midlands,2014,England
Harborough,320,East Midlands,2014,England
High Peak,270,East Midlands,2014,England
Hinckley and Bosworth,270,East Midlands,2014,England
Leicester,665,East Midlands,2014,England
Lincoln,170,East Midlands,2014,England
Mansfield,115,East Midlands,2014,England
Melton,155,East Midlands,2014,England
Newark and Sherwood,300,East Midlands,2014,England
North East Derbyshire,160,East Midlands,2014,England
North Kesteven,165,East Midlands,2014,England
North Northamptonshire,755,East Midlands,2014,England
North West Leicestershire,240,East Midlands,2014,England
Nottingham,705,East Midlands,2014,England
Oadby and Wigston,95,East Midlands,2014,England
Rushcliffe,465,East Midlands,2014,England
Rutland,125,East Midlands,2014,England
South Derbyshire,175,East Midlands,2014,England
South Holland,115,East Midlands,2014,England
South Kesteven,385,East Midlands,2014,England
West Lindsey,150,East Midlands,2014,England
West Northamptonshire,1415,East Midlands,2014,England
Barking and Dagenham,430,London,2014,England
Barnet,2850,London,2014,England
Bexley,755,London,2014,England
Brent,2120,London,2014,England
Bromley,1905,London,2014,England
Camden,5790,London,2014,England
City of London,1400,London,2014,England
Croydon,1840,London,2014,England
Ealing,2650,London,2014,England
Enfield,1205,London,2014,England
Greenwich,1405,London,2014,England
Hackney,4320,London,2014,England
Hammersmith and Fulham,2840,London,2014,England
Haringey,2290,London,2014,England
Harrow,1835,London,2014,England
Havering,595,London,2014,England
Hillingdon,1425,London,2014,England
Hounslow,2530,London,2014,England
Islington,4370,London,2014,England
Kensington and Chelsea,2400,London,2014,England
Kingston upon Thames,1425,London,2014,England
Lambeth,3060,London,2014,England
Lewisham,1780,London,2014,England
Merton,1720,London,2014,England
Newham,985,London,2014,England
Redbridge,1765,London,2014,England
Richmond upon Thames,2950,London,2014,England
Southwark,3345,London,2014,England
Sutton,980,London,2014,England
Tower Hamlets,2975,London,2014,England
Waltham Forest,1075,London,2014,England
Wandsworth,3515,London,2014,England
Westminster,8155,London,2014,England
County Durham,560,North East,2014,England
Darlington,185,North East,2014,England
Gateshead,320,North East,2014,England
Hartlepool,80,North East,2014,England
Middlesbrough,135,North East,2014,England
Newcastle upon Tyne,730,North East,2014,England
North Tyneside,340,North East,2014,England
Northumberland,555,North East,2014,England
Redcar and Cleveland,105,North East,2014,England
South Tyneside,140,North East,2014,England
Stockton-on-Tees,270,North East,2014,England
Sunderland,270,North East,2014,England
Blackburn with Darwen,185,North West,2014,England
Blackpool,245,North West,2014,England
Bolton,470,North West,2014,England
Burnley,90,North West,2014,England
Bury,415,North West,2014,England
Cheshire East,1685,North West,2014,England
Cheshire West and Chester,1060,North West,2014,England
Chorley,260,North West,2014,England
Cumberland,345,North West,2014,England
Fylde,280,North West,2014,England
Halton,170,North West,2014,England
Hyndburn,65,North West,2014,England
Knowsley,120,North West,2014,England
Lancaster,195,North West,2014,England
Liverpool,915,North West,2014,England
Manchester,1930,North West,2014,England
Oldham,330,North West,2014,England
Pendle,110,North West,2014,England
Preston,285,North West,2014,England
Ribble Valley,155,North West,2014,England
Rochdale,300,North West,2014,England
Rossendale,140,North West,2014,England
Salford,595,North West,2014,England
Sefton,470,North West,2014,England
South Ribble,215,North West,2014,England
St. Helens,195,North West,2014,England
Stockport,1025,North West,2014,England
Tameside,335,North West,2014,England
Trafford,1080,North West,2014,England
Warrington,610,North West,2014,England
West Lancashire,220,North West,2014,England
Westmorland and Furness,515,North West,2014,England
Wigan,445,North West,2014,England
Wirral,600,North West,2014,England
Wyre,210,North West,2014,England
Antrim and Newtownabbey,135,Northern Ireland,2014,Northern Ireland
Ards and North Down,210,Northern Ireland,2014,Northern Ireland
"Armagh City, Banbridge and Craigavon",170,Northern Ireland,2014,Northern Ireland
Belfast,845,Northern Ireland,2014,Northern Ireland
Causeway Coast and Glens,100,Northern Ireland,2014,Northern Ireland
Derry City and Strabane,150,Northern Ireland,2014,Northern Ireland
Fermanagh and Omagh,75,Northern Ireland,2014,Northern Ireland
Lisburn and Castlereagh,215,Northern Ireland,2014,Northern Ireland
Mid Ulster,105,Northern Ireland,2014,Northern Ireland
Mid and East Antrim,120,Northern Ireland,2014,Northern Ireland
"Newry, Mourne and Down",180,Northern Ireland,2014,Northern Ireland
Aberdeen City,495,Scotland,2014,Scotland
Aberdeenshire,510,Scotland,2014,Scotland
Angus,110,Scotland,2014,Scotland
Argyll and Bute,150,Scotland,2014,Scotland
City of Edinburgh,2530,Scotland,2014,Scotland
Clackmannanshire,65,Scotland,2014,Scotland
Dumfries and Galloway,150,Scotland,2014,Scotland
Dundee City,210,Scotland,2014,Scotland
East Ayrshire,90,Scotland,2014,Scotland
East Dunbartonshire,265,Scotland,2014,Scotland
East Lothian,245,Scotland,2014,Scotland
East Renfrewshire,235,Scotland,2014,Scotland
Falkirk,220,Scotland,2014,Scotland
Fife,535,Scotland,2014,Scotland
Glasgow City,1795,Scotland,2014,Scotland
Highland,375,Scotland,2014,Scotland
Inverclyde,90,Scotland,2014,Scotland
Midlothian,165,Scotland,2014,Scotland
Moray,85,Scotland,2014,Scotland
Na h-Eileanan Siar,30,Scotland,2014,Scotland
North Ayrshire,110,Scotland,2014,Scotland
North Lanarkshire,335,Scotland,2014,Scotland
Orkney Islands,40,Scotland,2014,Scotland
Perth and Kinross,290,Scotland,2014,Scotland
Renfrewshire,260,Scotland,2014,Scotland
Scottish Borders,255,Scotland,2014,Scotland
Shetland Islands,30,Scotland,2014,Scotland
South Ayrshire,160,Scotland,2014,Scotland
South Lanarkshire,475,Scotland,2014,Scotland
Stirling,275,Scotland,2014,Scotland
West Dunbartonshire,85,Scotland,2014,Scotland
West Lothian,385,Scotland,2014,Scotland
Adur,240,South East,2014,England
Arun,385,South East,2014,England
Ashford,465,South East,2014,England
Basingstoke and Deane,1145,South East,2014,England
Bracknell Forest,775,South East,2014,England
Brighton and Hove,2525,South East,2014,England
Buckinghamshire,3940,South East,2014,England
Canterbury,440,South East,2014,England
Cherwell,610,South East,2014,England
Chichester,635,South East,2014,England
Crawley,295,South East,2014,England
Dartford,275,South East,2014,England
Dover,210,South East,2014,England
East Hampshire,730,South East,2014,England
Eastbourne,250,South East,2014,England
Eastleigh,440,South East,2014,England
Elmbridge,1540,South East,2014,England
Epsom and Ewell,485,South East,2014,England
Fareham,360,South East,2014,England
Folkestone and Hythe,235,South East,2014,England
Gosport,110,South East,2014,England
Gravesham,235,South East,2014,England
Guildford,1045,South East,2014,England
Hart,780,South East,2014,England
Hastings,260,South East,2014,England
Havant,315,South East,2014,England
Horsham,740,South East,2014,England
Isle of Wight,290,South East,2014,England
Lewes,520,South East,2014,England
Maidstone,550,South East,2014,England
Medway,540,South East,2014,England
Mid Sussex,870,South East,2014,England
Milton Keynes,1710,South East,2014,England
Mole Valley,770,South East,2014,England
New Forest,650,South East,2014,England
Oxford,735,South East,2014,England
Portsmouth,415,South East,2014,England
Reading,1245,South East,2014,England
Reigate and Banstead,880,South East,2014,England
Rother,420,South East,2014,England
Runnymede,535,South East,2014,England
Rushmoor,360,South East,2014,England
Sevenoaks,725,South East,2014,England
Slough,780,South East,2014,England
South Oxfordshire,1065,South East,2014,England
Southampton,470,South East,2014,England
Spelthorne,630,South East,2014,England
Surrey Heath,645,South East,2014,England
Swale,300,South East,2014,England
Tandridge,540,South East,2014,England
Test Valley,545,South East,2014,England
Thanet,185,South East,2014,England
Tonbridge and Malling,565,South East,2014,England
Tunbridge Wells,855,South East,2014,England
Vale of White Horse,570,South East,2014,England
Waverley,1160,South East,2014,England
Wealden,760,South East,2014,England
West Berkshire,1160,South East,2014,England
West Oxfordshire,635,South East,2014,England
Winchester,810,South East,2014,England
Windsor and Maidenhead,1485,South East,2014,England
Woking,840,South East,2014,England
Wokingham,1405,South East,2014,England
Worthing,360,South East,2014,England
Bath and North East Somerset,1050,South West,2014,England
"Bournemouth, Christchurch and Poole",1320,South West,2014,England
"Bristol, City of",2345,South West,2014,England
Cheltenham,695,South West,2014,England
Cornwall,1185,South West,2014,England
Cotswold,540,South West,2014,England
Dorset,1185,South West,2014,England
East Devon,325,South West,2014,England
Exeter,345,South West,2014,England
Forest of Dean,220,South West,2014,England
Gloucester,265,South West,2014,England
Isles of Scilly,0,South West,2014,England
Mid Devon,180,South West,2014,England
North Devon,210,South West,2014,England
North Somerset,720,South West,2014,England
Plymouth,420,South West,2014,England
Somerset,1525,South West,2014,England
South Gloucestershire,875,South West,2014,England
South Hams,320,South West,2014,England
Stroud,565,South West,2014,England
Swindon,840,South West,2014,England
Teignbridge,305,South West,2014,England
Tewkesbury,330,South West,2014,England
Torbay,205,South West,2014,England
Torridge,115,South West,2014,England
West Devon,150,South West,2014,England
Wiltshire,2045,South West,2014,England
Blaenau Gwent,35,Wales,2014,Wales
Bridgend,175,Wales,2014,Wales
Caerphilly,145,Wales,2014,Wales
Cardiff,1005,Wales,2014,Wales
Carmarthenshire,220,Wales,2014,Wales
Ceredigion,140,Wales,2014,Wales
Conwy,165,Wales,2014,Wales
Denbighshire,130,Wales,2014,Wales
Flintshire,240,Wales,2014,Wales
Gwynedd,225,Wales,2014,Wales
Isle of Anglesey,70,Wales,2014,Wales
Merthyr Tydfil,15,Wales,2014,Wales
Monmouthshire,305,Wales,2014,Wales
Neath Port Talbot,115,Wales,2014,Wales
Newport,215,Wales,2014,Wales
Pembrokeshire,175,Wales,2014,Wales
Powys,290,Wales,2014,Wales
Rhondda Cynon Taf,215,Wales,2014,Wales
Swansea,335,Wales,2014,Wales
Torfaen,100,Wales,2014,Wales
Vale of Glamorgan,320,Wales,2014,Wales
Wrexham,170,Wales,2014,Wales
Birmingham,2450,West Midlands,2014,England
Bromsgrove,385,West Midlands,2014,England
Cannock Chase,150,West Midlands,2014,England
Coventry,880,West Midlands,2014,England
Dudley,500,West Midlands,2014,England
East Staffordshire,260,West Midlands,2014,England
"Herefordshire, County of",515,West Midlands,2014,England
Lichfield,330,West Midlands,2014,England
Malvern Hills,310,West Midlands,2014,England
Newcastle-under-Lyme,195,West Midlands,2014,England
North Warwickshire,160,West Midlands,2014,England
Nuneaton and Bedworth,200,West Midlands,2014,England
Redditch,175,West Midlands,2014,England
Rugby,330,West Midlands,2014,England
Sandwell,310,West Midlands,2014,England
Shropshire,780,West Midlands,2014,England
Solihull,730,West Midlands,2014,England
South Staffordshire,220,West Midlands,2014,England
Stafford,320,West Midlands,2014,England
Staffordshire Moorlands,125,West Midlands,2014,England
Stoke-on-Trent,250,West Midlands,2014,England
Stratford-on-Avon,685,West Midlands,2014,England
Tamworth,120,West Midlands,2014,England
Telford and Wrekin,365,West Midlands,2014,England
Walsall,290,West Midlands,2014,England
Warwick,815,West Midlands,2014,England
Wolverhampton,380,West Midlands,2014,England
Worcester,245,West Midlands,2014,England
Wychavon,405,West Midlands,2014,England
Wyre Forest,185,West Midlands,2014,England
Barnsley,325,Yorkshire and the Humber,2014,England
Bradford,905,Yorkshire and the Humber,2014,England
Calderdale,605,Yorkshire and the Humber,2014,England
Doncaster,320,Yorkshire and the Humber,2014,England
East Riding of Yorkshire,620,Yorkshire and the Humber,2014,England
"Kingston upon Hull, City of",230,Yorkshire and the Humber,2014,England
Kirklees,905,Yorkshire and the Humber,2014,England
Leeds,2395,Yorkshire and the Humber,2014,England
North East Lincolnshire,155,Yorkshire and the Humber,2014,England
North Lincolnshire,150,Yorkshire and the Humber,2014,England
North Yorkshire,1655,Yorkshire and the Humber,2014,England
Rotherham,300,Yorkshire and the Humber,2014,England
Sheffield,1350,Yorkshire and the Humber,2014,England
Wakefield,400,Yorkshire and the Humber,2014,England
York,610,Yorkshire and the Humber,2014,England
Babergh,330,East of England,2015,England
Basildon,595,East of England,2015,England
Bedford,635,East of England,2015,England
Braintree,580,East of England,2015,England
Breckland,235,East of England,2015,England
Brentwood,480,East of England,2015,England
Broadland,315,East of England,2015,England
Broxbourne,305,East of England,2015,England
Cambridge,840,East of England,2015,England
Castle Point,205,East of England,2015,England
Central Bedfordshire,1210,East of England,2015,England
Chelmsford,800,East of England,2015,England
Colchester,665,East of England,2015,England
Dacorum,1270,East of England,2015,England
East Cambridgeshire,330,East of England,2015,England
East Hertfordshire,990,East of England,2015,England
East Suffolk,655,East of England,2015,England
Epping Forest,660,East of England,2015,England
Fenland,150,East of England,2015,England
Great Yarmouth,90,East of England,2015,England
Harlow,225,East of England,2015,England
Hertsmere,840,East of England,2015,England
Huntingdonshire,725,East of England,2015,England
Ipswich,385,East of England,2015,England
King's Lynn and West Norfolk,225,East of England,2015,England
Luton,515,East of England,2015,England
Maldon,215,East of England,2015,England
Mid Suffolk,320,East of England,2015,England
North Hertfordshire,885,East of England,2015,England
North Norfolk,250,East of England,2015,England
Norwich,475,East of England,2015,England
Peterborough,525,East of England,2015,England
Rochford,290,East of England,2015,England
South Cambridgeshire,1005,East of England,2015,England
South Norfolk,365,East of England,2015,England
Southend-on-Sea,710,East of England,2015,England
St Albans,1415,East of England,2015,England
Stevenage,300,East of England,2015,England
Tendring,260,East of England,2015,England
Three Rivers,700,East of England,2015,England
Thurrock,370,East of England,2015,England
Uttlesford,535,East of England,2015,England
Watford,685,East of England,2015,England
Welwyn Hatfield,660,East of England,2015,England
West Suffolk,435,East of England,2015,England
Amber Valley,225,East Midlands,2015,England
Ashfield,125,East Midlands,2015,England
Bassetlaw,170,East Midlands,2015,England
Blaby,230,East Midlands,2015,England
Bolsover,75,East Midlands,2015,England
Boston,40,East Midlands,2015,England
Broxtowe,270,East Midlands,2015,England
Charnwood,445,East Midlands,2015,England
Chesterfield,190,East Midlands,2015,England
Derby,565,East Midlands,2015,England
Derbyshire Dales,255,East Midlands,2015,England
East Lindsey,175,East Midlands,2015,England
Erewash,235,East Midlands,2015,England
Gedling,240,East Midlands,2015,England
Harborough,355,East Midlands,2015,England
High Peak,280,East Midlands,2015,England
Hinckley and Bosworth,275,East Midlands,2015,England
Leicester,700,East Midlands,2015,England
Lincoln,160,East Midlands,2015,England
Mansfield,130,East Midlands,2015,England
Melton,160,East Midlands,2015,England
Newark and Sherwood,300,East Midlands,2015,England
North East Derbyshire,160,East Midlands,2015,England
North Kesteven,170,East Midlands,2015,England
North Northamptonshire,785,East Midlands,2015,England
North West Leicestershire,265,East Midlands,2015,England
Nottingham,725,East Midlands,2015,England
Oadby and Wigston,115,East Midlands,2015,England
Rushcliffe,495,East Midlands,2015,England
Rutland,145,East Midlands,2015,England
South Derbyshire,180,East Midlands,2015,England
South Holland,125,East Midlands,2015,England
South Kesteven,425,East Midlands,2015,England
West Lindsey,155,East Midlands,2015,England
West Northamptonshire,1545,East Midlands,2015,England
Barking and Dagenham,500,London,2015,England
Barnet,3015,London,2015,England
Bexley,875,London,2015,England
Brent,2180,London,2015,England
Bromley,2120,London,2015,England
Camden,6165,London,2015,England
City of London,1590,London,2015,England
Croydon,1940,London,2015,England
Ealing,2845,London,2015,England
Enfield,1365,London,2015,England
Greenwich,1505,London,2015,England
Hackney,4835,London,2015,England
Hammersmith and Fulham,2935,London,2015,England
Haringey,2440,London,2015,England
Harrow,2005,London,2015,England
Havering,685,London,2015,England
Hillingdon,1630,London,2015,England
Hounslow,2775,London,2015,England
Islington,4860,London,2015,England
Kensington and Chelsea,2430,London,2015,England
Kingston upon Thames,1575,London,2015,England
Lambeth,3275,London,2015,England
Lewisham,1940,London,2015,England
Merton,1845,London,2015,England
Newham,1135,London,2015,England
Redbridge,1980,London,2015,England
Richmond upon Thames,3160,London,2015,England
Southwark,3700,London,2015,England
Sutton,1085,London,2015,England
Tower Hamlets,3370,London,2015,England
Waltham Forest,1305,London,2015,England
Wandsworth,3740,London,2015,England
Westminster,8435,London,2015,England
County Durham,595,North East,2015,England
Darlington,210,North East,2015,England
Gateshead,345,North East,2015,England
Hartlepool,80,North East,2015,England
Middlesbrough,145,North East,2015,England
Newcastle upon Tyne,780,North East,2015,England
North Tyneside,360,North East,2015,England
Northumberland,585,North East,2015,England
Redcar and Cleveland,125,North East,2015,England
South Tyneside,145,North East,2015,England
Stockton-on-Tees,295,North East,2015,England
Sunderland,290,North East,2015,England
Blackburn with Darwen,210,North West,2015,England
Blackpool,240,North West,2015,England
Bolton,465,North West,2015,England
Burnley,105,North West,2015,England
Bury,425,North West,2015,England
Cheshire East,1775,North West,2015,England
Cheshire West and Chester,1120,North West,2015,England
Chorley,290,North West,2015,England
Cumberland,365,North West,2015,England
Fylde,320,North West,2015,England
Halton,175,North West,2015,England
Hyndburn,70,North West,2015,England
Knowsley,125,North West,2015,England
Lancaster,230,North West,2015,England
Liverpool,945,North West,2015,England
Manchester,2045,North West,2015,England
Oldham,335,North West,2015,England
Pendle,125,North West,2015,England
Preston,285,North West,2015,England
Ribble Valley,150,North West,2015,England
Rochdale,310,North West,2015,England
Rossendale,140,North West,2015,England
Salford,680,North West,2015,England
Sefton,490,North West,2015,England
South Ribble,245,North West,2015,England
St. Helens,225,North West,2015,England
Stockport,1055,North West,2015,England
Tameside,330,North West,2015,England
Trafford,1155,North West,2015,England
Warrington,690,North West,2015,England
West Lancashire,235,North West,2015,England
Westmorland and Furness,540,North West,2015,England
Wigan,470,North West,2015,England
Wirral,635,North West,2015,England
Wyre,230,North West,2015,England
Antrim and Newtownabbey,140,Northern Ireland,2015,Northern Ireland
Ards and North Down,220,Northern Ireland,2015,Northern Ireland
"Armagh City, Banbridge and Craigavon",180,Northern Ireland,2015,Northern Ireland
Belfast,895,Northern Ireland,2015,Northern Ireland
Causeway Coast and Glens,110,Northern Ireland,2015,Northern Ireland
Derry City and Strabane,140,Northern Ireland,2015,Northern Ireland
Fermanagh and Omagh,95,Northern Ireland,2015,Northern Ireland
Lisburn and Castlereagh,215,Northern Ireland,2015,Northern Ireland
Mid Ulster,120,Northern Ireland,2015,Northern Ireland
Mid and East Antrim,115,Northern Ireland,2015,Northern Ireland
"Newry, Mourne and Down",200,Northern Ireland,2015,Northern Ireland
Aberdeen City,535,Scotland,2015,Scotland
Aberdeenshire,525,Scotland,2015,Scotland
Angus,125,Scotland,2015,Scotland
Argyll and Bute,160,Scotland,2015,Scotland
City of Edinburgh,2695,Scotland,2015,Scotland
Clackmannanshire,60,Scotland,2015,Scotland
Dumfries and Galloway,150,Scotland,2015,Scotland
Dundee City,210,Scotland,2015,Scotland
East Ayrshire,115,Scotland,2015,Scotland
East Dunbartonshire,295,Scotland,2015,Scotland
East Lothian,290,Scotland,2015,Scotland
East Renfrewshire,250,Scotland,2015,Scotland
Falkirk,265,Scotland,2015,Scotland
Fife,560,Scotland,2015,Scotland
Glasgow City,1925,Scotland,2015,Scotland
Highland,395,Scotland,2015,Scotland
Inverclyde,90,Scotland,2015,Scotland
Midlothian,190,Scotland,2015,Scotland
Moray,85,Scotland,2015,Scotland
Na h-Eileanan Siar,35,Scotland,2015,Scotland
North Ayrshire,125,Scotland,2015,Scotland
North Lanarkshire,355,Scotland,2015,Scotland
Orkney Islands,40,Scotland,2015,Scotland
Perth and Kinross,325,Scotland,2015,Scotland
Renfrewshire,260,Scotland,2015,Scotland
Scottish Borders,270,Scotland,2015,Scotland
Shetland Islands,30,Scotland,2015,Scotland
South Ayrshire,180,Scotland,2015,Scotland
South Lanarkshire,540,Scotland,2015,Scotland
Stirling,265,Scotland,2015,Scotland
West Dunbartonshire,80,Scotland,2015,Scotland
West Lothian,420,Scotland,2015,Scotland
Adur,195,South East,2015,England
Arun,410,South East,2015,England
Ashford,500,South East,2015,England
Basingstoke and Deane,1185,South East,2015,England
Bracknell Forest,800,South East,2015,England
Brighton and Hove,2680,South East,2015,England
Buckinghamshire,4185,South East,2015,England
Canterbury,460,South East,2015,England
Cherwell,660,South East,2015,England
Chichester,630,South East,2015,England
Crawley,330,South East,2015,England
Dartford,325,South East,2015,England
Dover,230,South East,2015,England
East Hampshire,770,South East,2015,England
Eastbourne,265,South East,2015,England
Eastleigh,465,South East,2015,England
Elmbridge,1610,South East,2015,England
Epsom and Ewell,535,South East,2015,England
Fareham,380,South East,2015,England
Folkestone and Hythe,245,South East,2015,England
Gosport,115,South East,2015,England
Gravesham,260,South East,2015,England
Guildford,1115,South East,2015,England
Hart,820,South East,2015,England
Hastings,280,South East,2015,England
Havant,330,South East,2015,England
Horsham,815,South East,2015,England
Isle of Wight,270,South East,2015,England
Lewes,550,South East,2015,England
Maidstone,575,South East,2015,England
Medway,570,South East,2015,England
Mid Sussex,885,South East,2015,England
Milton Keynes,1955,South East,2015,England
Mole Valley,785,South East,2015,England
New Forest,690,South East,2015,England
Oxford,745,South East,2015,England
Portsmouth,430,South East,2015,England
Reading,1310,South East,2015,England
Reigate and Banstead,920,South East,2015,England
Rother,430,South East,2015,England
Runnymede,550,South East,2015,England
Rushmoor,385,South East,2015,England
Sevenoaks,765,South East,2015,England
Slough,850,South East,2015,England
South Oxfordshire,1130,South East,2015,England
Southampton,475,South East,2015,England
Spelthorne,695,South East,2015,England
Surrey Heath,675,South East,2015,England
Swale,295,South East,2015,England
Tandridge,570,South East,2015,England
Test Valley,595,South East,2015,England
Thanet,200,South East,2015,England
Tonbridge and Malling,590,South East,2015,England
Tunbridge Wells,890,South East,2015,England
Vale of White Horse,610,South East,2015,England
Waverley,1205,South East,2015,England
Wealden,795,South East,2015,England
West Berkshire,1230,South East,2015,England
West Oxfordshire,665,South East,2015,England
Winchester,845,South East,2015,England
Windsor and Maidenhead,1530,South East,2015,England
Woking,925,South East,2015,England
Wokingham,1520,South East,2015,England
Worthing,395,South East,2015,England
Bath and North East Somerset,1125,South West,2015,England
"Bournemouth, Christchurch and Poole",1405,South West,2015,England
"Bristol, City of",2510,South West,2015,England
Cheltenham,700,South West,2015,England
Cornwall,1230,South West,2015,England
Cotswold,575,South West,2015,England
Dorset,1260,South West,2015,England
East Devon,360,South West,2015,England
Exeter,340,South West,2015,England
Forest of Dean,225,South West,2015,England
Gloucester,305,South West,2015,England
Isles of Scilly,0,South West,2015,England
Mid Devon,185,South West,2015,England
North Devon,225,South West,2015,England
North Somerset,800,South West,2015,England
Plymouth,365,South West,2015,England
Somerset,1570,South West,2015,England
South Gloucestershire,915,South West,2015,England
South Hams,335,South West,2015,England
Stroud,610,South West,2015,England
Swindon,885,South West,2015,England
Teignbridge,300,South West,2015,England
Tewkesbury,350,South West,2015,England
Torbay,210,South West,2015,England
Torridge,120,South West,2015,England
West Devon,170,South West,2015,England
Wiltshire,2170,South West,2015,England
Blaenau Gwent,30,Wales,2015,Wales
Bridgend,170,Wales,2015,Wales
Caerphilly,160,Wales,2015,Wales
Cardiff,1120,Wales,2015,Wales
Carmarthenshire,245,Wales,2015,Wales
Ceredigion,140,Wales,2015,Wales
Conwy,165,Wales,2015,Wales
Denbighshire,150,Wales,2015,Wales
Flintshire,290,Wales,2015,Wales
Gwynedd,225,Wales,2015,Wales
Isle of Anglesey,70,Wales,2015,Wales
Merthyr Tydfil,25,Wales,2015,Wales
Monmouthshire,315,Wales,2015,Wales
Neath Port Talbot,115,Wales,2015,Wales
Newport,240,Wales,2015,Wales
Pembrokeshire,175,Wales,2015,Wales
Powys,310,Wales,2015,Wales
Rhondda Cynon Taf,230,Wales,2015,Wales
Swansea,375,Wales,2015,Wales
Torfaen,100,Wales,2015,Wales
Vale of Glamorgan,340,Wales,2015,Wales
Wrexham,190,Wales,2015,Wales
Birmingham,2585,West Midlands,2015,England
Bromsgrove,380,West Midlands,2015,England
Cannock Chase,155,West Midlands,2015,England
Coventry,920,West Midlands,2015,England
Dudley,520,West Midlands,2015,England
East Staffordshire,265,West Midlands,2015,England
"Herefordshire, County of",545,West Midlands,2015,England
Lichfield,325,West Midlands,2015,England
Malvern Hills,330,West Midlands,2015,England
Newcastle-under-Lyme,200,West Midlands,2015,England
North Warwickshire,145,West Midlands,2015,England
Nuneaton and Bedworth,205,West Midlands,2015,England
Redditch,200,West Midlands,2015,England
Rugby,350,West Midlands,2015,England
Sandwell,330,West Midlands,2015,England
Shropshire,795,West Midlands,2015,England
Solihull,810,West Midlands,2015,England
South Staffordshire,225,West Midlands,2015,England
Stafford,340,West Midlands,2015,England
Staffordshire Moorlands,140,West Midlands,2015,England
Stoke-on-Trent,265,West Midlands,2015,England
Stratford-on-Avon,740,West Midlands,2015,England
Tamworth,120,West Midlands,2015,England
Telford and Wrekin,390,West Midlands,2015,England
Walsall,320,West Midlands,2015,England
Warwick,835,West Midlands,2015,England
Wolverhampton,400,West Midlands,2015,England
Worcester,235,West Midlands,2015,England
Wychavon,420,West Midlands,2015,England
Wyre Forest,205,West Midlands,2015,England
Barnsley,340,Yorkshire and the Humber,2015,England
Bradford,975,Yorkshire and the Humber,2015,England
Calderdale,675,Yorkshire and the Humber,2015,England
Doncaster,330,Yorkshire and the Humber,2015,England
East Riding of Yorkshire,690,Yorkshire and the Humber,2015,England
"Kingston upon Hull, City of",250,Yorkshire and the Humber,2015,England
Kirklees,960,Yorkshire and the Humber,2015,England
Leeds,2575,Yorkshire and the Humber,2015,England
North East Lincolnshire,165,Yorkshire and the Humber,2015,England
North Lincolnshire,190,Yorkshire and the Humber,2015,England
North Yorkshire,1760,Yorkshire and the Humber,2015,England
Rotherham,340,Yorkshire and the Humber,2015,England
Sheffield,1395,Yorkshire and the Humber,2015,England
Wakefield,435,Yorkshire and the Humber,2015,England
York,670,Yorkshire and the Humber,2015,England
Babergh,340,East of England,2016,England
Basildon,650,East of England,2016,England
Bedford,650,East of England,2016,England
Braintree,600,East of England,2016,England
Breckland,250,East of England,2016,England
Brentwood,525,East of England,2016,England
Broadland,335,East of England,2016,England
Broxbourne,325,East of England,2016,England
Cambridge,905,East of England,2016,England
Castle Point,220,East of England,2016,England
Central Bedfordshire,1295,East of England,2016,England
Chelmsford,880,East of England,2016,England
Colchester,710,East of England,2016,England
Dacorum,1350,East of England,2016,England
East Cambridgeshire,355,East of England,2016,England
East Hertfordshire,1000,East of England,2016,England
East Suffolk,655,East of England,2016,England
Epping Forest,700,East of England,2016,England
Fenland,130,East of England,2016,England
Great Yarmouth,90,East of England,2016,England
Harlow,215,East of England,2016,England
Hertsmere,910,East of England,2016,England
Huntingdonshire,725,East of England,2016,England
Ipswich,395,East of England,2016,England
King's Lynn and West Norfolk,255,East of England,2016,England
Luton,585,East of England,2016,England
Maldon,230,East of England,2016,England
Mid Suffolk,320,East of England,2016,England
North Hertfordshire,920,East of England,2016,England
North Norfolk,230,East of England,2016,England
Norwich,480,East of England,2016,England
Peterborough,560,East of England,2016,England
Rochford,315,East of England,2016,England
South Cambridgeshire,1015,East of England,2016,England
South Norfolk,380,East of England,2016,England
Southend-on-Sea,745,East of England,2016,England
St Albans,1470,East of England,2016,England
Stevenage,330,East of England,2016,England
Tendring,265,East of England,2016,England
Three Rivers,800,East of England,2016,England
Thurrock,435,East of England,2016,England
Uttlesford,590,East of England,2016,England
Watford,760,East of England,2016,England
Welwyn Hatfield,705,East of England,2016,England
West Suffolk,445,East of England,2016,England
Amber Valley,240,East Midlands,2016,England
Ashfield,135,East Midlands,2016,England
Bassetlaw,180,East Midlands,2016,England
Blaby,245,East Midlands,2016,England
Bolsover,75,East Midlands,2016,England
Boston,55,East Midlands,2016,England
Broxtowe,280,East Midlands,2016,England
Charnwood,460,East Midlands,2016,England
Chesterfield,205,East Midlands,2016,England
Derby,600,East Midlands,2016,England
Derbyshire Dales,275,East Midlands,2016,England
East Lindsey,185,East Midlands,2016,England
Erewash,240,East Midlands,2016,England
Gedling,255,East Midlands,2016,England
Harborough,365,East Midlands,2016,England
High Peak,285,East Midlands,2016,England
Hinckley and Bosworth,310,East Midlands,2016,England
Leicester,770,East Midlands,2016,England
Lincoln,185,East Midlands,2016,England
Mansfield,110,East Midlands,2016,England
Melton,160,East Midlands,2016,England
Newark and Sherwood,295,East Midlands,2016,England
North East Derbyshire,190,East Midlands,2016,England
North Kesteven,200,East Midlands,2016,England
North Northamptonshire,860,East Midlands,2016,England
North West Leicestershire,280,East Midlands,2016,England
Nottingham,760,East Midlands,2016,England
Oadby and Wigston,130,East Midlands,2016,England
Rushcliffe,580,East Midlands,2016,England
Rutland,145,East Midlands,2016,England
South Derbyshire,210,East Midlands,2016,England
South Holland,140,East Midlands,2016,England
South Kesteven,455,East Midlands,2016,England
West Lindsey,150,East Midlands,2016,England
West Northamptonshire,1605,East Midlands,2016,England
Barking and Dagenham,575,London,2016,England
Barnet,3200,London,2016,England
Bexley,1035,London,2016,England
Brent,2330,London,2016,England
Bromley,2345,London,2016,England
Camden,6495,London,2016,England
City of London,1785,London,2016,England
Croydon,2140,London,2016,England
Ealing,2980,London,2016,England
Enfield,1500,London,2016,England
Greenwich,1755,London,2016,England
Hackney,5585,London,2016,England
Hammersmith and Fulham,2965,London,2016,England
Haringey,2635,London,2016,England
Harrow,2225,London,2016,England
Havering,815,London,2016,England
Hillingdon,1805,London,2016,England
Hounslow,2890,London,2016,England
Islington,5190,London,2016,England
Kensington and Chelsea,2555,London,2016,England
Kingston upon Thames,1650,London,2016,England
Lambeth,3520,London,2016,England
Lewisham,2140,London,2016,England
Merton,1970,London,2016,England
Newham,1390,London,2016,England
Redbridge,2195,London,2016,England
Richmond upon Thames,3265,London,2016,England
Southwark,3960,London,2016,England
Sutton,1215,London,2016,England
Tower Hamlets,3820,London,2016,England
Waltham Forest,1535,London,2016,England
Wandsworth,3895,London,2016,England
Westminster,8815,London,2016,England
County Durham,620,North East,2016,England
Darlington,200,North East,2016,England
Gateshead,355,North East,2016,England
Hartlepool,100,North East,2016,England
Middlesbrough,160,North East,2016,England
Newcastle upon Tyne,850,North East,2016,England
North Tyneside,425,North East,2016,England
Northumberland,575,North East,2016,England
Redcar and Cleveland,110,North East,2016,England
South Tyneside,160,North East,2016,England
Stockton-on-Tees,295,North East,2016,England
Sunderland,310,North East,2016,England
Blackburn with Darwen,205,North West,2016,England
Blackpool,250,North West,2016,England
Bolton,505,North West,2016,England
Burnley,95,North West,2016,England
Bury,495,North West,2016,England
Cheshire East,1920,North West,2016,England
Cheshire West and Chester,1210,North West,2016,England
Chorley,325,North West,2016,England
Cumberland,370,North West,2016,England
Fylde,315,North West,2016,England
Halton,190,North West,2016,England
Hyndburn,70,North West,2016,England
Knowsley,145,North West,2016,England
Lancaster,235,North West,2016,England
Liverpool,1010,North West,2016,England
Manchester,2255,North West,2016,England
Oldham,385,North West,2016,England
Pendle,130,North West,2016,England
Preston,305,North West,2016,England
Ribble Valley,155,North West,2016,England
Rochdale,325,North West,2016,England
Rossendale,150,North West,2016,England
Salford,720,North West,2016,England
Sefton,520,North West,2016,England
South Ribble,255,North West,2016,England
St. Helens,245,North West,2016,England
Stockport,1120,North West,2016,England
Tameside,370,North West,2016,England
Trafford,1245,North West,2016,England
Warrington,725,North West,2016,England
West Lancashire,255,North West,2016,England
Westmorland and Furness,565,North West,2016,England
Wigan,495,North West,2016,England
Wirral,640,North West,2016,England
Wyre,250,North West,2016,England
Antrim and Newtownabbey,155,Northern Ireland,2016,Northern Ireland
Ards and North Down,260,Northern Ireland,2016,Northern Ireland
"Armagh City, Banbridge and Craigavon",195,Northern Ireland,2016,Northern Ireland
Belfast,930,Northern Ireland,2016,Northern Ireland
Causeway Coast and Glens,120,Northern Ireland,2016,Northern Ireland
Derry City and Strabane,155,Northern Ireland,2016,Northern Ireland
Fermanagh and Omagh,75,Northern Ireland,2016,Northern Ireland
Lisburn and Castlereagh,250,Northern Ireland,2016,Northern Ireland
Mid Ulster,125,Northern Ireland,2016,Northern Ireland
Mid and East Antrim,125,Northern Ireland,2016,Northern Ireland
"Newry, Mourne and Down",205,Northern Ireland,2016,Northern Ireland
Aberdeen City,520,Scotland,2016,Scotland
Aberdeenshire,520,Scotland,2016,Scotland
Angus,130,Scotland,2016,Scotland
Argyll and Bute,155,Scotland,2016,Scotland
City of Edinburgh,2935,Scotland,2016,Scotland
Clackmannanshire,60,Scotland,2016,Scotland
Dumfries and Galloway,135,Scotland,2016,Scotland
Dundee City,205,Scotland,2016,Scotland
East Ayrshire,135,Scotland,2016,Scotland
East Dunbartonshire,325,Scotland,2016,Scotland
East Lothian,300,Scotland,2016,Scotland
East Renfrewshire,285,Scotland,2016,Scotland
Falkirk,290,Scotland,2016,Scotland
Fife,600,Scotland,2016,Scotland
Glasgow City,2040,Scotland,2016,Scotland
Highland,405,Scotland,2016,Scotland
Inverclyde,105,Scotland,2016,Scotland
Midlothian,215,Scotland,2016,Scotland
Moray,85,Scotland,2016,Scotland
Na h-Eileanan Siar,40,Scotland,2016,Scotland
North Ayrshire,125,Scotland,2016,Scotland
North Lanarkshire,410,Scotland,2016,Scotland
Orkney Islands,45,Scotland,2016,Scotland
Perth and Kinross,340,Scotland,2016,Scotland
Renfrewshire,280,Scotland,2016,Scotland
Scottish Borders,270,Scotland,2016,Scotland
Shetland Islands,30,Scotland,2016,Scotland
South Ayrshire,185,Scotland,2016,Scotland
South Lanarkshire,590,Scotland,2016,Scotland
Stirling,315,Scotland,2016,Scotland
West Dunbartonshire,105,Scotland,2016,Scotland
West Lothian,460,Scotland,2016,Scotland
Adur,215,South East,2016,England
Arun,445,South East,2016,England
Ashford,510,South East,2016,England
Basingstoke and Deane,1255,South East,2016,England
Bracknell Forest,830,South East,2016,England
Brighton and Hove,2825,South East,2016,England
Buckinghamshire,4405,South East,2016,England
Canterbury,515,South East,2016,England
Cherwell,680,South East,2016,England
Chichester,690,South East,2016,England
Crawley,345,South East,2016,England
Dartford,365,South East,2016,England
Dover,240,South East,2016,England
East Hampshire,805,South East,2016,England
Eastbourne,300,South East,2016,England
Eastleigh,520,South East,2016,England
Elmbridge,1660,South East,2016,England
Epsom and Ewell,560,South East,2016,England
Fareham,405,South East,2016,England
Folkestone and Hythe,265,South East,2016,England
Gosport,125,South East,2016,England
Gravesham,285,South East,2016,England
Guildford,1185,South East,2016,England
Hart,835,South East,2016,England
Hastings,315,South East,2016,England
Havant,345,South East,2016,England
Horsham,880,South East,2016,England
Isle of Wight,280,South East,2016,England
Lewes,585,South East,2016,England
Maidstone,620,South East,2016,England
Medway,625,South East,2016,England
Mid Sussex,975,South East,2016,England
Milton Keynes,2205,South East,2016,England
Mole Valley,810,South East,2016,England
New Forest,725,South East,2016,England
Oxford,765,South East,2016,England
Portsmouth,475,South East,2016,England
Reading,1415,South East,2016,England
Reigate and Banstead,975,South East,2016,England
Rother,420,South East,2016,England
Runnymede,610,South East,2016,England
Rushmoor,445,South East,2016,England
Sevenoaks,830,South East,2016,England
Slough,1000,South East,2016,England
South Oxfordshire,1140,South East,2016,England
Southampton,500,South East,2016,England
Spelthorne,755,South East,2016,England
Surrey Heath,725,South East,2016,England
Swale,320,South East,2016,England
Tandridge,620,South East,2016,England
Test Valley,625,South East,2016,England
Thanet,250,South East,2016,England
Tonbridge and Malling,635,South East,2016,England
Tunbridge Wells,930,South East,2016,England
Vale of White Horse,630,South East,2016,England
Waverley,1255,South East,2016,England
Wealden,880,South East,2016,England
West Berkshire,1275,South East,2016,England
West Oxfordshire,670,South East,2016,England
Winchester,860,South East,2016,England
Windsor and Maidenhead,1570,South East,2016,England
Woking,980,South East,2016,England
Wokingham,1675,South East,2016,England
Worthing,430,South East,2016,England
Bath and North East Somerset,1185,South West,2016,England
"Bournemouth, Christchurch and Poole",1470,South West,2016,England
"Bristol, City of",2615,South West,2016,England
Cheltenham,770,South West,2016,England
Cornwall,1285,South West,2016,England
Cotswold,575,South West,2016,England
Dorset,1320,South West,2016,England
East Devon,385,South West,2016,England
Exeter,380,South West,2016,England
Forest of Dean,245,South West,2016,England
Gloucester,305,South West,2016,England
Isles of Scilly,0,South West,2016,England
Mid Devon,185,South West,2016,England
North Devon,230,South West,2016,England
North Somerset,825,South West,2016,England
Plymouth,355,South West,2016,England
Somerset,1645,South West,2016,England
South Gloucestershire,970,South West,2016,England
South Hams,365,South West,2016,England
Stroud,635,South West,2016,England
Swindon,940,South West,2016,England
Teignbridge,330,South West,2016,England
Tewkesbury,400,South West,2016,England
Torbay,245,South West,2016,England
Torridge,125,South West,2016,England
West Devon,170,South West,2016,England
Wiltshire,2255,South West,2016,England
Blaenau Gwent,30,Wales,2016,Wales
Bridgend,175,Wales,2016,Wales
Caerphilly,160,Wales,2016,Wales
Cardiff,1215,Wales,2016,Wales
Carmarthenshire,235,Wales,2016,Wales
Ceredigion,155,Wales,2016,Wales
Conwy,160,Wales,2016,Wales
Denbighshire,150,Wales,2016,Wales
Flintshire,295,Wales,2016,Wales
Gwynedd,250,Wales,2016,Wales
Isle of Anglesey,70,Wales,2016,Wales
Merthyr Tydfil,30,Wales,2016,Wales
Monmouthshire,325,Wales,2016,Wales
Neath Port Talbot,125,Wales,2016,Wales
Newport,270,Wales,2016,Wales
Pembrokeshire,180,Wales,2016,Wales
Powys,295,Wales,2016,Wales
Rhondda Cynon Taf,225,Wales,2016,Wales
Swansea,395,Wales,2016,Wales
Torfaen,100,Wales,2016,Wales
Vale of Glamorgan,370,Wales,2016,Wales
Wrexham,195,Wales,2016,Wales
Birmingham,2875,West Midlands,2016,England
Bromsgrove,405,West Midlands,2016,England
Cannock Chase,160,West Midlands,2016,England
Coventry,925,West Midlands,2016,England
Dudley,540,West Midlands,2016,England
East Staffordshire,265,West Midlands,2016,England
"Herefordshire, County of",565,West Midlands,2016,England
Lichfield,335,West Midlands,2016,England
Malvern Hills,320,West Midlands,2016,England
Newcastle-under-Lyme,220,West Midlands,2016,England
North Warwickshire,160,West Midlands,2016,England
Nuneaton and Bedworth,220,West Midlands,2016,England
Redditch,220,West Midlands,2016,England
Rugby,365,West Midlands,2016,England
Sandwell,380,West Midlands,2016,England
Shropshire,835,West Midlands,2016,England
Solihull,875,West Midlands,2016,England
South Staffordshire,220,West Midlands,2016,England
Stafford,330,West Midlands,2016,England
Staffordshire Moorlands,150,West Midlands,2016,England
Stoke-on-Trent,260,West Midlands,2016,England
Stratford-on-Avon,785,West Midlands,2016,England
Tamworth,135,West Midlands,2016,England
Telford and Wrekin,420,West Midlands,2016,England
Walsall,355,West Midlands,2016,England
Warwick,925,West Midlands,2016,England
Wolverhampton,435,West Midlands,2016,England
Worcester,270,West Midlands,2016,England
Wychavon,435,West Midlands,2016,England
Wyre Forest,215,West Midlands,2016,England
Barnsley,345,Yorkshire and the Humber,2016,England
Bradford,1055,Yorkshire and the Humber,2016,England
Calderdale,725,Yorkshire and the Humber,2016,England
Doncaster,345,Yorkshire and the Humber,2016,England
East Riding of Yorkshire,745,Yorkshire and the Humber,2016,England
"Kingston upon Hull, City of",260,Yorkshire and the Humber,2016,England
Kirklees,995,Yorkshire and the Humber,2016,England
Leeds,2715,Yorkshire and the Humber,2016,England
North East Lincolnshire,155,Yorkshire and the Humber,2016,England
North Lincolnshire,190,Yorkshire and the Humber,2016,England
North Yorkshire,1870,Yorkshire and the Humber,2016,England
Rotherham,390,Yorkshire and the Humber,2016,England
Sheffield,1460,Yorkshire and the Humber,2016,England
Wakefield,470,Yorkshire and the Humber,2016,England
York,710,Yorkshire and the Humber,2016,England
Babergh,340,East of England,2017,England
Basildon,695,East of England,2017,England
Bedford,675,East of England,2017,England
Braintree,630,East of England,2017,England
Breckland,250,East of England,2017,England
Brentwood,560,East of England,2017,England
Broadland,330,East of England,2017,England
Broxbourne,330,East of England,2017,England
Cambridge,920,East of England,2017,England
Castle Point,225,East of England,2017,England
Central Bedfordshire,1340,East of England,2017,England
Chelmsford,960,East of England,2017,England
Colchester,725,East of England,2017,England
Dacorum,1380,East of England,2017,England
East Cambridgeshire,345,East of England,2017,England
East Hertfordshire,1045,East of England,2017,England
East Suffolk,665,East of England,2017,England
Epping Forest,775,East of England,2017,England
Fenland,135,East of England,2017,England
Great Yarmouth,85,East of England,2017,England
Harlow,215,East of England,2017,England
Hertsmere,990,East of England,2017,England
Huntingdonshire,745,East of England,2017,England
Ipswich,395,East of England,2017,England
King's Lynn and West Norfolk,250,East of England,2017,England
Luton,645,East of England,2017,England
Maldon,230,East of England,2017,England
Mid Suffolk,340,East of England,2017,England
North Hertfordshire,970,East of England,2017,England
North Norfolk,250,East of England,2017,England
Norwich,470,East of England,2017,England
Peterborough,550,East of England,2017,England
Rochford,320,East of England,2017,England
South Cambridgeshire,1050,East of England,2017,England
South Norfolk,405,East of England,2017,England
Southend-on-Sea,750,East of England,2017,England
St Albans,1560,East of England,2017,England
Stevenage,345,East of England,2017,England
Tendring,260,East of England,2017,England
Three Rivers,820,East of England,2017,England
Thurrock,475,East of England,2017,England
Uttlesford,605,East of England,2017,England
Watford,815,East of England,2017,England
Welwyn Hatfield,720,East of England,2017,England
West Suffolk,490,East of England,2017,England
Amber Valley,250,East Midlands,2017,England
Ashfield,140,East Midlands,2017,England
Bassetlaw,195,East Midlands,2017,England
Blaby,285,East Midlands,2017,England
Bolsover,85,East Midlands,2017,England
Boston,45,East Midlands,2017,England
Broxtowe,295,East Midlands,2017,England
Charnwood,575,East Midlands,2017,England
Chesterfield,195,East Midlands,2017,England
Derby,635,East Midlands,2017,England
Derbyshire Dales,260,East Midlands,2017,England
East Lindsey,170,East Midlands,2017,England
Erewash,245,East Midlands,2017,England
Gedling,255,East Midlands,2017,England
Harborough,380,East Midlands,2017,England
High Peak,305,East Midlands,2017,England
Hinckley and Bosworth,350,East Midlands,2017,England
Leicester,945,East Midlands,2017,England
Lincoln,175,East Midlands,2017,England
Mansfield,115,East Midlands,2017,England
Melton,165,East Midlands,2017,England
Newark and Sherwood,315,East Midlands,2017,England
North East Derbyshire,185,East Midlands,2017,England
North Kesteven,210,East Midlands,2017,England
North Northamptonshire,890,East Midlands,2017,England
North West Leicestershire,295,East Midlands,2017,England
Nottingham,790,East Midlands,2017,England
Oadby and Wigston,135,East Midlands,2017,England
Rushcliffe,630,East Midlands,2017,England
Rutland,150,East Midlands,2017,England
South Derbyshire,220,East Midlands,2017,England
South Holland,130,East Midlands,2017,England
South Kesteven,445,East Midlands,2017,England
West Lindsey,155,East Midlands,2017,England
West Northamptonshire,1705,East Midlands,2017,England
Barking and Dagenham,600,London,2017,England
Barnet,3335,London,2017,England
Bexley,1120,London,2017,England
Brent,2365,London,2017,England
Bromley,2560,London,2017,England
Camden,6790,London,2017,England
City of London,2175,London,2017,England
Croydon,2295,London,2017,England
Ealing,3040,London,2017,England
Enfield,1580,London,2017,England
Greenwich,1835,London,2017,England
Hackney,6165,London,2017,England
Hammersmith and Fulham,2950,London,2017,England
Haringey,2760,London,2017,England
Harrow,2320,London,2017,England
Havering,855,London,2017,England
Hillingdon,1900,London,2017,England
Hounslow,2965,London,2017,England
Islington,5415,London,2017,England
Kensington and Chelsea,2515,London,2017,England
Kingston upon Thames,1720,London,2017,England
Lambeth,3710,London,2017,England
Lewisham,2290,London,2017,England
Merton,2035,London,2017,England
Newham,1500,London,2017,England
Redbridge,2315,London,2017,England
Richmond upon Thames,3360,London,2017,England
Southwark,4120,London,2017,England
Sutton,1310,London,2017,England
Tower Hamlets,4105,London,2017,England
Waltham Forest,1730,London,2017,England
Wandsworth,3955,London,2017,England
Westminster,8800,London,2017,England
County Durham,650,North East,2017,England
Darlington,210,North East,2017,England
Gateshead,345,North East,2017,England
Hartlepool,95,North East,2017,England
Middlesbrough,155,North East,2017,England
Newcastle upon Tyne,855,North East,2017,England
North Tyneside,435,North East,2017,England
Northumberland,590,North East,2017,England
Redcar and Cleveland,120,North East,2017,England
South Tyneside,170,North East,2017,England
Stockton-on-Tees,300,North East,2017,England
Sunderland,340,North East,2017,England
Blackburn with Darwen,205,North West,2017,England
Blackpool,235,North West,2017,England
Bolton,525,North West,2017,England
Burnley,105,North West,2017,England
Bury,505,North West,2017,England
Cheshire East,2005,North West,2017,England
Cheshire West and Chester,1300,North West,2017,England
Chorley,360,North West,2017,England
Cumberland,370,North West,2017,England
Fylde,335,North West,2017,England
Halton,210,North West,2017,England
Hyndburn,65,North West,2017,England
Knowsley,155,North West,2017,England
Lancaster,245,North West,2017,England
Liverpool,1050,North West,2017,England
Manchester,2455,North West,2017,England
Oldham,420,North West,2017,England
Pendle,110,North West,2017,England
Preston,335,North West,2017,England
Ribble Valley,165,North West,2017,England
Rochdale,355,North West,2017,England
Rossendale,155,North West,2017,England
Salford,765,North West,2017,England
Sefton,520,North West,2017,England
South Ribble,265,North West,2017,England
St. Helens,270,North West,2017,England
Stockport,1195,North West,2017,England
Tameside,400,North West,2017,England
Trafford,1305,North West,2017,England
Warrington,745,North West,2017,England
West Lancashire,240,North West,2017,England
Westmorland and Furness,560,North West,2017,England
Wigan,525,North West,2017,England
Wirral,665,North West,2017,England
Wyre,260,North West,2017,England
Antrim and Newtownabbey,155,Northern Ireland,2017,Northern Ireland
Ards and North Down,275,Northern Ireland,2017,Northern Ireland
"Armagh City, Banbridge and Craigavon",195,Northern Ireland,2017,Northern Ireland
Belfast,970,Northern Ireland,2017,Northern Ireland
Causeway Coast and Glens,125,Northern Ireland,2017,Northern Ireland
Derry City and Strabane,170,Northern Ireland,2017,Northern Ireland
Fermanagh and Omagh,90,Northern Ireland,2017,Northern Ireland
Lisburn and Castlereagh,255,Northern Ireland,2017,Northern Ireland
Mid Ulster,135,Northern Ireland,2017,Northern Ireland
Mid and East Antrim,115,Northern Ireland,2017,Northern Ireland
"Newry, Mourne and Down",215,Northern Ireland,2017,Northern Ireland
Aberdeen City,505,Scotland,2017,Scotland
Aberdeenshire,515,Scotland,2017,Scotland
Angus,130,Scotland,2017,Scotland
Argyll and Bute,135,Scotland,2017,Scotland
City of Edinburgh,3085,Scotland,2017,Scotland
Clackmannanshire,70,Scotland,2017,Scotland
Dumfries and Galloway,140,Scotland,2017,Scotland
Dundee City,195,Scotland,2017,Scotland
East Ayrshire,130,Scotland,2017,Scotland
East Dunbartonshire,340,Scotland,2017,Scotland
East Lothian,315,Scotland,2017,Scotland
East Renfrewshire,285,Scotland,2017,Scotland
Falkirk,295,Scotland,2017,Scotland
Fife,635,Scotland,2017,Scotland
Glasgow City,2150,Scotland,2017,Scotland
Highland,400,Scotland,2017,Scotland
Inverclyde,105,Scotland,2017,Scotland
Midlothian,215,Scotland,2017,Scotland
Moray,90,Scotland,2017,Scotland
Na h-Eileanan Siar,35,Scotland,2017,Scotland
North Ayrshire,135,Scotland,2017,Scotland
North Lanarkshire,400,Scotland,2017,Scotland
Orkney Islands,45,Scotland,2017,Scotland
Perth and Kinross,360,Scotland,2017,Scotland
Renfrewshire,295,Scotland,2017,Scotland
Scottish Borders,260,Scotland,2017,Scotland
Shetland Islands,30,Scotland,2017,Scotland
South Ayrshire,180,Scotland,2017,Scotland
South Lanarkshire,625,Scotland,2017,Scotland
Stirling,325,Scotland,2017,Scotland
West Dunbartonshire,110,Scotland,2017,Scotland
West Lothian,495,Scotland,2017,Scotland
Adur,220,South East,2017,England
Arun,480,South East,2017,England
Ashford,540,South East,2017,England
Basingstoke and Deane,1305,South East,2017,England
Bracknell Forest,850,South East,2017,England
Brighton and Hove,2930,South East,2017,England
Buckinghamshire,4530,South East,2017,England
Canterbury,535,South East,2017,England
Cherwell,705,South East,2017,England
Chichester,690,South East,2017,England
Crawley,370,South East,2017,England
Dartford,440,South East,2017,England
Dover,250,South East,2017,England
East Hampshire,800,South East,2017,England
Eastbourne,270,South East,2017,England
Eastleigh,525,South East,2017,England
Elmbridge,1690,South East,2017,England
Epsom and Ewell,595,South East,2017,England
Fareham,440,South East,2017,England
Folkestone and Hythe,275,South East,2017,England
Gosport,120,South East,2017,England
Gravesham,295,South East,2017,England
Guildford,1180,South East,2017,England
Hart,855,South East,2017,England
Hastings,320,South East,2017,England
Havant,370,South East,2017,England
Horsham,900,South East,2017,England
Isle of Wight,295,South East,2017,England
Lewes,615,South East,2017,England
Maidstone,635,South East,2017,England
Medway,640,South East,2017,England
Mid Sussex,1000,South East,2017,England
Milton Keynes,2390,South East,2017,England
Mole Valley,825,South East,2017,England
New Forest,730,South East,2017,England
Oxford,805,South East,2017,England
Portsmouth,465,South East,2017,England
Reading,1445,South East,2017,England
Reigate and Banstead,975,South East,2017,England
Rother,405,South East,2017,England
Runnymede,645,South East,2017,England
Rushmoor,475,South East,2017,England
Sevenoaks,835,South East,2017,England
Slough,1135,South East,2017,England
South Oxfordshire,1165,South East,2017,England
Southampton,560,South East,2017,England
Spelthorne,805,South East,2017,England
Surrey Heath,705,South East,2017,England
Swale,320,South East,2017,England
Tandridge,610,South East,2017,England
Test Valley,640,South East,2017,England
Thanet,285,South East,2017,England
Tonbridge and Malling,680,South East,2017,England
Tunbridge Wells,985,South East,2017,England
Vale of White Horse,655,South East,2017,England
Waverley,1280,South East,2017,England
Wealden,915,South East,2017,England
West Berkshire,1300,South East,2017,England
West Oxfordshire,655,South East,2017,England
Winchester,870,South East,2017,England
Windsor and Maidenhead,1630,South East,2017,England
Woking,1030,South East,2017,England
Wokingham,1795,South East,2017,England
Worthing,435,South East,2017,England
Bath and North East Somerset,1220,South West,2017,England
"Bournemouth, Christchurch and Poole",1515,South West,2017,England
"Bristol, City of",2770,South West,2017,England
Cheltenham,780,South West,2017,England
Cornwall,1330,South West,2017,England
Cotswold,590,South West,2017,England
Dorset,1345,South West,2017,England
East Devon,400,South West,2017,England
Exeter,400,South West,2017,England
Forest of Dean,255,South West,2017,England
Gloucester,310,South West,2017,England
Isles of Scilly,0,South West,2017,England
Mid Devon,180,South West,2017,England
North Devon,235,South West,2017,England
North Somerset,850,South West,2017,England
Plymouth,385,South West,2017,England
Somerset,1705,South West,2017,England
South Gloucestershire,1010,South West,2017,England
South Hams,380,South West,2017,England
Stroud,660,South West,2017,England
Swindon,940,South West,2017,England
Teignbridge,355,South West,2017,England
Tewkesbury,440,South West,2017,England
Torbay,250,South West,2017,England
Torridge,130,South West,2017,England
West Devon,170,South West,2017,England
Wiltshire,2315,South West,2017,England
Blaenau Gwent,30,Wales,2017,Wales
Bridgend,195,Wales,2017,Wales
Caerphilly,175,Wales,2017,Wales
Cardiff,1280,Wales,2017,Wales
Carmarthenshire,260,Wales,2017,Wales
Ceredigion,155,Wales,2017,Wales
Conwy,175,Wales,2017,Wales
Denbighshire,170,Wales,2017,Wales
Flintshire,300,Wales,2017,Wales
Gwynedd,230,Wales,2017,Wales
Isle of Anglesey,80,Wales,2017,Wales
Merthyr Tydfil,30,Wales,2017,Wales
Monmouthshire,335,Wales,2017,Wales
Neath Port Talbot,135,Wales,2017,Wales
Newport,280,Wales,2017,Wales
Pembrokeshire,180,Wales,2017,Wales
Powys,300,Wales,2017,Wales
Rhondda Cynon Taf,250,Wales,2017,Wales
Swansea,390,Wales,2017,Wales
Torfaen,95,Wales,2017,Wales
Vale of Glamorgan,375,Wales,2017,Wales
Wrexham,185,Wales,2017,Wales
Birmingham,3140,West Midlands,2017,England
Bromsgrove,415,West Midlands,2017,England
Cannock Chase,165,West Midlands,2017,England
Coventry,995,West Midlands,2017,England
Dudley,560,West Midlands,2017,England
East Staffordshire,290,West Midlands,2017,England
"Herefordshire, County of",580,West Midlands,2017,England
Lichfield,345,West Midlands,2017,England
Malvern Hills,345,West Midlands,2017,England
Newcastle-under-Lyme,215,West Midlands,2017,England
North Warwickshire,170,West Midlands,2017,England
Nuneaton and Bedworth,250,West Midlands,2017,England
Redditch,240,West Midlands,2017,England
Rugby,430,West Midlands,2017,England
Sandwell,415,West Midlands,2017,England
Shropshire,860,West Midlands,2017,England
Solihull,945,West Midlands,2017,England
South Staffordshire,240,West Midlands,2017,England
Stafford,360,West Midlands,2017,England
Staffordshire Moorlands,145,West Midlands,2017,England
Stoke-on-Trent,280,West Midlands,2017,England
Stratford-on-Avon,785,West Midlands,2017,England
Tamworth,150,West Midlands,2017,England
Telford and Wrekin,445,West Midlands,2017,England
Walsall,355,West Midlands,2017,England
Warwick,950,West Midlands,2017,England
Wolverhampton,460,West Midlands,2017,England
Worcester,275,West Midlands,2017,England
Wychavon,460,West Midlands,2017,England
Wyre Forest,225,West Midlands,2017,England
Barnsley,340,Yorkshire and the Humber,2017,England
Bradford,1100,Yorkshire and the Humber,2017,England
Calderdale,725,Yorkshire and the Humber,2017,England
Doncaster,370,Yorkshire and the Humber,2017,England
East Riding of Yorkshire,740,Yorkshire and the Humber,2017,England
"Kingston upon Hull, City of",275,Yorkshire and the Humber,2017,England
Kirklees,1030,Yorkshire and the Humber,2017,England
Leeds,2845,Yorkshire and the Humber,2017,England
North East Lincolnshire,175,Yorkshire and the Humber,2017,England
North Lincolnshire,180,Yorkshire and the Humber,2017,England
North Yorkshire,1945,Yorkshire and the Humber,2017,England
Rotherham,425,Yorkshire and the Humber,2017,England
Sheffield,1555,Yorkshire and the Humber,2017,England
Wakefield,510,Yorkshire and the Humber,2017,England
York,720,Yorkshire and the Humber,2017,England
Babergh,320,East of England,2018,England
Basildon,720,East of England,2018,England
Bedford,710,East of England,2018,England
Braintree,610,East of England,2018,England
Breckland,280,East of England,2018,England
Brentwood,550,East of England,2018,England
Broadland,335,East of England,2018,England
Broxbourne,340,East of England,2018,England
Cambridge,925,East of England,2018,England
Castle Point,210,East of England,2018,England
Central Bedfordshire,1495,East of England,2018,England
Chelmsford,985,East of England,2018,England
Colchester,715,East of England,2018,England
Dacorum,1340,East of England,2018,England
East Cambridgeshire,345,East of England,2018,England
East Hertfordshire,990,East of England,2018,England
East Suffolk,675,East of England,2018,England
Epping Forest,825,East of England,2018,England
Fenland,160,East of England,2018,England
Great Yarmouth,85,East of England,2018,England
Harlow,235,East of England,2018,England
Hertsmere,975,East of England,2018,England
Huntingdonshire,710,East of England,2018,England
Ipswich,375,East of England,2018,England
King's Lynn and West Norfolk,265,East of England,2018,England
Luton,650,East of England,2018,England
Maldon,220,East of England,2018,England
Mid Suffolk,340,East of England,2018,England
North Hertfordshire,980,East of England,2018,England
North Norfolk,245,East of England,2018,England
Norwich,490,East of England,2018,England
Peterborough,540,East of England,2018,England
Rochford,320,East of England,2018,England
South Cambridgeshire,1035,East of England,2018,England
South Norfolk,410,East of England,2018,England
Southend-on-Sea,755,East of England,2018,England
St Albans,1585,East of England,2018,England
Stevenage,350,East of England,2018,England
Tendring,260,East of England,2018,England
Three Rivers,810,East of England,2018,England
Thurrock,470,East of England,2018,England
Uttlesford,610,East of England,2018,England
Watford,800,East of England,2018,England
Welwyn Hatfield,735,East of England,2018,England
West Suffolk,465,East of England,2018,England
Amber Valley,235,East Midlands,2018,England
Ashfield,130,East Midlands,2018,England
Bassetlaw,195,East Midlands,2018,England
Blaby,295,East Midlands,2018,England
Bolsover,90,East Midlands,2018,England
Boston,45,East Midlands,2018,England
Broxtowe,285,East Midlands,2018,England
Charnwood,510,East Midlands,2018,England
Chesterfield,190,East Midlands,2018,England
Derby,625,East Midlands,2018,England
Derbyshire Dales,270,East Midlands,2018,England
East Lindsey,175,East Midlands,2018,England
Erewash,240,East Midlands,2018,England
Gedling,265,East Midlands,2018,England
Harborough,400,East Midlands,2018,England
High Peak,320,East Midlands,2018,England
Hinckley and Bosworth,365,East Midlands,2018,England
Leicester,1025,East Midlands,2018,England
Lincoln,175,East Midlands,2018,England
Mansfield,110,East Midlands,2018,England
Melton,155,East Midlands,2018,England
Newark and Sherwood,340,East Midlands,2018,England
North East Derbyshire,175,East Midlands,2018,England
North Kesteven,205,East Midlands,2018,England
North Northamptonshire,905,East Midlands,2018,England
North West Leicestershire,290,East Midlands,2018,England
Nottingham,785,East Midlands,2018,England
Oadby and Wigston,135,East Midlands,2018,England
Rushcliffe,580,East Midlands,2018,England
Rutland,150,East Midlands,2018,England
South Derbyshire,225,East Midlands,2018,England
South Holland,125,East Midlands,2018,England
South Kesteven,460,East Midlands,2018,England
West Lindsey,150,East Midlands,2018,England
West Northamptonshire,1665,East Midlands,2018,England
Barking and Dagenham,615,London,2018,England
Barnet,3320,London,2018,England
Bexley,1155,London,2018,England
Brent,2395,London,2018,England
Bromley,2640,London,2018,England
Camden,7220,London,2018,England
City of London,2295,London,2018,England
Croydon,2355,London,2018,England
Ealing,3030,London,2018,England
Enfield,1580,London,2018,England
Greenwich,1860,London,2018,England
Hackney,6340,London,2018,England
Hammersmith and Fulham,2885,London,2018,England
Haringey,2700,London,2018,England
Harrow,2360,London,2018,England
Havering,875,London,2018,England
Hillingdon,1870,London,2018,England
Hounslow,2940,London,2018,England
Islington,5445,London,2018,England
Kensington and Chelsea,2565,London,2018,England
Kingston upon Thames,1730,London,2018,England
Lambeth,3670,London,2018,England
Lewisham,2295,London,2018,England
Merton,2050,London,2018,England
Newham,1525,London,2018,England
Redbridge,2300,London,2018,England
Richmond upon Thames,3335,London,2018,England
Southwark,4195,London,2018,England
Sutton,1320,London,2018,England
Tower Hamlets,4225,London,2018,England
Waltham Forest,1775,London,2018,England
Wandsworth,3865,London,2018,England
Westminster,8825,London,2018,England
County Durham,660,North East,2018,England
Darlington,205,North East,2018,England
Gateshead,335,North East,2018,England
Hartlepool,90,North East,2018,England
Middlesbrough,160,North East,2018,England
Newcastle upon Tyne,875,North East,2018,England
North Tyneside,465,North East,2018,England
Northumberland,585,North East,2018,England
Redcar and Cleveland,135,North East,2018,England
South Tyneside,170,North East,2018,England
Stockton-on-Tees,300,North East,2018,England
Sunderland,325,North East,2018,England
Blackburn with Darwen,195,North West,2018,England
Blackpool,250,North West,2018,England
Bolton,520,North West,2018,England
Burnley,110,North West,2018,England
Bury,505,North West,2018,England
Cheshire East,1940,North West,2018,England
Cheshire West and Chester,1295,North West,2018,England
Chorley,345,North West,2018,England
Cumberland,385,North West,2018,England
Fylde,350,North West,2018,England
Halton,205,North West,2018,England
Hyndburn,65,North West,2018,England
Knowsley,145,North West,2018,England
Lancaster,270,North West,2018,England
Liverpool,1095,North West,2018,England
Manchester,2470,North West,2018,England
Oldham,385,North West,2018,England
Pendle,100,North West,2018,England
Preston,320,North West,2018,England
Ribble Valley,170,North West,2018,England
Rochdale,345,North West,2018,England
Rossendale,150,North West,2018,England
Salford,740,North West,2018,England
Sefton,500,North West,2018,England
South Ribble,255,North West,2018,England
St. Helens,285,North West,2018,England
Stockport,1205,North West,2018,England
Tameside,400,North West,2018,England
Trafford,1440,North West,2018,England
Warrington,825,North West,2018,England
West Lancashire,240,North West,2018,England
Westmorland and Furness,545,North West,2018,England
Wigan,490,North West,2018,England
Wirral,655,North West,2018,England
Wyre,275,North West,2018,England
Antrim and Newtownabbey,160,Northern Ireland,2018,Northern Ireland
Ards and North Down,285,Northern Ireland,2018,Northern Ireland
"Armagh City, Banbridge and Craigavon",205,Northern Ireland,2018,Northern Ireland
Belfast,1065,Northern Ireland,2018,Northern Ireland
Causeway Coast and Glens,130,Northern Ireland,2018,Northern Ireland
Derry City and Strabane,180,Northern Ireland,2018,Northern Ireland
Fermanagh and Omagh,100,Northern Ireland,2018,Northern Ireland
Lisburn and Castlereagh,265,Northern Ireland,2018,Northern Ireland
Mid Ulster,130,Northern Ireland,2018,Northern Ireland
Mid and East Antrim,115,Northern Ireland,2018,Northern Ireland
"Newry, Mourne and Down",220,Northern Ireland,2018,Northern Ireland
Aberdeen City,520,Scotland,2018,Scotland
Aberdeenshire,500,Scotland,2018,Scotland
Angus,120,Scotland,2018,Scotland
Argyll and Bute,145,Scotland,2018,Scotland
City of Edinburgh,3100,Scotland,2018,Scotland
Clackmannanshire,70,Scotland,2018,Scotland
Dumfries and Galloway,135,Scotland,2018,Scotland
Dundee City,195,Scotland,2018,Scotland
East Ayrshire,140,Scotland,2018,Scotland
East Dunbartonshire,335,Scotland,2018,Scotland
East Lothian,310,Scotland,2018,Scotland
East Renfrewshire,290,Scotland,2018,Scotland
Falkirk,285,Scotland,2018,Scotland
Fife,595,Scotland,2018,Scotland
Glasgow City,2200,Scotland,2018,Scotland
Highland,405,Scotland,2018,Scotland
Inverclyde,90,Scotland,2018,Scotland
Midlothian,225,Scotland,2018,Scotland
Moray,110,Scotland,2018,Scotland
Na h-Eileanan Siar,40,Scotland,2018,Scotland
North Ayrshire,125,Scotland,2018,Scotland
North Lanarkshire,395,Scotland,2018,Scotland
Orkney Islands,45,Scotland,2018,Scotland
Perth and Kinross,350,Scotland,2018,Scotland
Renfrewshire,300,Scotland,2018,Scotland
Scottish Borders,260,Scotland,2018,Scotland
Shetland Islands,20,Scotland,2018,Scotland
South Ayrshire,175,Scotland,2018,Scotland
South Lanarkshire,625,Scotland,2018,Scotland
Stirling,330,Scotland,2018,Scotland
West Dunbartonshire,90,Scotland,2018,Scotland
West Lothian,485,Scotland,2018,Scotland
Adur,205,South East,2018,England
Arun,460,South East,2018,England
Ashford,560,South East,2018,England
Basingstoke and Deane,1315,South East,2018,England
Bracknell Forest,860,South East,2018,England
Brighton and Hove,2920,South East,2018,England
Buckinghamshire,4520,South East,2018,England
Canterbury,565,South East,2018,England
Cherwell,705,South East,2018,England
Chichester,700,South East,2018,England
Crawley,375,South East,2018,England
Dartford,470,South East,2018,England
Dover,235,South East,2018,England
East Hampshire,815,South East,2018,England
Eastbourne,275,South East,2018,England
Eastleigh,540,South East,2018,England
Elmbridge,1725,South East,2018,England
Epsom and Ewell,625,South East,2018,England
Fareham,440,South East,2018,England
Folkestone and Hythe,275,South East,2018,England
Gosport,125,South East,2018,England
Gravesham,300,South East,2018,England
Guildford,1235,South East,2018,England
Hart,850,South East,2018,England
Hastings,310,South East,2018,England
Havant,390,South East,2018,England
Horsham,905,South East,2018,England
Isle of Wight,295,South East,2018,England
Lewes,635,South East,2018,England
Maidstone,610,South East,2018,England
Medway,650,South East,2018,England
Mid Sussex,1010,South East,2018,England
Milton Keynes,2485,South East,2018,England
Mole Valley,790,South East,2018,England
New Forest,735,South East,2018,England
Oxford,755,South East,2018,England
Portsmouth,470,South East,2018,England
Reading,1415,South East,2018,England
Reigate and Banstead,1020,South East,2018,England
Rother,395,South East,2018,England
Runnymede,650,South East,2018,England
Rushmoor,475,South East,2018,England
Sevenoaks,845,South East,2018,England
Slough,1160,South East,2018,England
South Oxfordshire,1170,South East,2018,England
Southampton,565,South East,2018,England
Spelthorne,785,South East,2018,England
Surrey Heath,695,South East,2018,England
Swale,330,South East,2018,England
Tandridge,620,South East,2018,England
Test Valley,670,South East,2018,England
Thanet,295,South East,2018,England
Tonbridge and Malling,690,South East,2018,England
Tunbridge Wells,990,South East,2018,England
Vale of White Horse,690,South East,2018,England
Waverley,1280,South East,2018,England
Wealden,890,South East,2018,England
West Berkshire,1290,South East,2018,England
West Oxfordshire,670,South East,2018,England
Winchester,900,South East,2018,England
Windsor and Maidenhead,1640,South East,2018,England
Woking,1000,South East,2018,England
Wokingham,1915,South East,2018,England
Worthing,455,South East,2018,England
Bath and North East Somerset,1195,South West,2018,England
"Bournemouth, Christchurch and Poole",1555,South West,2018,England
"Bristol, City of",2725,South West,2018,England
Cheltenham,785,South West,2018,England
Cornwall,1385,South West,2018,England
Cotswold,600,South West,2018,England
Dorset,1355,South West,2018,England
East Devon,395,South West,2018,England
Exeter,375,South West,2018,England
Forest of Dean,270,South West,2018,England
Gloucester,305,South West,2018,England
Isles of Scilly,0,South West,2018,England
Mid Devon,180,South West,2018,England
North Devon,245,South West,2018,England
North Somerset,835,South West,2018,England
Plymouth,355,South West,2018,England
Somerset,1690,South West,2018,England
South Gloucestershire,980,South West,2018,England
South Hams,390,South West,2018,England
Stroud,645,South West,2018,England
Swindon,970,South West,2018,England
Teignbridge,365,South West,2018,England
Tewkesbury,430,South West,2018,England
Torbay,230,South West,2018,England
Torridge,125,South West,2018,England
West Devon,180,South West,2018,England
Wiltshire,2295,South West,2018,England
Blaenau Gwent,30,Wales,2018,Wales
Bridgend,195,Wales,2018,Wales
Caerphilly,180,Wales,2018,Wales
Cardiff,1250,Wales,2018,Wales
Carmarthenshire,295,Wales,2018,Wales
Ceredigion,140,Wales,2018,Wales
Conwy,160,Wales,2018,Wales
Denbighshire,150,Wales,2018,Wales
Flintshire,290,Wales,2018,Wales
Gwynedd,225,Wales,2018,Wales
Isle of Anglesey,70,Wales,2018,Wales
Merthyr Tydfil,30,Wales,2018,Wales
Monmouthshire,365,Wales,2018,Wales
Neath Port Talbot,140,Wales,2018,Wales
Newport,270,Wales,2018,Wales
Pembrokeshire,190,Wales,2018,Wales
Powys,290,Wales,2018,Wales
Rhondda Cynon Taf,250,Wales,2018,Wales
Swansea,420,Wales,2018,Wales
Torfaen,95,Wales,2018,Wales
Vale of Glamorgan,390,Wales,2018,Wales
Wrexham,190,Wales,2018,Wales
Birmingham,2900,West Midlands,2018,England
Bromsgrove,1360,West Midlands,2018,England
Cannock Chase,165,West Midlands,2018,England
Coventry,940,West Midlands,2018,England
Dudley,550,West Midlands,2018,England
East Staffordshire,300,West Midlands,2018,England
"Herefordshire, County of",570,West Midlands,2018,England
Lichfield,365,West Midlands,2018,England
Malvern Hills,350,West Midlands,2018,England
Newcastle-under-Lyme,220,West Midlands,2018,England
North Warwickshire,165,West Midlands,2018,England
Nuneaton and Bedworth,225,West Midlands,2018,England
Redditch,235,West Midlands,2018,England
Rugby,420,West Midlands,2018,England
Sandwell,420,West Midlands,2018,England
Shropshire,875,West Midlands,2018,England
Solihull,960,West Midlands,2018,England
South Staffordshire,270,West Midlands,2018,England
Stafford,355,West Midlands,2018,England
Staffordshire Moorlands,165,West Midlands,2018,England
Stoke-on-Trent,255,West Midlands,2018,England
Stratford-on-Avon,735,West Midlands,2018,England
Tamworth,145,West Midlands,2018,England
Telford and Wrekin,430,West Midlands,2018,England
Walsall,360,West Midlands,2018,England
Warwick,985,West Midlands,2018,England
Wolverhampton,465,West Midlands,2018,England
Worcester,300,West Midlands,2018,England
Wychavon,475,West Midlands,2018,England
Wyre Forest,230,West Midlands,2018,England
Barnsley,350,Yorkshire and the Humber,2018,England
Bradford,1080,Yorkshire and the Humber,2018,England
Calderdale,715,Yorkshire and the Humber,2018,England
Doncaster,375,Yorkshire and the Humber,2018,England
East Riding of Yorkshire,735,Yorkshire and the Humber,2018,England
"Kingston upon Hull, City of",280,Yorkshire and the Humber,2018,England
Kirklees,1035,Yorkshire and the Humber,2018,England
Leeds,2915,Yorkshire and the Humber,2018,England
North East Lincolnshire,170,Yorkshire and the Humber,2018,England
North Lincolnshire,185,Yorkshire and the Humber,2018,England
North Yorkshire,1935,Yorkshire and the Humber,2018,England
Rotherham,435,Yorkshire and the Humber,2018,England
Sheffield,1565,Yorkshire and the Humber,2018,England
Wakefield,545,Yorkshire and the Humber,2018,England
York,725,Yorkshire and the Humber,2018,England
Babergh,340,East of England,2019,England
Basildon,760,East of England,2019,England
Bedford,730,East of England,2019,England
Braintree,610,East of England,2019,England
Breckland,245,East of England,2019,England
Brentwood,555,East of England,2019,England
Broadland,330,East of England,2019,England
Broxbourne,345,East of England,2019,England
Cambridge,905,East of England,2019,England
Castle Point,225,East of England,2019,England
Central Bedfordshire,1510,East of England,2019,England
Chelmsford,995,East of England,2019,England
Colchester,755,East of England,2019,England
Dacorum,1380,East of England,2019,England
East Cambridgeshire,335,East of England,2019,England
East Hertfordshire,990,East of England,2019,England
East Suffolk,700,East of England,2019,England
Epping Forest,830,East of England,2019,England
Fenland,175,East of England,2019,England
Great Yarmouth,90,East of England,2019,England
Harlow,250,East of England,2019,England
Hertsmere,1110,East of England,2019,England
Huntingdonshire,745,East of England,2019,England
Ipswich,355,East of England,2019,England
King's Lynn and West Norfolk,250,East of England,2019,England
Luton,645,East of England,2019,England
Maldon,220,East of England,2019,England
Mid Suffolk,330,East of England,2019,England
North Hertfordshire,995,East of England,2019,England
North Norfolk,235,East of England,2019,England
Norwich,500,East of England,2019,England
Peterborough,555,East of England,2019,England
Rochford,315,East of England,2019,England
South Cambridgeshire,1050,East of England,2019,England
South Norfolk,445,East of England,2019,England
Southend-on-Sea,770,East of England,2019,England
St Albans,1640,East of England,2019,England
Stevenage,350,East of England,2019,England
Tendring,275,East of England,2019,England
Three Rivers,835,East of England,2019,England
Thurrock,500,East of England,2019,England
Uttlesford,605,East of England,2019,England
Watford,830,East of England,2019,England
Welwyn Hatfield,750,East of England,2019,England
West Suffolk,495,East of England,2019,England
Amber Valley,255,East Midlands,2019,England
Ashfield,145,East Midlands,2019,England
Bassetlaw,200,East Midlands,2019,England
Blaby,305,East Midlands,2019,England
Bolsover,85,East Midlands,2019,England
Boston,45,East Midlands,2019,England
Broxtowe,290,East Midlands,2019,England
Charnwood,520,East Midlands,2019,England
Chesterfield,215,East Midlands,2019,England
Derby,625,East Midlands,2019,England
Derbyshire Dales,280,East Midlands,2019,England
East Lindsey,175,East Midlands,2019,England
Erewash,250,East Midlands,2019,England
Gedling,275,East Midlands,2019,England
Harborough,420,East Midlands,2019,England
High Peak,320,East Midlands,2019,England
Hinckley and Bosworth,350,East Midlands,2019,England
Leicester,1020,East Midlands,2019,England
Lincoln,170,East Midlands,2019,England
Mansfield,125,East Midlands,2019,England
Melton,145,East Midlands,2019,England
Newark and Sherwood,340,East Midlands,2019,England
North East Derbyshire,190,East Midlands,2019,England
North Kesteven,220,East Midlands,2019,England
North Northamptonshire,935,East Midlands,2019,England
North West Leicestershire,275,East Midlands,2019,England
Nottingham,810,East Midlands,2019,England
Oadby and Wigston,160,East Midlands,2019,England
Rushcliffe,580,East Midlands,2019,England
Rutland,160,East Midlands,2019,England
South Derbyshire,245,East Midlands,2019,England
South Holland,125,East Midlands,2019,England
South Kesteven,485,East Midlands,2019,England
West Lindsey,175,East Midlands,2019,England
West Northamptonshire,1720,East Midlands,2019,England
Barking and Dagenham,670,London,2019,England
Barnet,3480,London,2019,England
Bexley,1180,London,2019,England
Brent,2420,London,2019,England
Bromley,2710,London,2019,England
Camden,7545,London,2019,England
City of London,2530,London,2019,England
Croydon,2450,London,2019,England
Ealing,3025,London,2019,England
Enfield,1650,London,2019,England
Greenwich,1965,London,2019,England
Hackney,6815,London,2019,England
Hammersmith and Fulham,2900,London,2019,England
Haringey,2740,London,2019,England
Harrow,2485,London,2019,England
Havering,940,London,2019,England
Hillingdon,1920,London,2019,England
Hounslow,2950,London,2019,England
Islington,5735,London,2019,England
Kensington and Chelsea,2585,London,2019,England
Kingston upon Thames,1750,London,2019,England
Lambeth,3730,London,2019,England
Lewisham,2475,London,2019,England
Merton,2025,London,2019,England
Newham,1710,London,2019,England
Redbridge,2345,London,2019,England
Richmond upon Thames,3350,London,2019,England
Southwark,4365,London,2019,England
Sutton,1440,London,2019,England
Tower Hamlets,4460,London,2019,England
Waltham Forest,1945,London,2019,England
Wandsworth,3890,London,2019,England
Westminster,9050,London,2019,England
County Durham,625,North East,2019,England
Darlington,225,North East,2019,England
Gateshead,365,North East,2019,England
Hartlepool,95,North East,2019,England
Middlesbrough,165,North East,2019,England
Newcastle upon Tyne,905,North East,2019,England
North Tyneside,475,North East,2019,England
Northumberland,600,North East,2019,England
Redcar and Cleveland,130,North East,2019,England
South Tyneside,200,North East,2019,England
Stockton-on-Tees,305,North East,2019,England
Sunderland,315,North East,2019,England
Blackburn with Darwen,215,North West,2019,England
Blackpool,280,North West,2019,England
Bolton,520,North West,2019,England
Burnley,105,North West,2019,England
Bury,525,North West,2019,England
Cheshire East,1930,North West,2019,England
Cheshire West and Chester,1295,North West,2019,England
Chorley,335,North West,2019,England
Cumberland,400,North West,2019,England
Fylde,370,North West,2019,England
Halton,205,North West,2019,England
Hyndburn,60,North West,2019,England
Knowsley,145,North West,2019,England
Lancaster,275,North West,2019,England
Liverpool,1145,North West,2019,England
Manchester,2575,North West,2019,England
Oldham,420,North West,2019,England
Pendle,115,North West,2019,England
Preston,320,North West,2019,England
Ribble Valley,190,North West,2019,England
Rochdale,355,North West,2019,England
Rossendale,150,North West,2019,England
Salford,750,North West,2019,England
Sefton,505,North West,2019,England
South Ribble,255,North West,2019,England
St. Helens,260,North West,2019,England
Stockport,1195,North West,2019,England
Tameside,400,North West,2019,England
Trafford,1470,North West,2019,England
Warrington,815,North West,2019,England
West Lancashire,225,North West,2019,England
Westmorland and Furness,570,North West,2019,England
Wigan,510,North West,2019,England
Wirral,665,North West,2019,England
Wyre,270,North West,2019,England
Antrim and Newtownabbey,175,Northern Ireland,2019,Northern Ireland
Ards and North Down,300,Northern Ireland,2019,Northern Ireland
"Armagh City, Banbridge and Craigavon",215,Northern Ireland,2019,Northern Ireland
Belfast,1090,Northern Ireland,2019,Northern Ireland
Causeway Coast and Glens,125,Northern Ireland,2019,Northern Ireland
Derry City and Strabane,190,Northern Ireland,2019,Northern Ireland
Fermanagh and Omagh,100,Northern Ireland,2019,Northern Ireland
Lisburn and Castlereagh,295,Northern Ireland,2019,Northern Ireland
Mid Ulster,145,Northern Ireland,2019,Northern Ireland
Mid and East Antrim,140,Northern Ireland,2019,Northern Ireland
"Newry, Mourne and Down",225,Northern Ireland,2019,Northern Ireland
Aberdeen City,535,Scotland,2019,Scotland
Aberdeenshire,510,Scotland,2019,Scotland
Angus,110,Scotland,2019,Scotland
Argyll and Bute,135,Scotland,2019,Scotland
City of Edinburgh,3195,Scotland,2019,Scotland
Clackmannanshire,60,Scotland,2019,Scotland
Dumfries and Galloway,135,Scotland,2019,Scotland
Dundee City,195,Scotland,2019,Scotland
East Ayrshire,140,Scotland,2019,Scotland
East Dunbartonshire,355,Scotland,2019,Scotland
East Lothian,320,Scotland,2019,Scotland
East Renfrewshire,300,Scotland,2019,Scotland
Falkirk,280,Scotland,2019,Scotland
Fife,605,Scotland,2019,Scotland
Glasgow City,2250,Scotland,2019,Scotland
Highland,435,Scotland,2019,Scotland
Inverclyde,100,Scotland,2019,Scotland
Midlothian,230,Scotland,2019,Scotland
Moray,105,Scotland,2019,Scotland
Na h-Eileanan Siar,40,Scotland,2019,Scotland
North Ayrshire,145,Scotland,2019,Scotland
North Lanarkshire,390,Scotland,2019,Scotland
Orkney Islands,55,Scotland,2019,Scotland
Perth and Kinross,350,Scotland,2019,Scotland
Renfrewshire,305,Scotland,2019,Scotland
Scottish Borders,255,Scotland,2019,Scotland
Shetland Islands,20,Scotland,2019,Scotland
South Ayrshire,165,Scotland,2019,Scotland
South Lanarkshire,640,Scotland,2019,Scotland
Stirling,325,Scotland,2019,Scotland
West Dunbartonshire,100,Scotland,2019,Scotland
West Lothian,510,Scotland,2019,Scotland
Adur,225,South East,2019,England
Arun,460,South East,2019,England
Ashford,565,South East,2019,England
Basingstoke and Deane,1380,South East,2019,England
Bracknell Forest,845,South East,2019,England
Brighton and Hove,2965,South East,2019,England
Buckinghamshire,4685,South East,2019,England
Canterbury,575,South East,2019,England
Cherwell,710,South East,2019,England
Chichester,725,South East,2019,England
Crawley,400,South East,2019,England
Dartford,540,South East,2019,England
Dover,245,South East,2019,England
East Hampshire,850,South East,2019,England
Eastbourne,300,South East,2019,England
Eastleigh,545,South East,2019,England
Elmbridge,1735,South East,2019,England
Epsom and Ewell,650,South East,2019,England
Fareham,450,South East,2019,England
Folkestone and Hythe,280,South East,2019,England
Gosport,105,South East,2019,England
Gravesham,300,South East,2019,England
Guildford,1235,South East,2019,England
Hart,835,South East,2019,England
Hastings,320,South East,2019,England
Havant,430,South East,2019,England
Horsham,915,South East,2019,England
Isle of Wight,320,South East,2019,England
Lewes,625,South East,2019,England
Maidstone,610,South East,2019,England
Medway,640,South East,2019,England
Mid Sussex,1020,South East,2019,England
Milton Keynes,2585,South East,2019,England
Mole Valley,800,South East,2019,England
New Forest,765,South East,2019,England
Oxford,790,South East,2019,England
Portsmouth,495,South East,2019,England
Reading,1485,South East,2019,England
Reigate and Banstead,1060,South East,2019,England
Rother,400,South East,2019,England
Runnymede,680,South East,2019,England
Rushmoor,480,South East,2019,England
Sevenoaks,850,South East,2019,England
Slough,1265,South East,2019,England
South Oxfordshire,1195,South East,2019,England
Southampton,555,South East,2019,England
Spelthorne,820,South East,2019,England
Surrey Heath,700,South East,2019,England
Swale,370,South East,2019,England
Tandridge,655,South East,2019,England
Test Valley,695,South East,2019,England
Thanet,335,South East,2019,England
Tonbridge and Malling,725,South East,2019,England
Tunbridge Wells,1030,South East,2019,England
Vale of White Horse,690,South East,2019,England
Waverley,1330,South East,2019,England
Wealden,875,South East,2019,England
West Berkshire,1310,South East,2019,England
West Oxfordshire,685,South East,2019,England
Winchester,905,South East,2019,England
Windsor and Maidenhead,1715,South East,2019,England
Woking,990,South East,2019,England
Wokingham,2025,South East,2019,England
Worthing,465,South East,2019,England
Bath and North East Somerset,1225,South West,2019,England
"Bournemouth, Christchurch and Poole",1555,South West,2019,England
"Bristol, City of",2850,South West,2019,England
Cheltenham,810,South West,2019,England
Cornwall,1405,South West,2019,England
Cotswold,615,South West,2019,England
Dorset,1385,South West,2019,England
East Devon,405,South West,2019,England
Exeter,385,South West,2019,England
Forest of Dean,275,South West,2019,England
Gloucester,335,South West,2019,England
Isles of Scilly,0,South West,2019,England
Mid Devon,205,South West,2019,England
North Devon,245,South West,2019,England
North Somerset,845,South West,2019,England
Plymouth,350,South West,2019,England
Somerset,1680,South West,2019,England
South Gloucestershire,1010,South West,2019,England
South Hams,410,South West,2019,England
Stroud,670,South West,2019,England
Swindon,950,South West,2019,England
Teignbridge,380,South West,2019,England
Tewkesbury,470,South West,2019,England
Torbay,245,South West,2019,England
Torridge,125,South West,2019,England
West Devon,170,South West,2019,England
Wiltshire,2285,South West,2019,England
Blaenau Gwent,30,Wales,2019,Wales
Bridgend,210,Wales,2019,Wales
Caerphilly,195,Wales,2019,Wales
Cardiff,1285,Wales,2019,Wales
Carmarthenshire,290,Wales,2019,Wales
Ceredigion,150,Wales,2019,Wales
Conwy,170,Wales,2019,Wales
Denbighshire,150,Wales,2019,Wales
Flintshire,295,Wales,2019,Wales
Gwynedd,225,Wales,2019,Wales
Isle of Anglesey,90,Wales,2019,Wales
Merthyr Tydfil,35,Wales,2019,Wales
Monmouthshire,375,Wales,2019,Wales
Neath Port Talbot,140,Wales,2019,Wales
Newport,305,Wales,2019,Wales
Pembrokeshire,220,Wales,2019,Wales
Powys,305,Wales,2019,Wales
Rhondda Cynon Taf,260,Wales,2019,Wales
Swansea,400,Wales,2019,Wales
Torfaen,100,Wales,2019,Wales
Vale of Glamorgan,410,Wales,2019,Wales
Wrexham,195,Wales,2019,Wales
Birmingham,2935,West Midlands,2019,England
Bromsgrove,425,West Midlands,2019,England
Cannock Chase,150,West Midlands,2019,England
Coventry,985,West Midlands,2019,England
Dudley,555,West Midlands,2019,England
East Staffordshire,295,West Midlands,2019,England
"Herefordshire, County of",605,West Midlands,2019,England
Lichfield,355,West Midlands,2019,England
Malvern Hills,345,West Midlands,2019,England
Newcastle-under-Lyme,210,West Midlands,2019,England
North Warwickshire,165,West Midlands,2019,England
Nuneaton and Bedworth,225,West Midlands,2019,England
Redditch,230,West Midlands,2019,England
Rugby,430,West Midlands,2019,England
Sandwell,420,West Midlands,2019,England
Shropshire,865,West Midlands,2019,England
Solihull,1020,West Midlands,2019,England
South Staffordshire,265,West Midlands,2019,England
Stafford,380,West Midlands,2019,England
Staffordshire Moorlands,155,West Midlands,2019,England
Stoke-on-Trent,275,West Midlands,2019,England
Stratford-on-Avon,740,West Midlands,2019,England
Tamworth,155,West Midlands,2019,England
Telford and Wrekin,440,West Midlands,2019,England
Walsall,325,West Midlands,2019,England
Warwick,1030,West Midlands,2019,England
Wolverhampton,450,West Midlands,2019,England
Worcester,295,West Midlands,2019,England
Wychavon,485,West Midlands,2019,England
Wyre Forest,240,West Midlands,2019,England
Barnsley,380,Yorkshire and the Humber,2019,England
Bradford,1110,Yorkshire and the Humber,2019,England
Calderdale,710,Yorkshire and the Humber,2019,England
Doncaster,385,Yorkshire and the Humber,2019,England
East Riding of Yorkshire,765,Yorkshire and the Humber,2019,England
"Kingston upon Hull, City of",285,Yorkshire and the Humber,2019,England
Kirklees,1020,Yorkshire and the Humber,2019,England
Leeds,3080,Yorkshire and the Humber,2019,England
North East Lincolnshire,160,Yorkshire and the Humber,2019,England
North Lincolnshire,175,Yorkshire and the Humber,2019,England
North Yorkshire,1970,Yorkshire and the Humber,2019,England
Rotherham,425,Yorkshire and the Humber,2019,England
Sheffield,1570,Yorkshire and the Humber,2019,England
Wakefield,590,Yorkshire and the Humber,2019,England
York,745,Yorkshire and the Humber,2019,England
Babergh,315,East of England,2020,England
Basildon,735,East of England,2020,England
Bedford,740,East of England,2020,England
Braintree,600,East of England,2020,England
Breckland,245,East of England,2020,England
Brentwood,540,East of England,2020,England
Broadland,335,East of England,2020,England
Broxbourne,355,East of England,2020,England
Cambridge,905,East of England,2020,England
Castle Point,205,East of England,2020,England
Central Bedfordshire,1350,East of England,2020,England
Chelmsford,990,East of England,2020,England
Colchester,740,East of England,2020,England
Dacorum,1325,East of England,2020,England
East Cambridgeshire,340,East of England,2020,England
East Hertfordshire,980,East of England,2020,England
East Suffolk,680,East of England,2020,England
Epping Forest,840,East of England,2020,England
Fenland,165,East of England,2020,England
Great Yarmouth,90,East of England,2020,England
Harlow,250,East of England,2020,England
Hertsmere,1145,East of England,2020,England
Huntingdonshire,715,East of England,2020,England
Ipswich,370,East of England,2020,England
King's Lynn and West Norfolk,240,East of England,2020,England
Luton,650,East of England,2020,England
Maldon,220,East of England,2020,England
Mid Suffolk,335,East of England,2020,England
North Hertfordshire,990,East of England,2020,England
North Norfolk,235,East of England,2020,England
Norwich,500,East of England,2020,England
Peterborough,565,East of England,2020,England
Rochford,335,East of England,2020,England
South Cambridgeshire,1095,East of England,2020,England
South Norfolk,440,East of England,2020,England
Southend-on-Sea,755,East of England,2020,England
St Albans,1625,East of England,2020,England
Stevenage,385,East of England,2020,England
Tendring,265,East of England,2020,England
Three Rivers,830,East of England,2020,England
Thurrock,485,East of England,2020,England
Uttlesford,595,East of England,2020,England
Watford,835,East of England,2020,England
Welwyn Hatfield,735,East of England,2020,England
West Suffolk,485,East of England,2020,England
Amber Valley,260,East Midlands,2020,England
Ashfield,150,East Midlands,2020,England
Bassetlaw,200,East Midlands,2020,England
Blaby,310,East Midlands,2020,England
Bolsover,90,East Midlands,2020,England
Boston,40,East Midlands,2020,England
Broxtowe,270,East Midlands,2020,England
Charnwood,510,East Midlands,2020,England
Chesterfield,215,East Midlands,2020,England
Derby,625,East Midlands,2020,England
Derbyshire Dales,290,East Midlands,2020,England
East Lindsey,195,East Midlands,2020,England
Erewash,270,East Midlands,2020,England
Gedling,265,East Midlands,2020,England
Harborough,410,East Midlands,2020,England
High Peak,325,East Midlands,2020,England
Hinckley and Bosworth,340,East Midlands,2020,England
Leicester,945,East Midlands,2020,England
Lincoln,170,East Midlands,2020,England
Mansfield,130,East Midlands,2020,England
Melton,140,East Midlands,2020,England
Newark and Sherwood,330,East Midlands,2020,England
North East Derbyshire,195,East Midlands,2020,England
North Kesteven,225,East Midlands,2020,England
North Northamptonshire,930,East Midlands,2020,England
North West Leicestershire,290,East Midlands,2020,England
Nottingham,795,East Midlands,2020,England
Oadby and Wigston,165,East Midlands,2020,England
Rushcliffe,565,East Midlands,2020,England
Rutland,155,East Midlands,2020,England
South Derbyshire,245,East Midlands,2020,England
South Holland,125,East Midlands,2020,England
South Kesteven,475,East Midlands,2020,England
West Lindsey,180,East Midlands,2020,England
West Northamptonshire,1690,East Midlands,2020,England
Barking and Dagenham,640,London,2020,England
Barnet,3460,London,2020,England
Bexley,1185,London,2020,England
Brent,2420,London,2020,England
Bromley,2760,London,2020,England
Camden,7720,London,2020,England
City of London,2685,London,2020,England
Croydon,2430,London,2020,England
Ealing,2940,London,2020,England
Enfield,1660,London,2020,England
Greenwich,2005,London,2020,England
Hackney,7145,London,2020,England
Hammersmith and Fulham,2825,London,2020,England
Haringey,2815,London,2020,England
Harrow,2400,London,2020,England
Havering,910,London,2020,England
Hillingdon,1905,London,2020,England
Hounslow,2945,London,2020,England
Islington,6000,London,2020,England
Kensington and Chelsea,2570,London,2020,England
Kingston upon Thames,1775,London,2020,England
Lambeth,3645,London,2020,England
Lewisham,2485,London,2020,England
Merton,2015,London,2020,England
Newham,1755,London,2020,England
Redbridge,2290,London,2020,England
Richmond upon Thames,3340,London,2020,England
Southwark,4400,London,2020,England
Sutton,1445,London,2020,England
Tower Hamlets,4315,London,2020,England
Waltham Forest,2030,London,2020,England
Wandsworth,3820,London,2020,England
Westminster,9080,London,2020,England
County Durham,650,North East,2020,England
Darlington,210,North East,2020,England
Gateshead,370,North East,2020,England
Hartlepool,90,North East,2020,England
Middlesbrough,175,North East,2020,England
Newcastle upon Tyne,915,North East,2020,England
North Tyneside,485,North East,2020,England
Northumberland,595,North East,2020,England
Redcar and Cleveland,125,North East,2020,England
South Tyneside,195,North East,2020,England
Stockton-on-Tees,325,North East,2020,England
Sunderland,320,North East,2020,England
Blackburn with Darwen,205,North West,2020,England
Blackpool,235,North West,2020,England
Bolton,555,North West,2020,England
Burnley,110,North West,2020,England
Bury,525,North West,2020,England
Cheshire East,1910,North West,2020,England
Cheshire West and Chester,1285,North West,2020,England
Chorley,330,North West,2020,England
Cumberland,390,North West,2020,England
Fylde,350,North West,2020,England
Halton,200,North West,2020,England
Hyndburn,65,North West,2020,England
Knowsley,145,North West,2020,England
Lancaster,280,North West,2020,England
Liverpool,1190,North West,2020,England
Manchester,2680,North West,2020,England
Oldham,410,North West,2020,England
Pendle,135,North West,2020,England
Preston,330,North West,2020,England
Ribble Valley,200,North West,2020,England
Rochdale,330,North West,2020,England
Rossendale,145,North West,2020,England
Salford,795,North West,2020,England
Sefton,500,North West,2020,England
South Ribble,270,North West,2020,England
St. Helens,260,North West,2020,England
Stockport,1215,North West,2020,England
Tameside,390,North West,2020,England
Trafford,1520,North West,2020,England
Warrington,795,North West,2020,England
West Lancashire,225,North West,2020,England
Westmorland and Furness,560,North West,2020,England
Wigan,500,North West,2020,England
Wirral,655,North West,2020,England
Wyre,250,North West,2020,England
Antrim and Newtownabbey,175,Northern Ireland,2020,Northern Ireland
Ards and North Down,310,Northern Ireland,2020,Northern Ireland
"Armagh City, Banbridge and Craigavon",210,Northern Ireland,2020,Northern Ireland
Belfast,1110,Northern Ireland,2020,Northern Ireland
Causeway Coast and Glens,130,Northern Ireland,2020,Northern Ireland
Derry City and Strabane,200,Northern Ireland,2020,Northern Ireland
Fermanagh and Omagh,100,Northern Ireland,2020,Northern Ireland
Lisburn and Castlereagh,290,Northern Ireland,2020,Northern Ireland
Mid Ulster,145,Northern Ireland,2020,Northern Ireland
Mid and East Antrim,135,Northern Ireland,2020,Northern Ireland
"Newry, Mourne and Down",225,Northern Ireland,2020,Northern Ireland
Aberdeen City,515,Scotland,2020,Scotland
Aberdeenshire,510,Scotland,2020,Scotland
Angus,130,Scotland,2020,Scotland
Argyll and Bute,155,Scotland,2020,Scotland
City of Edinburgh,3200,Scotland,2020,Scotland
Clackmannanshire,70,Scotland,2020,Scotland
Dumfries and Galloway,150,Scotland,2020,Scotland
Dundee City,205,Scotland,2020,Scotland
East Ayrshire,145,Scotland,2020,Scotland
East Dunbartonshire,350,Scotland,2020,Scotland
East Lothian,340,Scotland,2020,Scotland
East Renfrewshire,305,Scotland,2020,Scotland
Falkirk,275,Scotland,2020,Scotland
Fife,615,Scotland,2020,Scotland
Glasgow City,2270,Scotland,2020,Scotland
Highland,415,Scotland,2020,Scotland
Inverclyde,90,Scotland,2020,Scotland
Midlothian,215,Scotland,2020,Scotland
Moray,110,Scotland,2020,Scotland
Na h-Eileanan Siar,40,Scotland,2020,Scotland
North Ayrshire,140,Scotland,2020,Scotland
North Lanarkshire,405,Scotland,2020,Scotland
Orkney Islands,50,Scotland,2020,Scotland
Perth and Kinross,345,Scotland,2020,Scotland
Renfrewshire,315,Scotland,2020,Scotland
Scottish Borders,245,Scotland,2020,Scotland
Shetland Islands,25,Scotland,2020,Scotland
South Ayrshire,175,Scotland,2020,Scotland
South Lanarkshire,610,Scotland,2020,Scotland
Stirling,325,Scotland,2020,Scotland
West Dunbartonshire,95,Scotland,2020,Scotland
West Lothian,485,Scotland,2020,Scotland
Adur,225,South East,2020,England
Arun,450,South East,2020,England
Ashford,580,South East,2020,England
Basingstoke and Deane,1320,South East,2020,England
Bracknell Forest,830,South East,2020,England
Brighton and Hove,2925,South East,2020,England
Buckinghamshire,4685,South East,2020,England
Canterbury,585,South East,2020,England
Cherwell,715,South East,2020,England
Chichester,700,South East,2020,England
Crawley,385,South East,2020,England
Dartford,565,South East,2020,England
Dover,250,South East,2020,England
East Hampshire,850,South East,2020,England
Eastbourne,295,South East,2020,England
Eastleigh,545,South East,2020,England
Elmbridge,1690,South East,2020,England
Epsom and Ewell,670,South East,2020,England
Fareham,475,South East,2020,England
Folkestone and Hythe,285,South East,2020,England
Gosport,115,South East,2020,England
Gravesham,300,South East,2020,England
Guildford,1240,South East,2020,England
Hart,835,South East,2020,England
Hastings,350,South East,2020,England
Havant,395,South East,2020,England
Horsham,910,South East,2020,England
Isle of Wight,315,South East,2020,England
Lewes,600,South East,2020,England
Maidstone,620,South East,2020,England
Medway,650,South East,2020,England
Mid Sussex,1035,South East,2020,England
Milton Keynes,2565,South East,2020,England
Mole Valley,795,South East,2020,England
New Forest,740,South East,2020,England
Oxford,795,South East,2020,England
Portsmouth,515,South East,2020,England
Reading,1515,South East,2020,England
Reigate and Banstead,1050,South East,2020,England
Rother,390,South East,2020,England
Runnymede,650,South East,2020,England
Rushmoor,470,South East,2020,England
Sevenoaks,835,South East,2020,England
Slough,1265,South East,2020,England
South Oxfordshire,1185,South East,2020,England
Southampton,555,South East,2020,England
Spelthorne,810,South East,2020,England
Surrey Heath,675,South East,2020,England
Swale,335,South East,2020,England
Tandridge,625,South East,2020,England
Test Valley,665,South East,2020,England
Thanet,390,South East,2020,England
Tonbridge and Malling,740,South East,2020,England
Tunbridge Wells,975,South East,2020,England
Vale of White Horse,705,South East,2020,England
Waverley,1320,South East,2020,England
Wealden,890,South East,2020,England
West Berkshire,1310,South East,2020,England
West Oxfordshire,695,South East,2020,England
Winchester,910,South East,2020,England
Windsor and Maidenhead,1685,South East,2020,England
Woking,960,South East,2020,England
Wokingham,2100,South East,2020,England
Worthing,505,South East,2020,England
Bath and North East Somerset,1245,South West,2020,England
"Bournemouth, Christchurch and Poole",1520,South West,2020,England
"Bristol, City of",2920,South West,2020,England
Cheltenham,795,South West,2020,England
Cornwall,1410,South West,2020,England
Cotswold,610,South West,2020,England
Dorset,1365,South West,2020,England
East Devon,410,South West,2020,England
Exeter,405,South West,2020,England
Forest of Dean,270,South West,2020,England
Gloucester,345,South West,2020,England
Isles of Scilly,0,South West,2020,England
Mid Devon,195,South West,2020,England
North Devon,245,South West,2020,England
North Somerset,890,South West,2020,England
Plymouth,350,South West,2020,England
Somerset,1710,South West,2020,England
South Gloucestershire,1015,South West,2020,England
South Hams,375,South West,2020,England
Stroud,700,South West,2020,England
Swindon,930,South West,2020,England
Teignbridge,370,South West,2020,England
Tewkesbury,475,South West,2020,England
Torbay,235,South West,2020,England
Torridge,105,South West,2020,England
West Devon,165,South West,2020,England
Wiltshire,2285,South West,2020,England
Blaenau Gwent,25,Wales,2020,Wales
Bridgend,205,Wales,2020,Wales
Caerphilly,195,Wales,2020,Wales
Cardiff,1340,Wales,2020,Wales
Carmarthenshire,280,Wales,2020,Wales
Ceredigion,130,Wales,2020,Wales
Conwy,165,Wales,2020,Wales
Denbighshire,145,Wales,2020,Wales
Flintshire,305,Wales,2020,Wales
Gwynedd,205,Wales,2020,Wales
Isle of Anglesey,90,Wales,2020,Wales
Merthyr Tydfil,40,Wales,2020,Wales
Monmouthshire,375,Wales,2020,Wales
Neath Port Talbot,140,Wales,2020,Wales
Newport,300,Wales,2020,Wales
Pembrokeshire,220,Wales,2020,Wales
Powys,300,Wales,2020,Wales
Rhondda Cynon Taf,270,Wales,2020,Wales
Swansea,415,Wales,2020,Wales
Torfaen,110,Wales,2020,Wales
Vale of Glamorgan,400,Wales,2020,Wales
Wrexham,195,Wales,2020,Wales
Birmingham,2960,West Midlands,2020,England
Bromsgrove,420,West Midlands,2020,England
Cannock Chase,165,West Midlands,2020,England
Coventry,980,West Midlands,2020,England
Dudley,550,West Midlands,2020,England
East Staffordshire,295,West Midlands,2020,England
"Herefordshire, County of",605,West Midlands,2020,England
Lichfield,355,West Midlands,2020,England
Malvern Hills,345,West Midlands,2020,England
Newcastle-under-Lyme,220,West Midlands,2020,England
North Warwickshire,170,West Midlands,2020,England
Nuneaton and Bedworth,235,West Midlands,2020,England
Redditch,225,West Midlands,2020,England
Rugby,420,West Midlands,2020,England
Sandwell,430,West Midlands,2020,England
Shropshire,885,West Midlands,2020,England
Solihull,1005,West Midlands,2020,England
South Staffordshire,255,West Midlands,2020,England
Stafford,360,West Midlands,2020,England
Staffordshire Moorlands,165,West Midlands,2020,England
Stoke-on-Trent,295,West Midlands,2020,England
Stratford-on-Avon,760,West Midlands,2020,England
Tamworth,155,West Midlands,2020,England
Telford and Wrekin,455,West Midlands,2020,England
Walsall,360,West Midlands,2020,England
Warwick,985,West Midlands,2020,England
Wolverhampton,465,West Midlands,2020,England
Worcester,285,West Midlands,2020,England
Wychavon,480,West Midlands,2020,England
Wyre Forest,220,West Midlands,2020,England
Barnsley,380,Yorkshire and the Humber,2020,England
Bradford,1105,Yorkshire and the Humber,2020,England
Calderdale,735,Yorkshire and the Humber,2020,England
Doncaster,385,Yorkshire and the Humber,2020,England
East Riding of Yorkshire,760,Yorkshire and the Humber,2020,England
"Kingston upon Hull, City of",280,Yorkshire and the Humber,2020,England
Kirklees,1010,Yorkshire and the Humber,2020,England
Leeds,3180,Yorkshire and the Humber,2020,England
North East Lincolnshire,155,Yorkshire and the Humber,2020,England
North Lincolnshire,195,Yorkshire and the Humber,2020,England
North Yorkshire,1960,Yorkshire and the Humber,2020,England
Rotherham,430,Yorkshire and the Humber,2020,England
Sheffield,1570,Yorkshire and the Humber,2020,England
Wakefield,585,Yorkshire and the Humber,2020,England
York,750,Yorkshire and the Humber,2020,England
Babergh,315,East of England,2021,England
Basildon,650,East of England,2021,England
Bedford,725,East of England,2021,England
Braintree,565,East of England,2021,England
Breckland,245,East of England,2021,England
Brentwood,515,East of England,2021,England
Broadland,325,East of England,2021,England
Broxbourne,315,East of England,2021,England
Cambridge,890,East of England,2021,England
Castle Point,185,East of England,2021,England
Central Bedfordshire,1280,East of England,2021,England
Chelmsford,920,East of England,2021,England
Colchester,705,East of England,2021,England
Dacorum,1305,East of England,2021,England
East Cambridgeshire,315,East of England,2021,England
East Hertfordshire,895,East of England,2021,England
East Suffolk,675,East of England,2021,England
Epping Forest,755,East of England,2021,England
Fenland,145,East of England,2021,England
Great Yarmouth,90,East of England,2021,England
Harlow,245,East of England,2021,England
Hertsmere,1060,East of England,2021,England
Huntingdonshire,695,East of England,2021,England
Ipswich,345,East of England,2021,England
King's Lynn and West Norfolk,255,East of England,2021,England
Luton,605,East of England,2021,England
Maldon,210,East of England,2021,England
Mid Suffolk,375,East of England,2021,England
North Hertfordshire,920,East of England,2021,England
North Norfolk,230,East of England,2021,England
Norwich,530,East of England,2021,England
Peterborough,555,East of England,2021,England
Rochford,310,East of England,2021,England
South Cambridgeshire,1040,East of England,2021,England
South Norfolk,420,East of England,2021,England
Southend-on-Sea,715,East of England,2021,England
St Albans,1550,East of England,2021,England
Stevenage,340,East of England,2021,England
Tendring,240,East of England,2021,England
Three Rivers,810,East of England,2021,England
Thurrock,435,East of England,2021,England
Uttlesford,585,East of England,2021,England
Watford,790,East of England,2021,England
Welwyn Hatfield,685,East of England,2021,England
West Suffolk,490,East of England,2021,England
Amber Valley,265,East Midlands,2021,England
Ashfield,150,East Midlands,2021,England
Bassetlaw,205,East Midlands,2021,England
Blaby,295,East Midlands,2021,England
Bolsover,85,East Midlands,2021,England
Boston,60,East Midlands,2021,England
Broxtowe,280,East Midlands,2021,England
Charnwood,510,East Midlands,2021,England
Chesterfield,235,East Midlands,2021,England
Derby,605,East Midlands,2021,England
Derbyshire Dales,270,East Midlands,2021,England
East Lindsey,185,East Midlands,2021,England
Erewash,245,East Midlands,2021,England
Gedling,260,East Midlands,2021,England
Harborough,400,East Midlands,2021,England
High Peak,310,East Midlands,2021,England
Hinckley and Bosworth,325,East Midlands,2021,England
Leicester,910,East Midlands,2021,England
Lincoln,160,East Midlands,2021,England
Mansfield,110,East Midlands,2021,England
Melton,145,East Midlands,2021,England
Newark and Sherwood,340,East Midlands,2021,England
North East Derbyshire,175,East Midlands,2021,England
North Kesteven,195,East Midlands,2021,England
North Northamptonshire,885,East Midlands,2021,England
North West Leicestershire,290,East Midlands,2021,England
Nottingham,780,East Midlands,2021,England
Oadby and Wigston,170,East Midlands,2021,England
Rushcliffe,550,East Midlands,2021,England
Rutland,165,East Midlands,2021,England
South Derbyshire,235,East Midlands,2021,England
South Holland,130,East Midlands,2021,England
South Kesteven,490,East Midlands,2021,England
West Lindsey,165,East Midlands,2021,England
West Northamptonshire,1635,East Midlands,2021,England
Barking and Dagenham,580,London,2021,England
Barnet,3320,London,2021,England
Bexley,1075,London,2021,England
Brent,2280,London,2021,England
Bromley,2525,London,2021,England
Camden,7730,London,2021,England
City of London,2735,London,2021,England
Croydon,2270,London,2021,England
Ealing,2785,London,2021,England
Enfield,1635,London,2021,England
Greenwich,1845,London,2021,England
Hackney,7115,London,2021,England
Hammersmith and Fulham,2710,London,2021,England
Haringey,2715,London,2021,England
Harrow,2240,London,2021,England
Havering,870,London,2021,England
Hillingdon,1835,London,2021,England
Hounslow,2680,London,2021,England
Islington,5850,London,2021,England
Kensington and Chelsea,2535,London,2021,England
Kingston upon Thames,1650,London,2021,England
Lambeth,3445,London,2021,England
Lewisham,2350,London,2021,England
Merton,1875,London,2021,England
Newham,1670,London,2021,England
Redbridge,2100,London,2021,England
Richmond upon Thames,3155,London,2021,England
Southwark,4205,London,2021,England
Sutton,1375,London,2021,England
Tower Hamlets,3980,London,2021,England
Waltham Forest,2025,London,2021,England
Wandsworth,3550,London,2021,England
Westminster,9050,London,2021,England
County Durham,650,North East,2021,England
Darlington,210,North East,2021,England
Gateshead,400,North East,2021,England
Hartlepool,105,North East,2021,England
Middlesbrough,185,North East,2021,England
Newcastle upon Tyne,915,North East,2021,England
North Tyneside,470,North East,2021,England
Northumberland,605,North East,2021,England
Redcar and Cleveland,105,North East,2021,England
South Tyneside,185,North East,2021,England
Stockton-on-Tees,310,North East,2021,England
Sunderland,290,North East,2021,England
Blackburn with Darwen,225,North West,2021,England
Blackpool,230,North West,2021,England
Bolton,530,North West,2021,England
Burnley,110,North West,2021,England
Bury,525,North West,2021,England
Cheshire East,1850,North West,2021,England
Cheshire West and Chester,1205,North West,2021,England
Chorley,345,North West,2021,England
Cumberland,405,North West,2021,England
Fylde,295,North West,2021,England
Halton,195,North West,2021,England
Hyndburn,60,North West,2021,England
Knowsley,130,North West,2021,England
Lancaster,270,North West,2021,England
Liverpool,1180,North West,2021,England
Manchester,2665,North West,2021,England
Oldham,390,North West,2021,England
Pendle,140,North West,2021,England
Preston,320,North West,2021,England
Ribble Valley,175,North West,2021,England
Rochdale,315,North West,2021,England
Rossendale,150,North West,2021,England
Salford,800,North West,2021,England
Sefton,515,North West,2021,England
South Ribble,270,North West,2021,England
St. Helens,270,North West,2021,England
Stockport,1180,North West,2021,England
Tameside,365,North West,2021,England
Trafford,1460,North West,2021,England
Warrington,720,North West,2021,England
West Lancashire,215,North West,2021,England
Westmorland and Furness,550,North West,2021,England
Wigan,505,North West,2021,England
Wirral,645,North West,2021,England
Wyre,240,North West,2021,England
Antrim and Newtownabbey,185,Northern Ireland,2021,Northern Ireland
Ards and North Down,295,Northern Ireland,2021,Northern Ireland
"Armagh City, Banbridge and Craigavon",235,Northern Ireland,2021,Northern Ireland
Belfast,1150,Northern Ireland,2021,Northern Ireland
Causeway Coast and Glens,135,Northern Ireland,2021,Northern Ireland
Derry City and Strabane,190,Northern Ireland,2021,Northern Ireland
Fermanagh and Omagh,100,Northern Ireland,2021,Northern Ireland
Lisburn and Castlereagh,275,Northern Ireland,2021,Northern Ireland
Mid Ulster,145,Northern Ireland,2021,Northern Ireland
Mid and East Antrim,160,Northern Ireland,2021,Northern Ireland
"Newry, Mourne and Down",230,Northern Ireland,2021,Northern Ireland
Aberdeen City,515,Scotland,2021,Scotland
Aberdeenshire,485,Scotland,2021,Scotland
Angus,130,Scotland,2021,Scotland
Argyll and Bute,150,Scotland,2021,Scotland
City of Edinburgh,2805,Scotland,2021,Scotland
Clackmannanshire,50,Scotland,2021,Scotland
Dumfries and Galloway,135,Scotland,2021,Scotland
Dundee City,215,Scotland,2021,Scotland
East Ayrshire,125,Scotland,2021,Scotland
East Dunbartonshire,315,Scotland,2021,Scotland
East Lothian,320,Scotland,2021,Scotland
East Renfrewshire,300,Scotland,2021,Scotland
Falkirk,230,Scotland,2021,Scotland
Fife,560,Scotland,2021,Scotland
Glasgow City,2115,Scotland,2021,Scotland
Highland,415,Scotland,2021,Scotland
Inverclyde,95,Scotland,2021,Scotland
Midlothian,180,Scotland,2021,Scotland
Moray,95,Scotland,2021,Scotland
Na h-Eileanan Siar,35,Scotland,2021,Scotland
North Ayrshire,130,Scotland,2021,Scotland
North Lanarkshire,345,Scotland,2021,Scotland
Orkney Islands,50,Scotland,2021,Scotland
Perth and Kinross,330,Scotland,2021,Scotland
Renfrewshire,315,Scotland,2021,Scotland
Scottish Borders,235,Scotland,2021,Scotland
Shetland Islands,35,Scotland,2021,Scotland
South Ayrshire,165,Scotland,2021,Scotland
South Lanarkshire,560,Scotland,2021,Scotland
Stirling,300,Scotland,2021,Scotland
West Dunbartonshire,75,Scotland,2021,Scotland
West Lothian,410,Scotland,2021,Scotland
Adur,225,South East,2021,England
Arun,455,South East,2021,England
Ashford,560,South East,2021,England
Basingstoke and Deane,1190,South East,2021,England
Bracknell Forest,770,South East,2021,England
Brighton and Hove,2830,South East,2021,England
Buckinghamshire,4565,South East,2021,England
Canterbury,575,South East,2021,England
Cherwell,725,South East,2021,England
Chichester,675,South East,2021,England
Crawley,330,South East,2021,England
Dartford,520,South East,2021,England
Dover,255,South East,2021,England
East Hampshire,815,South East,2021,England
Eastbourne,295,South East,2021,England
Eastleigh,515,South East,2021,England
Elmbridge,1640,South East,2021,England
Epsom and Ewell,595,South East,2021,England
Fareham,450,South East,2021,England
Folkestone and Hythe,305,South East,2021,England
Gosport,115,South East,2021,England
Gravesham,295,South East,2021,England
Guildford,1170,South East,2021,England
Hart,800,South East,2021,England
Hastings,340,South East,2021,England
Havant,405,South East,2021,England
Horsham,900,South East,2021,England
Isle of Wight,315,South East,2021,England
Lewes,595,South East,2021,England
Maidstone,595,South East,2021,England
Medway,645,South East,2021,England
Mid Sussex,975,South East,2021,England
Milton Keynes,2265,South East,2021,England
Mole Valley,755,South East,2021,England
New Forest,725,South East,2021,England
Oxford,775,South East,2021,England
Portsmouth,475,South East,2021,England
Reading,1370,South East,2021,England
Reigate and Banstead,965,South East,2021,England
Rother,370,South East,2021,England
Runnymede,580,South East,2021,England
Rushmoor,440,South East,2021,England
Sevenoaks,795,South East,2021,England
Slough,1185,South East,2021,England
South Oxfordshire,1105,South East,2021,England
Southampton,515,South East,2021,England
Spelthorne,740,South East,2021,England
Surrey Heath,645,South East,2021,England
Swale,330,South East,2021,England
Tandridge,600,South East,2021,England
Test Valley,635,South East,2021,England
Thanet,410,South East,2021,England
Tonbridge and Malling,690,South East,2021,England
Tunbridge Wells,955,South East,2021,England
Vale of White Horse,685,South East,2021,England
Waverley,1275,South East,2021,England
Wealden,865,South East,2021,England
West Berkshire,1260,South East,2021,England
West Oxfordshire,700,South East,2021,England
Winchester,910,South East,2021,England
Windsor and Maidenhead,1620,South East,2021,England
Woking,895,South East,2021,England
Wokingham,1965,South East,2021,England
Worthing,485,South East,2021,England
Bath and North East Somerset,1230,South West,2021,England
"Bournemouth, Christchurch and Poole",1490,South West,2021,England
"Bristol, City of",2850,South West,2021,England
Cheltenham,720,South West,2021,England
Cornwall,1395,South West,2021,England
Cotswold,610,South West,2021,England
Dorset,1350,South West,2021,England
East Devon,400,South West,2021,England
Exeter,410,South West,2021,England
Forest of Dean,265,South West,2021,England
Gloucester,330,South West,2021,England
Isles of Scilly,0,South West,2021,England
Mid Devon,205,South West,2021,England
North Devon,255,South West,2021,England
North Somerset,835,South West,2021,England
Plymouth,335,South West,2021,England
Somerset,1745,South West,2021,England
South Gloucestershire,965,South West,2021,England
South Hams,365,South West,2021,England
Stroud,650,South West,2021,England
Swindon,845,South West,2021,England
Teignbridge,365,South West,2021,England
Tewkesbury,440,South West,2021,England
Torbay,230,South West,2021,England
Torridge,110,South West,2021,England
West Devon,155,South West,2021,England
Wiltshire,2190,South West,2021,England
Blaenau Gwent,40,Wales,2021,Wales
Bridgend,185,Wales,2021,Wales
Caerphilly,190,Wales,2021,Wales
Cardiff,1315,Wales,2021,Wales
Carmarthenshire,290,Wales,2021,Wales
Ceredigion,125,Wales,2021,Wales
Conwy,170,Wales,2021,Wales
Denbighshire,140,Wales,2021,Wales
Flintshire,305,Wales,2021,Wales
Gwynedd,220,Wales,2021,Wales
Isle of Anglesey,95,Wales,2021,Wales
Merthyr Tydfil,45,Wales,2021,Wales
Monmouthshire,360,Wales,2021,Wales
Neath Port Talbot,145,Wales,2021,Wales
Newport,275,Wales,2021,Wales
Pembrokeshire,220,Wales,2021,Wales
Powys,310,Wales,2021,Wales
Rhondda Cynon Taf,265,Wales,2021,Wales
Swansea,400,Wales,2021,Wales
Torfaen,95,Wales,2021,Wales
Vale of Glamorgan,410,Wales,2021,Wales
Wrexham,190,Wales,2021,Wales
Birmingham,2860,West Midlands,2021,England
Bromsgrove,430,West Midlands,2021,England
Cannock Chase,155,West Midlands,2021,England
Coventry,880,West Midlands,2021,England
Dudley,540,West Midlands,2021,England
East Staffordshire,285,West Midlands,2021,England
"Herefordshire, County of",645,West Midlands,2021,England
Lichfield,370,West Midlands,2021,England
Malvern Hills,330,West Midlands,2021,England
Newcastle-under-Lyme,225,West Midlands,2021,England
North Warwickshire,160,West Midlands,2021,England
Nuneaton and Bedworth,220,West Midlands,2021,England
Redditch,205,West Midlands,2021,England
Rugby,420,West Midlands,2021,England
Sandwell,410,West Midlands,2021,England
Shropshire,880,West Midlands,2021,England
Solihull,950,West Midlands,2021,England
South Staffordshire,225,West Midlands,2021,England
Stafford,360,West Midlands,2021,England
Staffordshire Moorlands,155,West Midlands,2021,England
Stoke-on-Trent,300,West Midlands,2021,England
Stratford-on-Avon,745,West Midlands,2021,England
Tamworth,150,West Midlands,2021,England
Telford and Wrekin,480,West Midlands,2021,England
Walsall,355,West Midlands,2021,England
Warwick,960,West Midlands,2021,England
Wolverhampton,455,West Midlands,2021,England
Worcester,275,West Midlands,2021,England
Wychavon,485,West Midlands,2021,England
Wyre Forest,210,West Midlands,2021,England
Barnsley,365,Yorkshire and the Humber,2021,England
Bradford,1050,Yorkshire and the Humber,2021,England
Calderdale,660,Yorkshire and the Humber,2021,England
Doncaster,385,Yorkshire and the Humber,2021,England
East Riding of Yorkshire,765,Yorkshire and the Humber,2021,England
"Kingston upon Hull, City of",275,Yorkshire and the Humber,2021,England
Kirklees,970,Yorkshire and the Humber,2021,England
Leeds,3085,Yorkshire and the Humber,2021,England
North East Lincolnshire,140,Yorkshire and the Humber,2021,England
North Lincolnshire,175,Yorkshire and the Humber,2021,England
North Yorkshire,1925,Yorkshire and the Humber,2021,England
Rotherham,425,Yorkshire and the Humber,2021,England
Sheffield,1545,Yorkshire and the Humber,2021,England
Wakefield,555,Yorkshire and the Humber,2021,England
York,715,Yorkshire and the Humber,2021,England
Babergh,320,East of England,2022,England
Basildon,525,East of England,2022,England
Bedford,675,East of England,2022,England
Braintree,550,East of England,2022,England
Breckland,235,East of England,2022,England
Brentwood,460,East of England,2022,England
Broadland,335,East of England,2022,England
Broxbourne,285,East of England,2022,England
Cambridge,840,East of England,2022,England
Castle Point,180,East of England,2022,England
Central Bedfordshire,1210,East of England,2022,England
Chelmsford,865,East of England,2022,England
Colchester,690,East of England,2022,England
Dacorum,1195,East of England,2022,England
East Cambridgeshire,310,East of England,2022,England
East Hertfordshire,885,East of England,2022,England
East Suffolk,665,East of England,2022,England
Epping Forest,725,East of England,2022,England
Fenland,140,East of England,2022,England
Great Yarmouth,85,East of England,2022,England
Harlow,230,East of England,2022,England
Hertsmere,1000,East of England,2022,England
Huntingdonshire,670,East of England,2022,England
Ipswich,325,East of England,2022,England
King's Lynn and West Norfolk,255,East of England,2022,England
Luton,565,East of England,2022,England
Maldon,215,East of England,2022,England
Mid Suffolk,365,East of England,2022,England
North Hertfordshire,845,East of England,2022,England
North Norfolk,240,East of England,2022,England
Norwich,505,East of England,2022,England
Peterborough,520,East of England,2022,England
Rochford,300,East of England,2022,England
South Cambridgeshire,1015,East of England,2022,England
South Norfolk,415,East of England,2022,England
Southend-on-Sea,680,East of England,2022,England
St Albans,1420,East of England,2022,England
Stevenage,310,East of England,2022,England
Tendring,235,East of England,2022,England
Three Rivers,730,East of England,2022,England
Thurrock,360,East of England,2022,England
Uttlesford,575,East of England,2022,England
Watford,720,East of England,2022,England
Welwyn Hatfield,640,East of England,2022,England
West Suffolk,490,East of England,2022,England
Amber Valley,250,East Midlands,2022,England
Ashfield,135,East Midlands,2022,England
Bassetlaw,190,East Midlands,2022,England
Blaby,265,East Midlands,2022,England
Bolsover,90,East Midlands,2022,England
Boston,55,East Midlands,2022,England
Broxtowe,255,East Midlands,2022,England
Charnwood,490,East Midlands,2022,England
Chesterfield,210,East Midlands,2022,England
Derby,565,East Midlands,2022,England
Derbyshire Dales,260,East Midlands,2022,England
East Lindsey,175,East Midlands,2022,England
Erewash,220,East Midlands,2022,England
Gedling,225,East Midlands,2022,England
Harborough,380,East Midlands,2022,England
High Peak,285,East Midlands,2022,England
Hinckley and Bosworth,290,East Midlands,2022,England
Leicester,835,East Midlands,2022,England
Lincoln,150,East Midlands,2022,England
Mansfield,115,East Midlands,2022,England
Melton,140,East Midlands,2022,England
Newark and Sherwood,315,East Midlands,2022,England
North East Derbyshire,165,East Midlands,2022,England
North Kesteven,195,East Midlands,2022,England
North Northamptonshire,830,East Midlands,2022,England
North West Leicestershire,280,East Midlands,2022,England
Nottingham,755,East Midlands,2022,England
Oadby and Wigston,150,East Midlands,2022,England
Rushcliffe,540,East Midlands,2022,England
Rutland,150,East Midlands,2022,England
South Derbyshire,220,East Midlands,2022,England
South Holland,140,East Midlands,2022,England
South Kesteven,460,East Midlands,2022,England
West Lindsey,155,East Midlands,2022,England
West Northamptonshire,1500,East Midlands,2022,England
Barking and Dagenham,530,London,2022,England
Barnet,3185,London,2022,England
Bexley,905,London,2022,England
Brent,2035,London,2022,England
Bromley,2180,London,2022,England
Camden,7795,London,2022,England
City of London,2680,London,2022,England
Croydon,2025,London,2022,England
Ealing,2570,London,2022,England
Enfield,1585,London,2022,England
Greenwich,1620,London,2022,England
Hackney,7175,London,2022,England
Hammersmith and Fulham,2600,London,2022,England
Haringey,2680,London,2022,England
Harrow,1885,London,2022,England
Havering,755,London,2022,England
Hillingdon,1595,London,2022,England
Hounslow,2365,London,2022,England
Islington,5805,London,2022,England
Kensington and Chelsea,2460,London,2022,England
Kingston upon Thames,1475,London,2022,England
Lambeth,3195,London,2022,England
Lewisham,2235,London,2022,England
Merton,1660,London,2022,England
Newham,1655,London,2022,England
Redbridge,1795,London,2022,England
Richmond upon Thames,2945,London,2022,England
Southwark,3995,London,2022,England
Sutton,1245,London,2022,England
Tower Hamlets,3705,London,2022,England
Waltham Forest,1990,London,2022,England
Wandsworth,3225,London,2022,England
Westminster,9310,London,2022,England
County Durham,610,North East,2022,England
Darlington,200,North East,2022,England
Gateshead,395,North East,2022,England
Hartlepool,105,North East,2022,England
Middlesbrough,175,North East,2022,England
Newcastle upon Tyne,890,North East,2022,England
North Tyneside,440,North East,2022,England
Northumberland,605,North East,2022,England
Redcar and Cleveland,125,North East,2022,England
South Tyneside,175,North East,2022,England
Stockton-on-Tees,300,North East,2022,England
Sunderland,270,North East,2022,England
Blackburn with Darwen,215,North West,2022,England
Blackpool,195,North West,2022,England
Bolton,495,North West,2022,England
Burnley,90,North West,2022,England
Bury,515,North West,2022,England
Cheshire East,1795,North West,2022,England
Cheshire West and Chester,1120,North West,2022,England
Chorley,305,North West,2022,England
Cumberland,345,North West,2022,England
Fylde,295,North West,2022,England
Halton,170,North West,2022,England
Hyndburn,60,North West,2022,England
Knowsley,135,North West,2022,England
Lancaster,275,North West,2022,England
Liverpool,1210,North West,2022,England
Manchester,2570,North West,2022,England
Oldham,385,North West,2022,England
Pendle,145,North West,2022,England
Preston,310,North West,2022,England
Ribble Valley,190,North West,2022,England
Rochdale,305,North West,2022,England
Rossendale,145,North West,2022,England
Salford,810,North West,2022,England
Sefton,505,North West,2022,England
South Ribble,240,North West,2022,England
St. Helens,245,North West,2022,England
Stockport,1165,North West,2022,England
Tameside,365,North West,2022,England
Trafford,1380,North West,2022,England
Warrington,640,North West,2022,England
West Lancashire,195,North West,2022,England
Westmorland and Furness,540,North West,2022,England
Wigan,490,North West,2022,England
Wirral,610,North West,2022,England
Wyre,205,North West,2022,England
Antrim and Newtownabbey,170,Northern Ireland,2022,Northern Ireland
Ards and North Down,285,Northern Ireland,2022,Northern Ireland
"Armagh City, Banbridge and Craigavon",235,Northern Ireland,2022,Northern Ireland
Belfast,1135,Northern Ireland,2022,Northern Ireland
Causeway Coast and Glens,135,Northern Ireland,2022,Northern Ireland
Derry City and Strabane,195,Northern Ireland,2022,Northern Ireland
Fermanagh and Omagh,105,Northern Ireland,2022,Northern Ireland
Lisburn and Castlereagh,290,Northern Ireland,2022,Northern Ireland
Mid Ulster,150,Northern Ireland,2022,Northern Ireland
Mid and East Antrim,160,Northern Ireland,2022,Northern Ireland
"Newry, Mourne and Down",235,Northern Ireland,2022,Northern Ireland
Aberdeen City,460,Scotland,2022,Scotland
Aberdeenshire,435,Scotland,2022,Scotland
Angus,120,Scotland,2022,Scotland
Argyll and Bute,160,Scotland,2022,Scotland
City of Edinburgh,2445,Scotland,2022,Scotland
Clackmannanshire,45,Scotland,2022,Scotland
Dumfries and Galloway,145,Scotland,2022,Scotland
Dundee City,215,Scotland,2022,Scotland
East Ayrshire,120,Scotland,2022,Scotland
East Dunbartonshire,270,Scotland,2022,Scotland
East Lothian,295,Scotland,2022,Scotland
East Renfrewshire,250,Scotland,2022,Scotland
Falkirk,185,Scotland,2022,Scotland
Fife,480,Scotland,2022,Scotland
Glasgow City,2045,Scotland,2022,Scotland
Highland,420,Scotland,2022,Scotland
Inverclyde,85,Scotland,2022,Scotland
Midlothian,160,Scotland,2022,Scotland
Moray,100,Scotland,2022,Scotland
Na h-Eileanan Siar,35,Scotland,2022,Scotland
North Ayrshire,120,Scotland,2022,Scotland
North Lanarkshire,315,Scotland,2022,Scotland
Orkney Islands,45,Scotland,2022,Scotland
Perth and Kinross,295,Scotland,2022,Scotland
Renfrewshire,285,Scotland,2022,Scotland
Scottish Borders,230,Scotland,2022,Scotland
Shetland Islands,30,Scotland,2022,Scotland
South Ayrshire,165,Scotland,2022,Scotland
South Lanarkshire,525,Scotland,2022,Scotland
Stirling,265,Scotland,2022,Scotland
West Dunbartonshire,90,Scotland,2022,Scotland
West Lothian,310,Scotland,2022,Scotland
Adur,220,South East,2022,England
Arun,415,South East,2022,England
Ashford,530,South East,2022,England
Basingstoke and Deane,1025,South East,2022,England
Bracknell Forest,690,South East,2022,England
Brighton and Hove,2770,South East,2022,England
Buckinghamshire,4345,South East,2022,England
Canterbury,550,South East,2022,England
Cherwell,695,South East,2022,England
Chichester,705,South East,2022,England
Crawley,310,South East,2022,England
Dartford,470,South East,2022,England
Dover,260,South East,2022,England
East Hampshire,765,South East,2022,England
Eastbourne,275,South East,2022,England
Eastleigh,485,South East,2022,England
Elmbridge,1535,South East,2022,England
Epsom and Ewell,545,South East,2022,England
Fareham,385,South East,2022,England
Folkestone and Hythe,300,South East,2022,England
Gosport,100,South East,2022,England
Gravesham,290,South East,2022,England
Guildford,1095,South East,2022,England
Hart,705,South East,2022,England
Hastings,380,South East,2022,England
Havant,370,South East,2022,England
Horsham,840,South East,2022,England
Isle of Wight,315,South East,2022,England
Lewes,600,South East,2022,England
Maidstone,605,South East,2022,England
Medway,610,South East,2022,England
Mid Sussex,950,South East,2022,England
Milton Keynes,1990,South East,2022,England
Mole Valley,690,South East,2022,England
New Forest,715,South East,2022,England
Oxford,760,South East,2022,England
Portsmouth,470,South East,2022,England
Reading,1220,South East,2022,England
Reigate and Banstead,910,South East,2022,England
Rother,355,South East,2022,England
Runnymede,535,South East,2022,England
Rushmoor,380,South East,2022,England
Sevenoaks,745,South East,2022,England
Slough,1025,South East,2022,England
South Oxfordshire,1105,South East,2022,England
Southampton,530,South East,2022,England
Spelthorne,670,South East,2022,England
Surrey Heath,595,South East,2022,England
Swale,330,South East,2022,England
Tandridge,555,South East,2022,England
Test Valley,590,South East,2022,England
Thanet,420,South East,2022,England
Tonbridge and Malling,640,South East,2022,England
Tunbridge Wells,915,South East,2022,England
Vale of White Horse,665,South East,2022,England
Waverley,1215,South East,2022,England
Wealden,845,South East,2022,England
West Berkshire,1080,South East,2022,England
West Oxfordshire,730,South East,2022,England
Winchester,890,South East,2022,England
Windsor and Maidenhead,1480,South East,2022,England
Woking,760,South East,2022,England
Wokingham,1790,South East,2022,England
Worthing,480,South East,2022,England
Bath and North East Somerset,1170,South West,2022,England
"Bournemouth, Christchurch and Poole",1485,South West,2022,England
"Bristol, City of",2675,South West,2022,England
Cheltenham,670,South West,2022,England
Cornwall,1470,South West,2022,England
Cotswold,610,South West,2022,England
Dorset,1360,South West,2022,England
East Devon,385,South West,2022,England
Exeter,395,South West,2022,England
Forest of Dean,220,South West,2022,England
Gloucester,300,South West,2022,England
Isles of Scilly,0,South West,2022,England
Mid Devon,205,South West,2022,England
North Devon,240,South West,2022,England
North Somerset,820,South West,2022,England
Plymouth,355,South West,2022,England
Somerset,1685,South West,2022,England
South Gloucestershire,880,South West,2022,England
South Hams,370,South West,2022,England
Stroud,645,South West,2022,England
Swindon,720,South West,2022,England
Teignbridge,350,South West,2022,England
Tewkesbury,430,South West,2022,England
Torbay,215,South West,2022,England
Torridge,120,South West,2022,England
West Devon,155,South West,2022,England
Wiltshire,2085,South West,2022,England
Blaenau Gwent,25,Wales,2022,Wales
Bridgend,180,Wales,2022,Wales
Caerphilly,195,Wales,2022,Wales
Cardiff,1335,Wales,2022,Wales
Carmarthenshire,305,Wales,2022,Wales
Ceredigion,135,Wales,2022,Wales
Conwy,165,Wales,2022,Wales
Denbighshire,140,Wales,2022,Wales
Flintshire,290,Wales,2022,Wales
Gwynedd,210,Wales,2022,Wales
Isle of Anglesey,105,Wales,2022,Wales
Merthyr Tydfil,45,Wales,2022,Wales
Monmouthshire,340,Wales,2022,Wales
Neath Port Talbot,140,Wales,2022,Wales
Newport,255,Wales,2022,Wales
Pembrokeshire,205,Wales,2022,Wales
Powys,300,Wales,2022,Wales
Rhondda Cynon Taf,265,Wales,2022,Wales
Swansea,390,Wales,2022,Wales
Torfaen,95,Wales,2022,Wales
Vale of Glamorgan,400,Wales,2022,Wales
Wrexham,180,Wales,2022,Wales
Birmingham,2720,West Midlands,2022,England
Bromsgrove,415,West Midlands,2022,England
Cannock Chase,135,West Midlands,2022,England
Coventry,795,West Midlands,2022,England
Dudley,500,West Midlands,2022,England
East Staffordshire,270,West Midlands,2022,England
"Herefordshire, County of",660,West Midlands,2022,England
Lichfield,345,West Midlands,2022,England
Malvern Hills,320,West Midlands,2022,England
Newcastle-under-Lyme,235,West Midlands,2022,England
North Warwickshire,130,West Midlands,2022,England
Nuneaton and Bedworth,195,West Midlands,2022,England
Redditch,195,West Midlands,2022,England
Rugby,405,West Midlands,2022,England
Sandwell,380,West Midlands,2022,England
Shropshire,825,West Midlands,2022,England
Solihull,830,West Midlands,2022,England
South Staffordshire,205,West Midlands,2022,England
Stafford,345,West Midlands,2022,England
Staffordshire Moorlands,145,West Midlands,2022,England
Stoke-on-Trent,310,West Midlands,2022,England
Stratford-on-Avon,715,West Midlands,2022,England
Tamworth,130,West Midlands,2022,England
Telford and Wrekin,405,West Midlands,2022,England
Walsall,340,West Midlands,2022,England
Warwick,905,West Midlands,2022,England
Wolverhampton,420,West Midlands,2022,England
Worcester,280,West Midlands,2022,England
Wychavon,460,West Midlands,2022,England
Wyre Forest,210,West Midlands,2022,England
Barnsley,340,Yorkshire and the Humber,2022,England
Bradford,990,Yorkshire and the Humber,2022,England
Calderdale,595,Yorkshire and the Humber,2022,England
Doncaster,370,Yorkshire and the Humber,2022,England
East Riding of Yorkshire,750,Yorkshire and the Humber,2022,England
"Kingston upon Hull, City of",270,Yorkshire and the Humber,2022,England
Kirklees,910,Yorkshire and the Humber,2022,England
Leeds,2895,Yorkshire and the Humber,2022,England
North East Lincolnshire,155,Yorkshire and the Humber,2022,England
North Lincolnshire,170,Yorkshire and the Humber,2022,England
North Yorkshire,1865,Yorkshire and the Humber,2022,England
Rotherham,410,Yorkshire and the Humber,2022,England
Sheffield,1565,Yorkshire and the Humber,2022,England
Wakefield,555,Yorkshire and the Humber,2022,England
York,680,Yorkshire and the Humber,2022,England
Babergh,305,East of England,2023,England
Basildon,510,East of England,2023,England
Bedford,650,East of England,2023,England
Braintree,515,East of England,2023,England
Breckland,240,East of England,2023,England
Brentwood,440,East of England,2023,England
Broadland,315,East of England,2023,England
Broxbourne,305,East of England,2023,England
Cambridge,835,East of England,2023,England
Castle Point,195,East of England,2023,England
Central Bedfordshire,1155,East of England,2023,England
Chelmsford,835,East of England,2023,England
Colchester,670,East of England,2023,England
Dacorum,1160,East of England,2023,England
East Cambridgeshire,320,East of England,2023,England
East Hertfordshire,885,East of England,2023,England
East Suffolk,655,East of England,2023,England
Epping Forest,705,East of England,2023,England
Fenland,150,East of England,2023,England
Great Yarmouth,100,East of England,2023,England
Harlow,220,East of England,2023,England
Hertsmere,990,East of England,2023,England
Huntingdonshire,630,East of England,2023,England
Ipswich,330,East of England,2023,England
King's Lynn and West Norfolk,265,East of England,2023,England
Luton,500,East of England,2023,England
Maldon,190,East of England,2023,England
Mid Suffolk,340,East of England,2023,England
North Hertfordshire,830,East of England,2023,England
North Norfolk,240,East of England,2023,England
Norwich,520,East of England,2023,England
Peterborough,530,East of England,2023,England
Rochford,245,East of England,2023,England
South Cambridgeshire,980,East of England,2023,England
South Norfolk,425,East of England,2023,England
Southend-on-Sea,665,East of England,2023,England
St Albans,1355,East of England,2023,England
Stevenage,325,East of England,2023,England
Tendring,250,East of England,2023,England
Three Rivers,695,East of England,2023,England
Thurrock,335,East of England,2023,England
Uttlesford,555,East of England,2023,England
Watford,695,East of England,2023,England
Welwyn Hatfield,585,East of England,2023,England
West Suffolk,480,East of England,2023,England
Amber Valley,245,East Midlands,2023,England
Ashfield,130,East Midlands,2023,England
Bassetlaw,180,East Midlands,2023,England
Blaby,260,East Midlands,2023,England
Bolsover,75,East Midlands,2023,England
Boston,50,East Midlands,2023,England
Broxtowe,245,East Midlands,2023,England
Charnwood,455,East Midlands,2023,England
Chesterfield,190,East Midlands,2023,England
Derby,550,East Midlands,2023,England
Derbyshire Dales,260,East Midlands,2023,England
East Lindsey,185,East Midlands,2023,England
Erewash,220,East Midlands,2023,England
Gedling,225,East Midlands,2023,England
Harborough,370,East Midlands,2023,England
High Peak,300,East Midlands,2023,England
Hinckley and Bosworth,285,East Midlands,2023,England
Leicester,795,East Midlands,2023,England
Lincoln,150,East Midlands,2023,England
Mansfield,100,East Midlands,2023,England
Melton,145,East Midlands,2023,England
Newark and Sherwood,315,East Midlands,2023,England
North East Derbyshire,150,East Midlands,2023,England
North Kesteven,185,East Midlands,2023,England
North Northamptonshire,835,East Midlands,2023,England
North West Leicestershire,265,East Midlands,2023,England
Nottingham,735,East Midlands,2023,England
Oadby and Wigston,140,East Midlands,2023,England
Rushcliffe,500,East Midlands,2023,England
Rutland,140,East Midlands,2023,England
South Derbyshire,210,East Midlands,2023,England
South Holland,130,East Midlands,2023,England
South Kesteven,440,East Midlands,2023,England
West Lindsey,155,East Midlands,2023,England
West Northamptonshire,1445,East Midlands,2023,England
Barking and Dagenham,510,London,2023,England
Barnet,3070,London,2023,England
Bexley,830,London,2023,England
Brent,1975,London,2023,England
Bromley,2105,London,2023,England
Camden,7915,London,2023,England
City of London,2815,London,2023,England
Croydon,1975,London,2023,England
Ealing,2390,London,2023,England
Enfield,1525,London,2023,England
Greenwich,1575,London,2023,England
Hackney,7230,London,2023,England
Hammersmith and Fulham,2545,London,2023,England
Haringey,2585,London,2023,England
Harrow,1735,London,2023,England
Havering,700,London,2023,England
Hillingdon,1505,London,2023,England
Hounslow,2250,London,2023,England
Islington,5700,London,2023,England
Kensington and Chelsea,2330,London,2023,England
Kingston upon Thames,1385,London,2023,England
Lambeth,2990,London,2023,England
Lewisham,2215,London,2023,England
Merton,1565,London,2023,England
Newham,1555,London,2023,England
Redbridge,1685,London,2023,England
Richmond upon Thames,2775,London,2023,England
Southwark,3785,London,2023,England
Sutton,1150,London,2023,England
Tower Hamlets,3510,London,2023,England
Waltham Forest,1945,London,2023,England
Wandsworth,2975,London,2023,England
Westminster,9715,London,2023,England
County Durham,610,North East,2023,England
Darlington,200,North East,2023,England
Gateshead,410,North East,2023,England
Hartlepool,90,North East,2023,England
Middlesbrough,175,North East,2023,England
Newcastle upon Tyne,890,North East,2023,England
North Tyneside,450,North East,2023,England
Northumberland,600,North East,2023,England
Redcar and Cleveland,130,North East,2023,England
South Tyneside,160,North East,2023,England
Stockton-on-Tees,265,North East,2023,England
Sunderland,270,North East,2023,England
Blackburn with Darwen,205,North West,2023,England
Blackpool,210,North West,2023,England
Bolton,490,North West,2023,England
Burnley,100,North West,2023,England
Bury,495,North West,2023,England
Cheshire East,1740,North West,2023,England
Cheshire West and Chester,1100,North West,2023,England
Chorley,285,North West,2023,England
Cumberland,325,North West,2023,England
Fylde,280,North West,2023,England
Halton,150,North West,2023,England
Hyndburn,70,North West,2023,England
Knowsley,140,North West,2023,England
Lancaster,275,North West,2023,England
Liverpool,1235,North West,2023,England
Manchester,2605,North West,2023,England
Oldham,375,North West,2023,England
Pendle,155,North West,2023,England
Preston,300,North West,2023,England
Ribble Valley,185,North West,2023,England
Rochdale,300,North West,2023,England
Rossendale,140,North West,2023,England
Salford,825,North West,2023,England
Sefton,480,North West,2023,England
South Ribble,250,North West,2023,England
St. Helens,225,North West,2023,England
Stockport,1185,North West,2023,England
Tameside,405,North West,2023,England
Trafford,1355,North West,2023,England
Warrington,615,North West,2023,England
West Lancashire,200,North West,2023,England
Westmorland and Furness,520,North West,2023,England
Wigan,480,North West,2023,England
Wirral,605,North West,2023,England
Wyre,200,North West,2023,England
Antrim and Newtownabbey,175,Northern Ireland,2023,Northern Ireland
Ards and North Down,280,Northern Ireland,2023,Northern Ireland
"Armagh City, Banbridge and Craigavon",245,Northern Ireland,2023,Northern Ireland
Belfast,1165,Northern Ireland,2023,Northern Ireland
Causeway Coast and Glens,130,Northern Ireland,2023,Northern Ireland
Derry City and Strabane,205,Northern Ireland,2023,Northern Ireland
Fermanagh and Omagh,110,Northern Ireland,2023,Northern Ireland
Lisburn and Castlereagh,290,Northern Ireland,2023,Northern Ireland
Mid Ulster,155,Northern Ireland,2023,Northern Ireland
Mid and East Antrim,160,Northern Ireland,2023,Northern Ireland
"Newry, Mourne and Down",245,Northern Ireland,2023,Northern Ireland
Aberdeen City,480,Scotland,2023,Scotland
Aberdeenshire,420,Scotland,2023,Scotland
Angus,120,Scotland,2023,Scotland
Argyll and Bute,160,Scotland,2023,Scotland
City of Edinburgh,2365,Scotland,2023,Scotland
Clackmannanshire,45,Scotland,2023,Scotland
Dumfries and Galloway,180,Scotland,2023,Scotland
Dundee City,200,Scotland,2023,Scotland
East Ayrshire,135,Scotland,2023,Scotland
East Dunbartonshire,270,Scotland,2023,Scotland
East Lothian,255,Scotland,2023,Scotland
East Renfrewshire,250,Scotland,2023,Scotland
Falkirk,180,Scotland,2023,Scotland
Fife,465,Scotland,2023,Scotland
Glasgow City,2080,Scotland,2023,Scotland
Highland,405,Scotland,2023,Scotland
Inverclyde,75,Scotland,2023,Scotland
Midlothian,145,Scotland,2023,Scotland
Moray,110,Scotland,2023,Scotland
Na h-Eileanan Siar,45,Scotland,2023,Scotland
North Ayrshire,130,Scotland,2023,Scotland
North Lanarkshire,315,Scotland,2023,Scotland
Orkney Islands,40,Scotland,2023,Scotland
Perth and Kinross,295,Scotland,2023,Scotland
Renfrewshire,290,Scotland,2023,Scotland
Scottish Borders,245,Scotland,2023,Scotland
Shetland Islands,30,Scotland,2023,Scotland
South Ayrshire,160,Scotland,2023,Scotland
South Lanarkshire,535,Scotland,2023,Scotland
Stirling,270,Scotland,2023,Scotland
West Dunbartonshire,80,Scotland,2023,Scotland
West Lothian,310,Scotland,2023,Scotland
Adur,230,South East,2023,England
Arun,430,South East,2023,England
Ashford,540,South East,2023,England
Basingstoke and Deane,940,South East,2023,England
Bracknell Forest,655,South East,2023,England
Brighton and Hove,2710,South East,2023,England
Buckinghamshire,4215,South East,2023,England
Canterbury,555,South East,2023,England
Cherwell,700,South East,2023,England
Chichester,730,South East,2023,England
Crawley,305,South East,2023,England
Dartford,465,South East,2023,England
Dover,235,South East,2023,England
East Hampshire,720,South East,2023,England
Eastbourne,260,South East,2023,England
Eastleigh,440,South East,2023,England
Elmbridge,1445,South East,2023,England
Epsom and Ewell,495,South East,2023,England
Fareham,365,South East,2023,England
Folkestone and Hythe,315,South East,2023,England
Gosport,80,South East,2023,England
Gravesham,245,South East,2023,England
Guildford,1050,South East,2023,England
Hart,635,South East,2023,England
Hastings,375,South East,2023,England
Havant,345,South East,2023,England
Horsham,790,South East,2023,England
Isle of Wight,315,South East,2023,England
Lewes,580,South East,2023,England
Maidstone,585,South East,2023,England
Medway,600,South East,2023,England
Mid Sussex,895,South East,2023,England
Milton Keynes,1925,South East,2023,England
Mole Valley,695,South East,2023,England
New Forest,705,South East,2023,England
Oxford,730,South East,2023,England
Portsmouth,455,South East,2023,England
Reading,1095,South East,2023,England
Reigate and Banstead,845,South East,2023,England
Rother,335,South East,2023,England
Runnymede,525,South East,2023,England
Rushmoor,345,South East,2023,England
Sevenoaks,740,South East,2023,England
Slough,950,South East,2023,England
South Oxfordshire,1085,South East,2023,England
Southampton,505,South East,2023,England
Spelthorne,655,South East,2023,England
Surrey Heath,565,South East,2023,England
Swale,310,South East,2023,England
Tandridge,510,South East,2023,England
Test Valley,540,South East,2023,England
Thanet,480,South East,2023,England
Tonbridge and Malling,650,South East,2023,England
Tunbridge Wells,895,South East,2023,England
Vale of White Horse,660,South East,2023,England
Waverley,1195,South East,2023,England
Wealden,835,South East,2023,England
West Berkshire,1055,South East,2023,England
West Oxfordshire,695,South East,2023,England
Winchester,855,South East,2023,England
Windsor and Maidenhead,1350,South East,2023,England
Woking,700,South East,2023,England
Wokingham,1680,South East,2023,England
Worthing,490,South East,2023,England
Bath and North East Somerset,1110,South West,2023,England
"Bournemouth, Christchurch and Poole",1420,South West,2023,England
"Bristol, City of",2650,South West,2023,England
Cheltenham,635,South West,2023,England
Cornwall,1485,South West,2023,England
Cotswold,610,South West,2023,England
Dorset,1395,South West,2023,England
East Devon,380,South West,2023,England
Exeter,385,South West,2023,England
Forest of Dean,220,South West,2023,England
Gloucester,255,South West,2023,England
Isles of Scilly,0,South West,2023,England
Mid Devon,190,South West,2023,England
North Devon,255,South West,2023,England
North Somerset,815,South West,2023,England
Plymouth,360,South West,2023,England
Somerset,1685,South West,2023,England
South Gloucestershire,810,South West,2023,England
South Hams,370,South West,2023,England
Stroud,645,South West,2023,England
Swindon,660,South West,2023,England
Teignbridge,335,South West,2023,England
Tewkesbury,395,South West,2023,England
Torbay,235,South West,2023,England
Torridge,125,South West,2023,England
West Devon,160,South West,2023,England
Wiltshire,2060,South West,2023,England
Blaenau Gwent,20,Wales,2023,Wales
Bridgend,175,Wales,2023,Wales
Caerphilly,200,Wales,2023,Wales
Cardiff,1315,Wales,2023,Wales
Carmarthenshire,305,Wales,2023,Wales
Ceredigion,135,Wales,2023,Wales
Conwy,175,Wales,2023,Wales
Denbighshire,150,Wales,2023,Wales
Flintshire,270,Wales,2023,Wales
Gwynedd,230,Wales,2023,Wales
Isle of Anglesey,90,Wales,2023,Wales
Merthyr Tydfil,40,Wales,2023,Wales
Monmouthshire,330,Wales,2023,Wales
Neath Port Talbot,135,Wales,2023,Wales
Newport,255,Wales,2023,Wales
Pembrokeshire,215,Wales,2023,Wales
Powys,305,Wales,2023,Wales
Rhondda Cynon Taf,265,Wales,2023,Wales
Swansea,380,Wales,2023,Wales
Torfaen,95,Wales,2023,Wales
Vale of Glamorgan,390,Wales,2023,Wales
Wrexham,180,Wales,2023,Wales
Birmingham,2705,West Midlands,2023,England
Bromsgrove,440,West Midlands,2023,England
Cannock Chase,145,West Midlands,2023,England
Coventry,725,West Midlands,2023,England
Dudley,495,West Midlands,2023,England
East Staffordshire,255,West Midlands,2023,England
"Herefordshire, County of",670,West Midlands,2023,England
Lichfield,355,West Midlands,2023,England
Malvern Hills,330,West Midlands,2023,England
Newcastle-under-Lyme,220,West Midlands,2023,England
North Warwickshire,130,West Midlands,2023,England
Nuneaton and Bedworth,180,West Midlands,2023,England
Redditch,200,West Midlands,2023,England
Rugby,390,West Midlands,2023,England
Sandwell,350,West Midlands,2023,England
Shropshire,810,West Midlands,2023,England
Solihull,770,West Midlands,2023,England
South Staffordshire,215,West Midlands,2023,England
Stafford,340,West Midlands,2023,England
Staffordshire Moorlands,150,West Midlands,2023,England
Stoke-on-Trent,290,West Midlands,2023,England
Stratford-on-Avon,720,West Midlands,2023,England
Tamworth,115,West Midlands,2023,England
Telford and Wrekin,395,West Midlands,2023,England
Walsall,345,West Midlands,2023,England
Warwick,870,West Midlands,2023,England
Wolverhampton,410,West Midlands,2023,England
Worcester,270,West Midlands,2023,England
Wychavon,445,West Midlands,2023,England
Wyre Forest,200,West Midlands,2023,England
Barnsley,330,Yorkshire and the Humber,2023,England
Bradford,915,Yorkshire and the Humber,2023,England
Calderdale,625,Yorkshire and the Humber,2023,England
Doncaster,400,Yorkshire and the Humber,2023,England
East Riding of Yorkshire,695,Yorkshire and the Humber,2023,England
"Kingston upon Hull, City of",295,Yorkshire and the Humber,2023,England
Kirklees,905,Yorkshire and the Humber,2023,England
Leeds,2820,Yorkshire and the Humber,2023,England
North East Lincolnshire,140,Yorkshire and the Humber,2023,England
North Lincolnshire,170,Yorkshire and the Humber,2023,England
North Yorkshire,1820,Yorkshire and the Humber,2023,England
Rotherham,405,Yorkshire and the Humber,2023,England
Sheffield,1575,Yorkshire and the Humber,2023,England
Wakefield,565,Yorkshire and the Humber,2023,England
York,690,Yorkshire and the Humber,2023,England
Babergh,320,East of England,2024,England
Basildon,510,East of England,2024,England
Bedford,650,East of England,2024,England
Braintree,490,East of England,2024,England
Breckland,235,East of England,2024,England
Brentwood,440,East of England,2024,England
Broadland,315,East of England,2024,England
Broxbourne,315,East of England,2024,England
Cambridge,830,East of England,2024,England
Castle Point,185,East of England,2024,England
Central Bedfordshire,1145,East of England,2024,England
Chelmsford,810,East of England,2024,England
Colchester,690,East of England,2024,England
Dacorum,1115,East of England,2024,England
East Cambridgeshire,315,East of England,2024,England
East Hertfordshire,895,East of England,2024,England
East Suffolk,655,East of England,2024,England
Epping Forest,680,East of England,2024,England
Fenland,130,East of England,2024,England
Great Yarmouth,90,East of England,2024,England
Harlow,230,East of England,2024,England
Hertsmere,1015,East of England,2024,England
Huntingdonshire,620,East of England,2024,England
Ipswich,345,East of England,2024,England
King's Lynn and West Norfolk,270,East of England,2024,England
Luton,505,East of England,2024,England
Maldon,190,East of England,2024,England
Mid Suffolk,325,East of England,2024,England
North Hertfordshire,830,East of England,2024,England
North Norfolk,225,East of England,2024,England
Norwich,530,East of England,2024,England
Peterborough,525,East of England,2024,England
Rochford,255,East of England,2024,England
South Cambridgeshire,965,East of England,2024,England
South Norfolk,420,East of England,2024,England
Southend-on-Sea,680,East of England,2024,England
St Albans,1345,East of England,2024,England
Stevenage,350,East of England,2024,England
Tendring,260,East of England,2024,England
Three Rivers,710,East of England,2024,England
Thurrock,310,East of England,2024,England
Uttlesford,535,East of England,2024,England
Watford,690,East of England,2024,England
Welwyn Hatfield,580,East of England,2024,England
West Suffolk,560,East of England,2024,England
Amber Valley,240,East Midlands,2024,England
Ashfield,115,East Midlands,2024,England
Bassetlaw,195,East Midlands,2024,England
Blaby,255,East Midlands,2024,England
Bolsover,80,East Midlands,2024,England
Boston,40,East Midlands,2024,England
Broxtowe,245,East Midlands,2024,England
Charnwood,445,East Midlands,2024,England
Chesterfield,195,East Midlands,2024,England
Derby,575,East Midlands,2024,England
Derbyshire Dales,260,East Midlands,2024,England
East Lindsey,195,East Midlands,2024,England
Erewash,210,East Midlands,2024,England
Gedling,220,East Midlands,2024,England
Harborough,385,East Midlands,2024,England
High Peak,305,East Midlands,2024,England
Hinckley and Bosworth,275,East Midlands,2024,England
Leicester,760,East Midlands,2024,England
Lincoln,155,East Midlands,2024,England
Mansfield,115,East Midlands,2024,England
Melton,150,East Midlands,2024,England
Newark and Sherwood,305,East Midlands,2024,England
North East Derbyshire,160,East Midlands,2024,England
North Kesteven,190,East Midlands,2024,England
North Northamptonshire,835,East Midlands,2024,England
North West Leicestershire,265,East Midlands,2024,England
Nottingham,730,East Midlands,2024,England
Oadby and Wigston,150,East Midlands,2024,England
Rushcliffe,500,East Midlands,2024,England
Rutland,150,East Midlands,2024,England
South Derbyshire,200,East Midlands,2024,England
South Holland,135,East Midlands,2024,England
South Kesteven,465,East Midlands,2024,England
West Lindsey,160,East Midlands,2024,England
West Northamptonshire,1440,East Midlands,2024,England
Barking and Dagenham,505,London,2024,England
Barnet,3080,London,2024,England
Bexley,795,London,2024,England
Brent,2000,London,2024,England
Bromley,2110,London,2024,England
Camden,8340,London,2024,England
City of London,2735,London,2024,England
Croydon,1935,London,2024,England
Ealing,2450,London,2024,England
Enfield,1550,London,2024,England
Greenwich,1585,London,2024,England
Hackney,7505,London,2024,England
Hammersmith and Fulham,2565,London,2024,England
Haringey,2560,London,2024,England
Harrow,1765,London,2024,England
Havering,700,London,2024,England
Hillingdon,1475,London,2024,England
Hounslow,2190,London,2024,England
Islington,5835,London,2024,England
Kensington and Chelsea,2300,London,2024,England
Kingston upon Thames,1370,London,2024,England
Lambeth,2945,London,2024,England
Lewisham,2255,London,2024,England
Merton,1555,London,2024,England
Newham,1570,London,2024,England
Redbridge,1650,London,2024,England
Richmond upon Thames,2730,London,2024,England
Southwark,3865,London,2024,England
Sutton,1145,London,2024,England
Tower Hamlets,3550,London,2024,England
Waltham Forest,2005,London,2024,England
Wandsworth,2900,London,2024,England
Westminster,10090,London,2024,England
County Durham,615,North East,2024,England
Darlington,210,North East,2024,England
Gateshead,400,North East,2024,England
Hartlepool,80,North East,2024,England
Middlesbrough,175,North East,2024,England
Newcastle upon Tyne,880,North East,2024,England
North Tyneside,470,North East,2024,England
Northumberland,605,North East,2024,England
Redcar and Cleveland,105,North East,2024,England
South Tyneside,170,North East,2024,England
Stockton-on-Tees,290,North East,2024,England
Sunderland,295,North East,2024,England
Blackburn with Darwen,205,North West,2024,England
Blackpool,185,North West,2024,England
Bolton,535,North West,2024,England
Burnley,110,North West,2024,England
Bury,530,North West,2024,England
Cheshire East,1795,North West,2024,England
Cheshire West and Chester,1145,North West,2024,England
Chorley,305,North West,2024,England
Cumberland,315,North West,2024,England
Fylde,295,North West,2024,England
Halton,165,North West,2024,England
Hyndburn,65,North West,2024,England
Knowsley,150,North West,2024,England
Lancaster,275,North West,2024,England
Liverpool,1230,North West,2024,England
Manchester,2720,North West,2024,England
Oldham,390,North West,2024,England
Pendle,150,North West,2024,England
Preston,305,North West,2024,England
Ribble Valley,180,North West,2024,England
Rochdale,305,North West,2024,England
Rossendale,145,North West,2024,England
Salford,870,North West,2024,England
Sefton,500,North West,2024,England
South Ribble,255,North West,2024,England
St. Helens,230,North West,2024,England
Stockport,1165,North West,2024,England
Tameside,390,North West,2024,England
Trafford,1365,North West,2024,England
Warrington,635,North West,2024,England
West Lancashire,220,North West,2024,England
Westmorland and Furness,535,North West,2024,England
Wigan,485,North West,2024,England
Wirral,580,North West,2024,England
Wyre,200,North West,2024,England
Antrim and Newtownabbey,170,Northern Ireland,2024,Northern Ireland
Ards and North Down,290,Northern Ireland,2024,Northern Ireland
"Armagh City, Banbridge and Craigavon",265,Northern Ireland,2024,Northern Ireland
Belfast,1210,Northern Ireland,2024,Northern Ireland
Causeway Coast and Glens,145,Northern Ireland,2024,Northern Ireland
Derry City and Strabane,205,Northern Ireland,2024,Northern Ireland
Fermanagh and Omagh,115,Northern Ireland,2024,Northern Ireland
Lisburn and Castlereagh,290,Northern Ireland,2024,Northern Ireland
Mid Ulster,165,Northern Ireland,2024,Northern Ireland
Mid and East Antrim,170,Northern Ireland,2024,Northern Ireland
"Newry, Mourne and Down",225,Northern Ireland,2024,Northern Ireland
Aberdeen City,510,Scotland,2024,Scotland
Aberdeenshire,410,Scotland,2024,Scotland
Angus,120,Scotland,2024,Scotland
Argyll and Bute,155,Scotland,2024,Scotland
City of Edinburgh,2345,Scotland,2024,Scotland
Clackmannanshire,55,Scotland,2024,Scotland
Dumfries and Galloway,170,Scotland,2024,Scotland
Dundee City,205,Scotland,2024,Scotland
East Ayrshire,115,Scotland,2024,Scotland
East Dunbartonshire,265,Scotland,2024,Scotland
East Lothian,270,Scotland,2024,Scotland
East Renfrewshire,265,Scotland,2024,Scotland
Falkirk,170,Scotland,2024,Scotland
Fife,480,Scotland,2024,Scotland
Glasgow City,2070,Scotland,2024,Scotland
Highland,440,Scotland,2024,Scotland
Inverclyde,80,Scotland,2024,Scotland
Midlothian,145,Scotland,2024,Scotland
Moray,105,Scotland,2024,Scotland
Na h-Eileanan Siar,55,Scotland,2024,Scotland
North Ayrshire,125,Scotland,2024,Scotland
North Lanarkshire,305,Scotland,2024,Scotland
Orkney Islands,40,Scotland,2024,Scotland
Perth and Kinross,315,Scotland,2024,Scotland
Renfrewshire,300,Scotland,2024,Scotland
Scottish Borders,235,Scotland,2024,Scotland
Shetland Islands,25,Scotland,2024,Scotland
South Ayrshire,165,Scotland,2024,Scotland
South Lanarkshire,510,Scotland,2024,Scotland
Stirling,275,Scotland,2024,Scotland
West Dunbartonshire,95,Scotland,2024,Scotland
West Lothian,315,Scotland,2024,Scotland
Adur,235,South East,2024,England
Arun,430,South East,2024,England
Ashford,570,South East,2024,England
Basingstoke and Deane,910,South East,2024,England
Bracknell Forest,635,South East,2024,England
Brighton and Hove,2800,South East,2024,England
Buckinghamshire,4255,South East,2024,England
Canterbury,575,South East,2024,England
Cherwell,675,South East,2024,England
Chichester,710,South East,2024,England
Crawley,295,South East,2024,England
Dartford,465,South East,2024,England
Dover,250,South East,2024,England
East Hampshire,765,South East,2024,England
Eastbourne,275,South East,2024,England
Eastleigh,460,South East,2024,England
Elmbridge,1415,South East,2024,England
Epsom and Ewell,530,South East,2024,England
Fareham,340,South East,2024,England
Folkestone and Hythe,320,South East,2024,England
Gosport,85,South East,2024,England
Gravesham,225,South East,2024,England
Guildford,1025,South East,2024,England
Hart,610,South East,2024,England
Hastings,400,South East,2024,England
Havant,325,South East,2024,England
Horsham,790,South East,2024,England
Isle of Wight,315,South East,2024,England
Lewes,535,South East,2024,England
Maidstone,600,South East,2024,England
Medway,625,South East,2024,England
Mid Sussex,870,South East,2024,England
Milton Keynes,1845,South East,2024,England
Mole Valley,695,South East,2024,England
New Forest,685,South East,2024,England
Oxford,720,South East,2024,England
Portsmouth,465,South East,2024,England
Reading,1075,South East,2024,England
Reigate and Banstead,875,South East,2024,England
Rother,340,South East,2024,England
Runnymede,535,South East,2024,England
Rushmoor,345,South East,2024,England
Sevenoaks,725,South East,2024,England
Slough,930,South East,2024,England
South Oxfordshire,1065,South East,2024,England
Southampton,485,South East,2024,England
Spelthorne,620,South East,2024,England
Surrey Heath,560,South East,2024,England
Swale,345,South East,2024,England
Tandridge,510,South East,2024,England
Test Valley,545,South East,2024,England
Thanet,525,South East,2024,England
Tonbridge and Malling,630,South East,2024,England
Tunbridge Wells,870,South East,2024,England
Vale of White Horse,625,South East,2024,England
Waverley,1180,South East,2024,England
Wealden,870,South East,2024,England
West Berkshire,1005,South East,2024,England
West Oxfordshire,710,South East,2024,England
Winchester,865,South East,2024,England
Windsor and Maidenhead,1390,South East,2024,England
Woking,710,South East,2024,England
Wokingham,1660,South East,2024,England
Worthing,525,South East,2024,England
Bath and North East Somerset,1165,South West,2024,England
"Bournemouth, Christchurch and Poole",1450,South West,2024,England
"Bristol, City of",2675,South West,2024,England
Cheltenham,645,South West,2024,England
Cornwall,1525,South West,2024,England
Cotswold,615,South West,2024,England
Dorset,1385,South West,2024,England
East Devon,395,South West,2024,England
Exeter,385,South West,2024,England
Forest of Dean,215,South West,2024,England
Gloucester,265,South West,2024,England
Isles of Scilly,0,South West,2024,England
Mid Devon,205,South West,2024,England
North Devon,245,South West,2024,England
North Somerset,830,South West,2024,England
Plymouth,370,South West,2024,England
Somerset,1705,South West,2024,England
South Gloucestershire,820,South West,2024,England
South Hams,360,South West,2024,England
Stroud,650,South West,2024,England
Swindon,640,South West,2024,England
Teignbridge,375,South West,2024,England
Tewkesbury,395,South West,2024,England
Torbay,260,South West,2024,England
Torridge,120,South West,2024,England
West Devon,165,South West,2024,England
Wiltshire,2015,South West,2024,England
Blaenau Gwent,25,Wales,2024,Wales
Bridgend,175,Wales,2024,Wales
Caerphilly,190,Wales,2024,Wales
Cardiff,1335,Wales,2024,Wales
Carmarthenshire,300,Wales,2024,Wales
Ceredigion,150,Wales,2024,Wales
Conwy,185,Wales,2024,Wales
Denbighshire,135,Wales,2024,Wales
Flintshire,260,Wales,2024,Wales
Gwynedd,250,Wales,2024,Wales
Isle of Anglesey,105,Wales,2024,Wales
Merthyr Tydfil,35,Wales,2024,Wales
Monmouthshire,345,Wales,2024,Wales
Neath Port Talbot,140,Wales,2024,Wales
Newport,245,Wales,2024,Wales
Pembrokeshire,220,Wales,2024,Wales
Powys,310,Wales,2024,Wales
Rhondda Cynon Taf,270,Wales,2024,Wales
Swansea,375,Wales,2024,Wales
Torfaen,100,Wales,2024,Wales
Vale of Glamorgan,405,Wales,2024,Wales
Wrexham,165,Wales,2024,Wales
Birmingham,2700,West Midlands,2024,England
Bromsgrove,445,West Midlands,2024,England
Cannock Chase,155,West Midlands,2024,England
Coventry,775,West Midlands,2024,England
Dudley,485,West Midlands,2024,England
East Staffordshire,255,West Midlands,2024,England
"Herefordshire, County of",680,West Midlands,2024,England
Lichfield,345,West Midlands,2024,England
Malvern Hills,320,West Midlands,2024,England
Newcastle-under-Lyme,220,West Midlands,2024,England
North Warwickshire,135,West Midlands,2024,England
Nuneaton and Bedworth,185,West Midlands,2024,England
Redditch,200,West Midlands,2024,England
Rugby,425,West Midlands,2024,England
Sandwell,370,West Midlands,2024,England
Shropshire,820,West Midlands,2024,England
Solihull,775,West Midlands,2024,England
South Staffordshire,210,West Midlands,2024,England
Stafford,340,West Midlands,2024,England
Staffordshire Moorlands,155,West Midlands,2024,England
Stoke-on-Trent,290,West Midlands,2024,England
Stratford-on-Avon,735,West Midlands,2024,England
Tamworth,135,West Midlands,2024,England
Telford and Wrekin,410,West Midlands,2024,England
Walsall,355,West Midlands,2024,England
Warwick,915,West Midlands,2024,England
Wolverhampton,425,West Midlands,2024,England
Worcester,270,West Midlands,2024,England
Wychavon,470,West Midlands,2024,England
Wyre Forest,220,West Midlands,2024,England
Barnsley,310,Yorkshire and the Humber,2024,England
Bradford,915,Yorkshire and the Humber,2024,England
Calderdale,625,Yorkshire and the Humber,2024,England
Doncaster,410,Yorkshire and the Humber,2024,England
East Riding of Yorkshire,705,Yorkshire and the Humber,2024,England
"Kingston upon Hull, City of",290,Yorkshire and the Humber,2024,England
Kirklees,905,Yorkshire and the Humber,2024,England
Leeds,2885,Yorkshire and the Humber,2024,England
North East Lincolnshire,140,Yorkshire and the Humber,2024,England
North Lincolnshire,185,Yorkshire and the Humber,2024,England
North Yorkshire,1845,Yorkshire and the Humber,2024,England
Rotherham,390,Yorkshire and the Humber,2024,England
Sheffield,1570,Yorkshire and the Humber,2024,England
Wakefield,560,Yorkshire and the Humber,2024,England
York,690,Yorkshire and the Humber,2024,England
Babergh,305,East of England,2025,England
Basildon,510,East of England,2025,England
Bedford,645,East of England,2025,England
Braintree,510,East of England,2025,England
Breckland,250,East of England,2025,England
Brentwood,435,East of England,2025,England
Broadland,320,East of England,2025,England
Broxbourne,325,East of England,2025,England
Cambridge,850,East of England,2025,England
Castle Point,195,East of England,2025,England
Central Bedfordshire,1155,East of England,2025,England
Chelmsford,855,East of England,2025,England
Colchester,705,East of England,2025,England
Dacorum,1100,East of England,2025,England
East Cambridgeshire,310,East of England,2025,England
East Hertfordshire,900,East of England,2025,England
East Suffolk,655,East of England,2025,England
Epping Forest,660,East of England,2025,England
Fenland,130,East of England,2025,England
Great Yarmouth,95,East of England,2025,England
Harlow,235,East of England,2025,England
Hertsmere,1000,East of England,2025,England
Huntingdonshire,620,East of England,2025,England
Ipswich,340,East of England,2025,England
King's Lynn and West Norfolk,285,East of England,2025,England
Luton,475,East of England,2025,England
Maldon,205,East of England,2025,England
Mid Suffolk,335,East of England,2025,England
North Hertfordshire,840,East of England,2025,England
North Norfolk,235,East of England,2025,England
Norwich,565,East of England,2025,England
Peterborough,515,East of England,2025,England
Rochford,260,East of England,2025,England
South Cambridgeshire,940,East of England,2025,England
South Norfolk,425,East of England,2025,England
Southend-on-Sea,675,East of England,2025,England
St Albans,1315,East of England,2025,England
Stevenage,365,East of England,2025,England
Tendring,265,East of England,2025,England
Three Rivers,715,East of England,2025,England
Thurrock,320,East of England,2025,England
Uttlesford,560,East of England,2025,England
Watford,665,East of England,2025,England
Welwyn Hatfield,595,East of England,2025,England
West Suffolk,585,East of England,2025,England
Amber Valley,255,East Midlands,2025,England
Ashfield,130,East Midlands,2025,England
Bassetlaw,195,East Midlands,2025,England
Blaby,255,East Midlands,2025,England
Bolsover,85,East Midlands,2025,England
Boston,30,East Midlands,2025,England
Broxtowe,250,East Midlands,2025,England
Charnwood,440,East Midlands,2025,England
Chesterfield,185,East Midlands,2025,England
Derby,570,East Midlands,2025,England
Derbyshire Dales,250,East Midlands,2025,England
East Lindsey,195,East Midlands,2025,England
Erewash,225,East Midlands,2025,England
Gedling,225,East Midlands,2025,England
Harborough,390,East Midlands,2025,England
High Peak,305,East Midlands,2025,England
Hinckley and Bosworth,280,East Midlands,2025,England
Leicester,780,East Midlands,2025,England
Lincoln,150,East Midlands,2025,England
Mansfield,125,East Midlands,2025,England
Melton,160,East Midlands,2025,England
Newark and Sherwood,300,East Midlands,2025,England
North East Derbyshire,165,East Midlands,2025,England
North Kesteven,200,East Midlands,2025,England
North Northamptonshire,800,East Midlands,2025,England
North West Leicestershire,265,East Midlands,2025,England
Nottingham,730,East Midlands,2025,England
Oadby and Wigston,135,East Midlands,2025,England
Rushcliffe,490,East Midlands,2025,England
Rutland,140,East Midlands,2025,England
South Derbyshire,220,East Midlands,2025,England
South Holland,125,East Midlands,2025,England
South Kesteven,460,East Midlands,2025,England
West Lindsey,160,East Midlands,2025,England
West Northamptonshire,1480,East Midlands,2025,England
Barking and Dagenham,490,London,2025,England
Barnet,3085,London,2025,England
Bexley,800,London,2025,England
Brent,1940,London,2025,England
Bromley,2125,London,2025,England
Camden,8475,London,2025,England
City of London,2850,London,2025,England
Croydon,1960,London,2025,England
Ealing,2440,London,2025,England
Enfield,1560,London,2025,England
Greenwich,1595,London,2025,England
Hackney,7550,London,2025,England
Hammersmith and Fulham,2570,London,2025,England
Haringey,2560,London,2025,England
Harrow,1780,London,2025,England
Havering,710,London,2025,England
Hillingdon,1455,London,2025,England
Hounslow,2140,London,2025,England
Islington,6085,London,2025,England
Kensington and Chelsea,2305,London,2025,England
Kingston upon Thames,1340,London,2025,England
Lambeth,2905,London,2025,England
Lewisham,2250,London,2025,England
Merton,1485,London,2025,England
Newham,1575,London,2025,England
Redbridge,1610,London,2025,England
Richmond upon Thames,2685,London,2025,England
Southwark,3860,London,2025,England
Sutton,1140,London,2025,England
Tower Hamlets,3530,London,2025,England
Waltham Forest,2100,London,2025,England
Wandsworth,2900,London,2025,England
Westminster,10370,London,2025,England
County Durham,610,North East,2025,England
Darlington,180,North East,2025,England
Gateshead,405,North East,2025,England
Hartlepool,80,North East,2025,England
Middlesbrough,200,North East,2025,England
Newcastle upon Tyne,890,North East,2025,England
North Tyneside,490,North East,2025,England
Northumberland,615,North East,2025,England
Redcar and Cleveland,115,North East,2025,England
South Tyneside,170,North East,2025,England
Stockton-on-Tees,320,North East,2025,England
Sunderland,280,North East,2025,England
Blackburn with Darwen,200,North West,2025,England
Blackpool,180,North West,2025,England
Bolton,625,North West,2025,England
Burnley,105,North West,2025,England
Bury,605,North West,2025,England
Cheshire East,1785,North West,2025,England
Cheshire West and Chester,1125,North West,2025,England
Chorley,305,North West,2025,England
Cumberland,315,North West,2025,England
Fylde,295,North West,2025,England
Halton,160,North West,2025,England
Hyndburn,70,North West,2025,England
Knowsley,140,North West,2025,England
Lancaster,280,North West,2025,England
Liverpool,1230,North West,2025,England
Manchester,2715,North West,2025,England
Oldham,390,North West,2025,England
Pendle,140,North West,2025,England
Preston,305,North West,2025,England
Ribble Valley,185,North West,2025,England
Rochdale,320,North West,2025,England
Rossendale,150,North West,2025,England
Salford,855,North West,2025,England
Sefton,500,North West,2025,England
South Ribble,260,North West,2025,England
St. Helens,230,North West,2025,England
Stockport,1170,North West,2025,England
Tameside,400,North West,2025,England
Trafford,1350,North West,2025,England
Warrington,665,North West,2025,England
West Lancashire,240,North West,2025,England
Westmorland and Furness,525,North West,2025,England
Wigan,510,North West,2025,England
Wirral,590,North West,2025,England
Wyre,200,North West,2025,England
Antrim and Newtownabbey,190,Northern Ireland,2025,Northern Ireland
Ards and North Down,320,Northern Ireland,2025,Northern Ireland
"Armagh City, Banbridge and Craigavon",265,Northern Ireland,2025,Northern Ireland
Belfast,1235,Northern Ireland,2025,Northern Ireland
Causeway Coast and Glens,155,Northern Ireland,2025,Northern Ireland
Derry City and Strabane,225,Northern Ireland,2025,Northern Ireland
Fermanagh and Omagh,130,Northern Ireland,2025,Northern Ireland
Lisburn and Castlereagh,320,Northern Ireland,2025,Northern Ireland
Mid Ulster,180,Northern Ireland,2025,Northern Ireland
Mid and East Antrim,180,Northern Ireland,2025,Northern Ireland
"Newry, Mourne and Down",235,Northern Ireland,2025,Northern Ireland
Aberdeen City,495,Scotland,2025,Scotland
Aberdeenshire,405,Scotland,2025,Scotland
Angus,130,Scotland,2025,Scotland
Argyll and Bute,165,Scotland,2025,Scotland
City of Edinburgh,2355,Scotland,2025,Scotland
Clackmannanshire,65,Scotland,2025,Scotland
Dumfries and Galloway,160,Scotland,2025,Scotland
Dundee City,210,Scotland,2025,Scotland
East Ayrshire,100,Scotland,2025,Scotland
East Dunbartonshire,275,Scotland,2025,Scotland
East Lothian,275,Scotland,2025,Scotland
East Renfrewshire,260,Scotland,2025,Scotland
Falkirk,170,Scotland,2025,Scotland
Fife,480,Scotland,2025,Scotland
Glasgow City,2090,Scotland,2025,Scotland
Highland,435,Scotland,2025,Scotland
Inverclyde,80,Scotland,2025,Scotland
Midlothian,140,Scotland,2025,Scotland
Moray,105,Scotland,2025,Scotland
Na h-Eileanan Siar,55,Scotland,2025,Scotland
North Ayrshire,110,Scotland,2025,Scotland
North Lanarkshire,325,Scotland,2025,Scotland
Orkney Islands,45,Scotland,2025,Scotland
Perth and Kinross,315,Scotland,2025,Scotland
Renfrewshire,275,Scotland,2025,Scotland
Scottish Borders,235,Scotland,2025,Scotland
Shetland Islands,25,Scotland,2025,Scotland
South Ayrshire,175,Scotland,2025,Scotland
South Lanarkshire,530,Scotland,2025,Scotland
Stirling,265,Scotland,2025,Scotland
West Dunbartonshire,90,Scotland,2025,Scotland
West Lothian,310,Scotland,2025,Scotland
Adur,235,South East,2025,England
Arun,430,South East,2025,England
Ashford,570,South East,2025,England
Basingstoke and Deane,870,South East,2025,England
Bracknell Forest,640,South East,2025,England
Brighton and Hove,2825,South East,2025,England
Buckinghamshire,4230,South East,2025,England
Canterbury,570,South East,2025,England
Cherwell,680,South East,2025,England
Chichester,725,South East,2025,England
Crawley,285,South East,2025,England
Dartford,480,South East,2025,England
Dover,250,South East,2025,England
East Hampshire,755,South East,2025,England
Eastbourne,285,South East,2025,England
Eastleigh,460,South East,2025,England
Elmbridge,1430,South East,2025,England
Epsom and Ewell,535,South East,2025,England
Fareham,350,South East,2025,England
Folkestone and Hythe,345,South East,2025,England
Gosport,100,South East,2025,England
Gravesham,240,South East,2025,England
Guildford,1055,South East,2025,England
Hart,645,South East,2025,England
Hastings,420,South East,2025,England
Havant,320,South East,2025,England
Horsham,780,South East,2025,England
Isle of Wight,320,South East,2025,England
Lewes,540,South East,2025,England
Maidstone,620,South East,2025,England
Medway,615,South East,2025,England
Mid Sussex,865,South East,2025,England
Milton Keynes,1860,South East,2025,England
Mole Valley,700,South East,2025,England
New Forest,685,South East,2025,England
Oxford,685,South East,2025,England
Portsmouth,460,South East,2025,England
Reading,1040,South East,2025,England
Reigate and Banstead,870,South East,2025,England
Rother,370,South East,2025,England
Runnymede,550,South East,2025,England
Rushmoor,375,South East,2025,England
Sevenoaks,745,South East,2025,England
Slough,875,South East,2025,England
South Oxfordshire,1065,South East,2025,England
Southampton,495,South East,2025,England
Spelthorne,635,South East,2025,England
Surrey Heath,565,South East,2025,England
Swale,330,South East,2025,England
Tandridge,525,South East,2025,England
Test Valley,525,South East,2025,England
Thanet,560,South East,2025,England
Tonbridge and Malling,650,South East,2025,England
Tunbridge Wells,905,South East,2025,England
Vale of White Horse,630,South East,2025,England
Waverley,1155,South East,2025,England
Wealden,895,South East,2025,England
West Berkshire,1015,South East,2025,England
West Oxfordshire,740,South East,2025,England
Winchester,835,South East,2025,England
Windsor and Maidenhead,1360,South East,2025,England
Woking,730,South East,2025,England
Wokingham,1655,South East,2025,England
Worthing,545,South East,2025,England
Bath and North East Somerset,1170,South West,2025,England
"Bournemouth, Christchurch and Poole",1435,South West,2025,England
"Bristol, City of",2670,South West,2025,England
Cheltenham,675,South West,2025,England
Cornwall,1540,South West,2025,England
Cotswold,580,South West,2025,England
Dorset,1400,South West,2025,England
East Devon,400,South West,2025,England
Exeter,410,South West,2025,England
Forest of Dean,225,South West,2025,England
Gloucester,235,South West,2025,England
Isles of Scilly,0,South West,2025,England
Mid Devon,205,South West,2025,England
North Devon,250,South West,2025,England
North Somerset,800,South West,2025,England
Plymouth,375,South West,2025,England
Somerset,1720,South West,2025,England
South Gloucestershire,845,South West,2025,England
South Hams,370,South West,2025,England
Stroud,640,South West,2025,England
Swindon,625,South West,2025,England
Teignbridge,360,South West,2025,England
Tewkesbury,390,South West,2025,England
Torbay,260,South West,2025,England
Torridge,120,South West,2025,England
West Devon,165,South West,2025,England
Wiltshire,2040,South West,2025,England
Blaenau Gwent,35,Wales,2025,Wales
Bridgend,195,Wales,2025,Wales
Caerphilly,175,Wales,2025,Wales
Cardiff,1365,Wales,2025,Wales
Carmarthenshire,315,Wales,2025,Wales
Ceredigion,140,Wales,2025,Wales
Conwy,180,Wales,2025,Wales
Denbighshire,140,Wales,2025,Wales
Flintshire,255,Wales,2025,Wales
Gwynedd,245,Wales,2025,Wales
Isle of Anglesey,100,Wales,2025,Wales
Merthyr Tydfil,25,Wales,2025,Wales
Monmouthshire,355,Wales,2025,Wales
Neath Port Talbot,115,Wales,2025,Wales
Newport,260,Wales,2025,Wales
Pembrokeshire,210,Wales,2025,Wales
Powys,310,Wales,2025,Wales
Rhondda Cynon Taf,270,Wales,2025,Wales
Swansea,385,Wales,2025,Wales
Torfaen,105,Wales,2025,Wales
Vale of Glamorgan,425,Wales,2025,Wales
Wrexham,170,Wales,2025,Wales
Birmingham,2740,West Midlands,2025,England
Bromsgrove,470,West Midlands,2025,England
Cannock Chase,160,West Midlands,2025,England
Coventry,745,West Midlands,2025,England
Dudley,500,West Midlands,2025,England
East Staffordshire,255,West Midlands,2025,England
"Herefordshire, County of",670,West Midlands,2025,England
Lichfield,355,West Midlands,2025,England
Malvern Hills,330,West Midlands,2025,England
Newcastle-under-Lyme,210,West Midlands,2025,England
North Warwickshire,125,West Midlands,2025,England
Nuneaton and Bedworth,175,West Midlands,2025,England
Redditch,185,West Midlands,2025,England
Rugby,440,West Midlands,2025,England
Sandwell,390,West Midlands,2025,England
Shropshire,855,West Midlands,2025,England
Solihull,765,West Midlands,2025,England
South Staffordshire,200,West Midlands,2025,England
Stafford,330,West Midlands,2025,England
Staffordshire Moorlands,165,West Midlands,2025,England
Stoke-on-Trent,285,West Midlands,2025,England
Stratford-on-Avon,730,West Midlands,2025,England
Tamworth,135,West Midlands,2025,England
Telford and Wrekin,395,West Midlands,2025,England
Walsall,365,West Midlands,2025,England
Warwick,910,West Midlands,2025,England
Wolverhampton,430,West Midlands,2025,England
Worcester,295,West Midlands,2025,England
Wychavon,490,West Midlands,2025,England
Wyre Forest,225,West Midlands,2025,England
Barnsley,325,Yorkshire and the Humber,2025,England
Bradford,910,Yorkshire and the Humber,2025,England
Calderdale,635,Yorkshire and the Humber,2025,England
Doncaster,445,Yorkshire and the Humber,2025,England
East Riding of Yorkshire,700,Yorkshire and the Humber,2025,England
"Kingston upon Hull, City of",310,Yorkshire and the Humber,2025,England
Kirklees,915,Yorkshire and the Humber,2025,England
Leeds,2870,Yorkshire and the Humber,2025,England
North East Lincolnshire,135,Yorkshire and the Humber,2025,England
North Lincolnshire,175,Yorkshire and the Humber,2025,England
North Yorkshire,1830,Yorkshire and the Humber,2025,England
Rotherham,395,Yorkshire and the Humber,2025,England
Sheffield,1605,Yorkshire and the Humber,2025,England
Wakefield,600,Yorkshire and the Humber,2025,England
York,700,Yorkshire and the Humber,2025,England
